,Rk,Name,Tm,FantPos,Age,G,GS,Cmp,PassAtt,PassYds,PassTD,Int,RushAtt,RushYds,Y/A,RushTD,Tgt,Rec,RecYds,Y/R,RecTD,DKPt,FDPt,VBD,PosRank,OvRank,FantPprPt,FantPprPtpg
0,1,Aaron Rodgers,GNB,QB,33.0,16,16,401,610,4428,40,7,67,369,5.51,4,0,0,0,,0,397.0,387.0,114.0,1,3.0,382.0,23.88
1,2,Matt Ryan,ATL,QB,31.0,16,16,373,534,4944,38,7,35,117,3.34,0,0,0,0,,0,362.5,354.5,88.0,2,9.0,355.0,22.19
2,3,Drew Brees,NOR,QB,37.0,16,16,471,673,5208,37,15,23,20,0.87,2,0,0,0,,0,354.3,347.3,68.0,3,15.0,336.0,21.0
3,4,David Johnson,ARI,RB,25.0,16,16,0,0,0,0,0,293,1239,4.23,16,120,80,879,10.99,4,416.8,367.8,191.0,1,1.0,408.0,25.5
4,5,Andrew Luck,IND,QB,27.0,15,15,346,545,4240,31,13,64,341,5.33,2,0,0,0,,0,331.7,320.7,42.0,4,25.0,310.0,20.67
5,6,Kirk Cousins,WAS,QB,28.0,16,16,406,606,4917,25,12,34,96,2.82,4,0,0,0,,0,318.3,312.3,38.0,5,29.0,306.0,19.12
6,7,Ezekiel Elliott,DAL,RB,21.0,15,15,0,0,0,0,0,322,1631,5.07,15,39,32,363,11.34,1,332.4,309.4,156.0,2,2.0,325.0,21.67
7,8,Dak Prescott,DAL,QB,23.0,16,16,311,459,3667,23,4,57,282,4.95,6,0,0,0,,0,300.9,290.9,25.0,6,38.0,293.0,18.31
8,9,Matthew Stafford,DET,QB,28.0,16,16,388,594,4327,24,10,37,207,5.59,2,1,0,0,,0,297.8,289.8,14.0,7,52.0,282.0,17.62
9,10,Tyrod Taylor,BUF,QB,27.0,15,15,269,436,3023,17,6,95,580,6.11,6,0,0,0,,0,284.9,276.9,3.0,8,66.0,271.0,18.07
10,11,Derek Carr,OAK,QB,25.0,15,15,357,560,3937,28,6,39,70,1.79,0,0,0,0,,0,280.5,274.5,3.0,9,67.0,270.0,18.0
11,12,Blake Bortles,JAX,QB,24.0,16,16,368,625,3905,23,16,58,359,6.19,3,1,1,20,20.0,1,299.1,286.6,2.0,10,68.0,271.0,16.94
12,13,Russell Wilson,SEA,QB,28.0,16,16,353,546,4219,21,11,72,259,3.6,1,2,2,14,7.0,1,289.1,280.1,2.0,11,69.0,272.0,17.0
13,14,Marcus Mariota,TEN,QB,23.0,15,15,276,451,3426,26,9,60,349,5.82,2,1,0,0,,0,279.9,268.9,,12,,268.0,17.87
14,15,Ben Roethlisberger,PIT,QB,34.0,14,14,328,509,3819,29,13,16,14,0.88,1,0,0,0,,0,270.2,265.2,,13,,266.0,19.0
15,16,Philip Rivers,SDG,QB,35.0,16,16,349,578,4386,33,21,14,35,2.5,0,0,0,0,,0,287.9,279.9,,14,,263.0,16.44
16,17,Jameis Winston,TAM,QB,22.0,16,16,345,567,4090,28,18,53,165,3.11,1,0,0,0,,0,286.1,274.1,,15,,262.0,16.38
17,18,Tom Brady,NWE,QB,39.0,12,12,291,432,3554,28,2,28,64,2.29,0,0,0,0,,0,263.6,260.6,,17,,261.0,21.75
18,19,Andy Dalton,CIN,QB,29.0,16,16,364,563,4206,18,8,46,184,4.0,4,0,0,0,,0,277.6,268.6,,16,,261.0,16.31
19,20,Cam Newton,CAR,QB,27.0,15,14,270,510,3509,19,14,90,359,3.99,5,0,0,0,,0,276.3,268.3,,18,,260.0,17.33
20,21,Carson Palmer,ARI,QB,37.0,15,15,364,597,4233,26,14,14,38,2.71,0,0,0,0,,0,264.1,257.1,,19,,249.0,16.6
21,22,LeSean McCoy,BUF,RB,28.0,15,15,0,0,0,0,0,234,1267,5.41,13,57,50,356,7.12,1,304.3,273.3,111.0,3,4.0,298.0,19.87
22,23,Joe Flacco,BAL,QB,31.0,16,16,436,672,4317,20,15,21,58,2.76,2,0,0,0,,0,263.5,257.5,,20,,244.0,15.25
23,24,DeMarco Murray,TEN,RB,28.0,16,16,1,2,10,1,0,293,1287,4.39,9,67,53,377,7.11,3,300.8,267.3,106.0,4,5.0,296.0,18.5
24,25,Le'Veon Bell,PIT,RB,24.0,12,12,0,1,0,0,0,261,1268,4.86,7,94,75,616,8.21,2,324.4,279.9,105.0,5,6.0,317.0,26.42
25,26,Devonta Freeman,ATL,RB,24.0,16,16,0,0,0,0,0,227,1079,4.75,11,65,54,462,8.56,2,291.1,257.1,95.0,6,7.0,286.0,17.88
26,27,LeGarrette Blount,NWE,RB,30.0,16,8,0,0,0,0,0,299,1161,3.88,18,8,7,38,5.43,0,236.9,229.4,89.0,7,8.0,233.0,14.56
27,28,Alex Smith,KAN,QB,32.0,15,15,328,489,3502,15,8,48,134,2.79,5,1,1,3,3.0,0,242.8,232.3,,22,,227.0,15.13
28,29,Eli Manning,NYG,QB,35.0,16,16,377,598,4027,26,16,21,-9,-0.43,0,0,0,0,,0,247.2,240.2,,21,,226.0,14.12
29,30,Sam Bradford,MIN,QB,29.0,15,15,395,552,3877,20,5,20,53,2.65,0,1,1,5,5.0,0,234.9,226.4,,23,,224.0,14.93
30,31,Carson Wentz,PHI,QB,24.0,16,16,379,607,3782,16,14,46,150,3.26,2,1,1,7,7.0,0,237.0,227.5,,24,,218.0,13.62
31,32,Melvin Gordon,SDG,RB,23.0,13,11,0,0,0,0,0,254,997,3.93,10,57,41,419,10.22,2,258.6,230.1,73.0,8,13.0,251.0,19.31
32,33,Mike Evans,TAM,WR,23.0,16,16,0,0,0,0,0,0,0,,0,173,96,1321,13.76,12,307.1,256.1,84.0,1,10.0,304.0,19.0
33,34,Jordy Nelson,GNB,WR,31.0,16,16,0,0,0,0,0,0,0,,0,152,97,1257,12.96,14,308.7,256.2,83.0,2,11.0,305.0,19.06
34,35,Antonio Brown,PIT,WR,28.0,15,15,0,0,0,0,0,3,9,3.0,0,154,106,1284,12.11,12,310.3,254.3,83.0,3,12.0,313.0,20.87
35,36,Jordan Howard,CHI,RB,22.0,15,13,0,0,0,0,0,252,1313,5.21,6,50,29,298,10.28,1,237.1,215.6,64.0,9,16.0,230.0,15.33
36,37,Colin Kaepernick,SFO,QB,29.0,12,11,196,331,2241,16,4,69,468,6.78,2,0,0,0,,0,213.4,204.4,,25,,200.0,16.67
37,38,Mark Ingram,NOR,RB,27.0,16,14,0,0,0,0,0,205,1043,5.09,6,58,46,319,6.93,4,250.2,219.2,61.0,10,17.0,244.0,15.25
38,39,Odell Beckham,NYG,WR,24.0,16,16,0,0,0,0,0,1,9,9.0,0,169,101,1367,13.53,10,300.6,246.1,71.0,4,14.0,297.0,18.56
39,40,Trevor Siemian,DEN,QB,24.0,14,14,289,486,3401,18,10,28,57,2.04,0,0,0,0,,0,206.7,201.7,,26,,194.0,13.86
40,41,Ryan Tannehill,MIA,QB,28.0,13,13,261,389,2995,19,12,39,164,4.21,1,0,0,0,,0,211.2,202.2,,27,,192.0,14.77
41,42,Jay Ajayi,MIA,RB,23.0,15,12,0,0,0,0,0,261,1272,4.87,8,35,27,151,5.59,0,222.3,201.8,51.0,11,20.0,215.0,14.33
42,43,T.Y. Hilton,IND,WR,27.0,16,16,0,0,0,0,0,0,0,,0,155,91,1448,15.91,6,276.8,228.3,60.0,5,18.0,276.0,17.25
43,44,Julio Jones,ATL,WR,27.0,14,14,0,0,0,0,0,0,0,,0,129,83,1409,16.98,6,262.9,218.4,54.0,6,19.0,262.0,18.71
44,45,Frank Gore,IND,RB,33.0,16,16,0,0,0,0,0,263,1025,3.9,4,47,38,277,7.29,4,221.2,195.2,39.0,12,26.0,214.0,13.38
45,46,Latavius Murray,OAK,RB,26.0,14,12,0,0,0,0,0,195,788,4.04,12,43,33,264,8.0,0,215.2,191.7,38.0,13,30.0,208.0,14.86
46,47,Davante Adams,GNB,WR,24.0,16,15,0,0,0,0,0,0,0,,0,121,75,997,13.29,12,250.7,209.2,49.0,7,21.0,249.0,15.56
47,48,Brandin Cooks,NOR,WR,23.0,16,12,0,0,0,0,0,6,30,5.0,0,117,78,1173,15.04,8,249.3,207.3,44.0,8,23.0,246.0,15.38
48,49,Brock Osweiler,HOU,QB,26.0,15,14,301,510,2957,15,16,30,131,4.37,2,1,1,-14,-14.0,0,192.0,184.5,,28,,169.0,11.27
49,50,Isaiah Crowell,CLE,RB,23.0,16,16,0,0,0,0,0,198,952,4.81,7,53,40,319,7.98,0,213.1,185.1,28.0,15,34.0,205.0,12.81
50,51,Carlos Hyde,SFO,RB,25.0,13,13,0,0,0,0,0,217,988,4.55,6,33,27,163,6.04,3,201.1,178.6,28.0,14,35.0,192.0,14.77
51,52,Michael Thomas,NOR,WR,23.0,15,12,0,0,0,0,0,0,0,,0,121,92,1137,12.36,9,260.7,209.7,39.0,9,27.0,256.0,17.07
52,53,Doug Baldwin,SEA,WR,28.0,16,15,1,1,15,1,0,3,2,0.67,0,125,94,1128,12.0,7,256.6,206.6,37.0,10,31.0,256.0,16.0
53,54,Spencer Ware,KAN,RB,25.0,14,14,0,0,0,0,0,214,921,4.3,3,42,33,447,13.55,2,202.8,177.3,24.0,16,41.0,194.0,13.86
54,55,Tevin Coleman,ATL,RB,23.0,13,0,0,0,0,0,0,118,520,4.41,8,40,31,421,13.58,3,197.1,175.6,23.0,17,44.0,191.0,14.69
55,56,Lamar Miller,HOU,RB,25.0,14,14,0,0,0,0,0,268,1073,4.0,5,39,31,188,6.06,1,198.1,175.6,23.0,18,45.0,191.0,13.64
56,57,Jeremy Hill,CIN,RB,24.0,15,13,0,0,0,0,0,222,839,3.78,9,27,21,174,8.29,0,182.3,165.8,18.0,19,46.0,176.0,11.73
57,58,Todd Gurley,LAR,RB,22.0,16,16,0,0,0,0,0,278,885,3.18,6,58,43,327,7.6,0,205.2,176.7,18.0,20,47.0,198.0,12.38
58,59,Matt Forte,NYJ,RB,31.0,14,13,0,0,0,0,0,218,813,3.73,7,43,30,263,8.77,1,190.6,168.6,17.0,21,48.0,184.0,13.14
59,60,Michael Crabtree,OAK,WR,29.0,16,16,0,0,0,0,0,0,0,,0,145,89,1003,11.27,8,242.3,194.8,28.0,11,36.0,241.0,15.06
60,61,Amari Cooper,OAK,WR,22.0,16,14,0,0,0,0,0,1,0,0.0,0,132,83,1153,13.89,5,235.3,190.8,27.0,12,37.0,234.0,14.62
61,62,Rishard Matthews,TEN,WR,27.0,16,10,0,0,0,0,0,0,0,,0,108,65,945,14.54,9,215.5,179.0,24.0,13,40.0,214.0,13.38
62,63,Tyrell Williams,SDG,WR,24.0,16,12,0,0,0,0,0,0,0,,0,119,69,1059,15.35,7,219.9,182.4,23.0,14,43.0,217.0,13.56
63,64,Bilal Powell,NYJ,RB,28.0,16,4,0,0,0,0,0,131,722,5.51,3,74,58,388,6.69,2,204.0,168.0,2.0,22,71.0,197.0,12.31
64,65,Travis Kelce,KAN,TE,27.0,16,15,0,0,0,0,0,1,-5,-5.0,0,117,85,1125,13.24,4,226.0,180.5,49.0,1,22.0,223.0,13.94
65,66,Terrelle Pryor,CLE,WR,27.0,16,15,5,9,41,0,0,8,21,2.63,1,140,77,1007,13.08,4,216.4,174.9,14.0,15,51.0,215.0,13.44
66,67,Tyreek Hill,KAN,WR,22.0,16,1,0,0,0,0,0,24,267,11.13,3,83,61,593,9.72,6,224.0,186.5,14.0,16,53.0,199.0,12.44
67,68,Jonathan Stewart,CAR,RB,29.0,13,13,0,0,0,0,0,218,824,3.78,9,21,8,60,7.5,0,151.4,142.4,1.0,23,74.0,146.0,11.23
68,69,Jarvis Landry,MIA,WR,24.0,16,16,0,1,0,0,0,5,17,3.4,0,131,94,1136,12.09,4,236.3,184.3,13.0,17,54.0,231.0,14.44
69,70,Larry Fitzgerald,ARI,WR,33.0,16,16,0,1,0,0,0,2,5,2.5,0,150,107,1023,9.56,6,247.8,190.3,12.0,18,55.0,244.0,15.25
70,71,Terrance West,BAL,RB,25.0,16,13,0,0,0,0,0,193,774,4.01,5,45,34,236,6.94,1,177.0,154.0,,24,77.0,171.0,10.69
71,72,Demaryius Thomas,DEN,WR,29.0,16,16,0,0,0,0,0,0,0,,0,144,90,1083,12.03,5,231.3,181.3,12.0,19,56.0,226.0,14.12
72,73,Kelvin Benjamin,CAR,WR,25.0,16,13,0,0,0,0,0,0,0,,0,118,63,941,14.94,7,201.1,165.6,10.0,20,57.0,197.0,12.31
73,74,Dez Bryant,DAL,WR,28.0,13,13,1,1,10,1,0,0,0,,0,96,50,796,15.92,8,184.0,155.0,10.0,21,58.0,184.0,14.15
74,75,Emmanuel Sanders,DEN,WR,29.0,16,16,0,0,0,0,0,1,4,4.0,0,137,79,1032,13.06,5,215.6,173.1,9.0,22,59.0,213.0,13.31
75,76,Ryan Fitzpatrick,NYJ,QB,34.0,14,11,228,403,2710,12,17,33,130,3.94,0,0,0,0,,0,157.4,150.4,,29,,133.0,9.5
76,77,Julian Edelman,NWE,WR,30.0,16,13,0,0,0,0,0,12,57,4.75,0,159,98,1106,11.29,3,235.3,181.3,8.0,23,60.0,230.0,14.38
77,78,Golden Tate,DET,WR,28.0,16,16,0,0,0,0,0,10,4,0.4,0,135,91,1077,11.84,4,227.1,177.6,8.0,24,61.0,223.0,13.94
78,79,Ryan Mathews,PHI,RB,29.0,13,8,0,0,0,0,0,155,661,4.26,8,14,13,115,8.85,1,152.6,138.1,,25,,145.0,11.15
79,80,Greg Olsen,CAR,TE,31.0,16,16,0,0,0,0,0,0,0,,0,129,80,1073,13.41,3,210.3,167.3,42.0,2,24.0,211.0,13.19
80,81,Mike Wallace,BAL,WR,30.0,16,16,0,0,0,0,0,5,31,6.2,0,116,72,1017,14.13,4,205.8,166.8,6.0,25,63.0,203.0,12.69
81,82,Kyle Rudolph,MIN,TE,27.0,16,16,0,0,0,0,0,0,0,,0,132,83,840,10.12,7,212.0,167.5,39.0,3,28.0,211.0,13.19
82,83,Kenny Britt,LAR,WR,28.0,15,15,0,0,0,0,0,0,0,,0,111,68,1002,14.74,5,200.2,162.2,4.0,26,65.0,196.0,13.07
83,84,Kenny Stills,MIA,WR,24.0,16,16,0,0,0,0,0,0,0,,0,81,42,726,17.29,9,171.6,147.6,2.0,27,70.0,169.0,10.56
84,85,Allen Robinson,JAX,WR,23.0,16,16,0,0,0,0,0,0,0,,0,151,73,883,12.1,6,202.3,162.8,2.0,28,72.0,199.0,12.44
85,86,Adam Thielen,MIN,WR,26.0,16,10,0,0,0,0,0,2,15,7.5,0,92,69,967,14.01,5,199.2,160.7,2.0,29,73.0,195.0,12.19
86,87,Jamison Crowder,WAS,WR,23.0,16,9,0,0,0,0,0,2,-2,-1.0,0,99,67,847,12.64,7,201.5,164.0,,30,,192.0,12.0
87,88,DeSean Jackson,WAS,WR,30.0,15,15,0,0,0,0,0,0,0,,0,100,56,1005,17.95,4,183.5,152.5,,31,,181.0,12.07
88,89,Jimmy Graham,SEA,TE,30.0,16,15,0,0,0,0,0,1,0,0.0,0,95,65,923,14.2,6,194.3,156.8,35.0,4,32.0,189.0,11.81
89,90,Delanie Walker,TEN,TE,32.0,15,10,0,0,0,0,0,2,11,5.5,0,102,65,800,12.31,7,191.1,155.6,34.0,5,33.0,188.0,12.53
90,91,Brandon LaFell,CIN,WR,30.0,16,14,0,0,0,0,0,1,-2,-2.0,0,107,64,862,13.47,6,189.0,154.0,,33,,186.0,11.62
91,92,Pierre Garcon,WAS,WR,30.0,16,16,0,0,0,0,0,0,0,,0,114,79,1041,13.18,3,204.1,161.6,,32,,201.0,12.56
92,93,Robert Kelley,WAS,RB,24.0,14,9,0,0,0,0,0,168,704,4.19,6,18,12,82,6.83,1,135.6,126.6,,26,,133.0,9.5
93,94,Willie Snead,NOR,WR,24.0,15,4,1,1,50,1,0,0,0,,0,104,72,895,12.43,4,194.5,155.5,,35,,192.0,12.8
94,95,A.J. Green,CIN,WR,28.0,10,10,0,0,0,0,0,0,0,,0,100,66,964,14.61,4,189.4,153.4,,34,,186.0,18.6
95,96,Sterling Shepard,NYG,WR,22.0,16,16,0,0,0,0,0,3,31,10.33,0,105,65,683,10.51,8,187.4,151.9,,37,,184.0,11.5
96,97,DeAndre Hopkins,HOU,WR,24.0,16,16,0,0,0,0,0,0,0,,0,151,78,954,12.23,4,200.4,158.4,,36,,197.0,12.31
97,98,Mike Gillislee,BUF,RB,26.0,15,1,0,0,0,0,0,101,577,5.71,8,11,9,50,5.56,1,128.7,121.2,,28,,126.0,8.4
98,99,Christine Michael,2TM,RB,26.0,15,7,0,0,0,0,0,148,583,3.94,7,29,22,107,4.86,1,144.0,126.0,,27,,139.0,9.27
99,100,Marvin Jones,DET,WR,26.0,15,15,0,0,0,0,0,1,3,3.0,0,103,55,930,16.91,4,175.3,144.8,,38,,172.0,11.47
100,101,Steve Smith,BAL,WR,37.0,14,14,0,0,0,0,0,0,0,,0,101,70,799,11.41,5,186.9,148.9,,39,,186.0,13.29
101,102,Cameron Brate,TAM,TE,25.0,15,10,0,0,0,0,0,0,0,,0,81,57,660,11.58,8,174.0,142.5,25.0,6,39.0,171.0,11.4
102,103,Cole Beasley,DAL,WR,27.0,16,6,0,1,0,0,0,1,7,7.0,0,98,75,833,11.11,5,192.0,151.5,,40,,189.0,11.81
103,104,Martellus Bennett,NWE,TE,29.0,16,12,0,0,0,0,0,2,10,5.0,0,73,55,701,12.75,7,171.1,140.6,24.0,7,42.0,168.0,10.5
104,105,Case Keenum,LAR,QB,28.0,10,9,196,322,2201,9,11,20,51,2.55,1,0,0,0,,0,126.1,122.1,,30,,113.0,11.3
105,106,Cameron Meredith,CHI,WR,24.0,14,10,1,1,2,1,0,1,6,6.0,0,97,66,888,13.45,4,184.5,146.5,,41,,179.0,12.79
106,107,Devontae Booker,DEN,RB,24.0,16,6,0,0,0,0,0,174,612,3.52,4,45,31,265,8.55,1,151.7,127.2,,29,,143.0,8.94
107,108,Darren Sproles,PHI,RB,33.0,15,5,0,0,0,0,0,94,438,4.66,2,71,52,427,8.21,2,168.5,136.5,,30,,163.0,10.87
108,109,Quincy Enunwa,NYJ,WR,24.0,16,13,0,0,0,0,0,1,12,12.0,0,105,58,857,14.78,4,171.9,139.9,,42,,169.0,10.56
109,110,Theo Riddick,DET,RB,25.0,10,8,0,0,0,0,0,92,357,3.88,1,67,53,371,7.0,5,167.8,135.3,,31,,162.0,16.2
110,111,Stefon Diggs,MIN,WR,23.0,13,11,0,0,0,0,0,3,10,3.33,0,112,84,903,10.75,3,196.3,151.3,,44,,193.0,14.85
111,112,Marqise Lee,JAX,WR,25.0,16,6,1,1,20,1,0,6,35,5.83,0,105,63,851,13.51,3,182.4,146.9,,43,,172.0,10.75
112,113,Tim Hightower,NOR,RB,30.0,16,1,0,0,0,0,0,133,548,4.12,4,26,22,200,9.09,1,132.8,115.8,,33,,129.0,8.06
113,114,Jerick McKinnon,MIN,RB,24.0,15,7,0,1,0,0,0,159,539,3.39,2,53,43,255,5.93,2,154.4,126.9,,32,,150.0,10.0
114,115,JJ Nelson,ARI,WR,24.0,15,6,0,0,0,0,0,4,83,20.75,1,74,34,568,16.71,6,143.1,122.1,,45,,141.0,9.4
115,116,Zach Ertz,PHI,TE,26.0,14,12,0,0,0,0,0,0,0,,0,106,78,816,10.46,4,186.6,144.6,16.0,8,49.0,184.0,13.14
116,117,Anquan Boldin,DET,WR,36.0,16,16,0,0,0,0,0,0,0,,0,95,67,584,8.72,8,176.4,139.9,,46,,173.0,10.81
117,118,Jordan Reed,WAS,TE,26.0,12,8,0,0,0,0,0,0,0,,0,89,66,686,10.39,6,172.6,135.6,15.0,9,50.0,171.0,14.25
118,119,Taylor Gabriel,ATL,WR,25.0,13,3,0,0,0,0,0,4,51,12.75,1,50,35,579,16.54,6,143.0,122.5,,49,,140.0,10.77
119,120,Ted Ginn,CAR,WR,31.0,16,8,0,0,0,0,0,14,98,7.0,0,95,54,752,13.93,4,164.0,132.0,,48,,159.0,9.94
120,121,Dontrelle Inman,SDG,WR,27.0,16,16,0,0,0,0,0,0,0,,0,97,58,810,13.97,4,166.0,134.0,,47,,163.0,10.19
121,122,James White,NWE,RB,24.0,16,4,0,0,0,0,0,39,166,4.26,0,86,60,551,9.18,5,167.7,131.7,,34,,164.0,10.25
122,123,Rashad Jennings,NYG,RB,31.0,13,12,0,0,0,0,0,181,593,3.28,3,42,35,201,5.74,1,144.4,120.9,,35,,138.0,10.62
123,124,Jordan Matthews,PHI,WR,24.0,14,13,0,0,0,0,0,0,0,,0,117,73,804,11.01,3,174.4,134.9,,51,,175.0,12.5
124,125,DeVante Parker,MIA,WR,23.0,15,8,0,0,0,0,0,0,0,,0,87,56,744,13.29,4,157.4,126.4,,50,,158.0,10.53
125,126,Matt Asiata,MIN,RB,29.0,16,6,0,0,0,0,0,121,402,3.32,6,38,32,263,8.22,0,139.5,116.5,,37,,133.0,8.31
126,127,Chris Thompson,WAS,RB,26.0,16,0,0,0,0,0,0,68,356,5.24,3,62,49,349,7.12,2,154.5,123.0,,36,,150.0,9.38
127,128,Ty Montgomery,GNB,RB,23.0,15,6,0,0,0,0,0,77,457,5.94,3,56,44,348,7.91,0,147.5,118.5,,38,,141.0,9.4
128,129,Brandon Marshall,NYJ,WR,32.0,15,15,0,0,0,0,0,0,0,,0,128,59,788,13.36,3,158.8,126.3,,52,,156.0,10.4
129,130,Hunter Henry,SDG,TE,22.0,15,10,0,0,0,0,0,0,0,,0,53,36,478,13.28,8,133.8,111.8,7.0,10,62.0,132.0,8.8
130,131,Antonio Gates,SDG,TE,36.0,14,9,0,0,0,0,0,0,0,,0,93,53,548,10.34,7,151.8,121.3,6.0,11,64.0,148.0,10.57
131,132,Alshon Jeffery,CHI,WR,26.0,12,12,0,0,0,0,0,0,0,,0,94,52,821,15.79,2,149.1,120.1,,53,,146.0,12.17
132,133,Derrick Henry,TEN,RB,22.0,15,1,0,0,0,0,0,110,490,4.45,5,15,13,137,10.54,0,111.7,99.2,,39,,106.0,7.07
133,134,Duke Johnson,CLE,RB,23.0,16,1,0,1,0,0,0,73,358,4.9,1,74,53,514,9.7,0,151.2,117.7,,40,,144.0,9.0
134,135,Chris Hogan,NWE,WR,28.0,15,14,0,0,0,0,0,3,9,3.0,0,58,38,680,17.89,4,132.9,109.9,,54,,129.0,8.6
135,136,Mohamed Sanu,ATL,WR,27.0,15,15,0,0,0,0,0,1,5,5.0,0,81,59,653,11.07,4,152.8,119.3,,55,,149.0,9.93
136,137,Tavon Austin,LAR,WR,25.0,15,15,0,0,0,0,0,28,159,5.68,1,106,58,509,8.78,3,153.8,117.8,,56,,147.0,9.8
137,138,Coby Fleener,NOR,TE,28.0,16,8,0,0,0,0,0,1,2,2.0,1,81,50,631,12.62,3,140.3,112.3,,12,,139.0,8.69
138,139,T.J. Yeldon,JAX,RB,23.0,15,13,0,0,0,0,0,130,465,3.58,1,68,50,312,6.24,1,144.7,112.7,,41,,138.0,9.2
139,140,Randall Cobb,GNB,WR,26.0,13,10,0,0,0,0,0,10,33,3.3,0,84,60,610,10.17,4,151.3,118.3,,57,,148.0,11.38
140,141,C.J. Anderson,DEN,RB,25.0,7,7,0,0,0,0,0,110,437,3.97,4,24,16,128,8.0,1,108.5,94.5,,43,,103.0,14.71
141,142,Jalen Richard,OAK,RB,23.0,16,0,0,0,0,0,0,83,491,5.92,1,39,29,194,6.69,2,121.5,101.0,,42,,116.0,7.25
142,143,Jack Doyle,IND,TE,26.0,16,14,0,0,0,0,0,0,0,,0,75,59,584,9.9,5,149.4,115.9,,13,,145.0,9.06
143,144,Travis Benjamin,SDG,WR,27.0,14,8,0,1,0,0,0,2,-3,-1.5,0,75,47,677,14.4,4,138.4,108.9,,58,,132.0,9.43
144,145,DeAngelo Williams,PIT,RB,33.0,8,4,0,0,0,0,0,98,343,3.5,4,27,18,118,6.56,2,106.1,91.1,,44,,102.0,12.75
145,146,Giovani Bernard,CIN,RB,25.0,10,2,0,0,0,0,0,91,337,3.7,2,51,39,336,8.62,1,129.3,102.8,,45,,122.0,12.2
146,147,Jeremy Kerley,SFO,WR,28.0,16,13,0,0,0,0,0,0,0,,0,115,64,667,10.42,3,150.7,114.7,,60,,147.0,9.19
147,148,Tyler Lockett,SEA,WR,24.0,15,9,0,0,0,0,0,6,114,19.0,1,66,41,597,14.56,1,130.1,103.6,,59,,124.0,8.27
148,149,Dennis Pitta,BAL,TE,31.0,16,12,0,0,0,0,0,0,0,,0,121,86,729,8.48,2,172.9,125.9,,16,,169.0,10.56
149,150,Eric Ebron,DET,TE,23.0,13,13,0,0,0,0,0,1,1,1.0,1,85,61,711,11.66,1,147.2,113.7,,15,,144.0,11.08
150,151,Jason Witten,DAL,TE,34.0,16,16,0,0,0,0,0,0,0,,0,95,69,673,9.75,3,156.3,117.8,,14,,152.0,9.5
151,152,Robert Turbin,IND,RB,27.0,15,0,0,0,0,0,0,47,164,3.49,7,35,26,179,6.88,1,114.3,95.3,,46,,108.0,7.2
152,153,Michael Floyd,2TM,WR,27.0,15,8,0,0,0,0,0,0,0,,0,76,37,488,13.19,5,118.8,97.3,,62,,118.0,7.87
153,154,Terrance Williams,DAL,WR,27.0,16,15,0,0,0,0,0,0,0,,0,61,44,594,13.5,4,129.4,103.4,,61,,125.0,7.81
154,155,Brian Hoyer,CHI,QB,31.0,6,5,134,200,1445,6,0,7,-2,-0.29,0,0,0,0,,0,83.6,79.6,,31,,80.0,13.33
155,156,Shaun Draughn,SFO,RB,29.0,16,1,0,0,0,0,0,74,196,2.65,4,39,29,263,9.07,2,115.9,94.4,,47,,109.0,6.81
156,157,C.J. Fiedorowicz,HOU,TE,25.0,15,15,0,0,0,0,0,0,0,,0,89,54,559,10.35,4,136.9,106.9,,17,,134.0,8.93
157,158,Cody Kessler,CLE,QB,23.0,9,8,128,195,1380,6,2,11,18,1.64,0,0,0,0,,0,83.0,79.0,,32,,79.0,8.78
158,159,Dwayne Allen,IND,TE,26.0,14,14,0,0,0,0,0,0,0,,0,52,35,406,11.6,6,116.6,96.1,,19,,114.0,8.14
159,160,Charles Clay,BUF,TE,27.0,15,15,0,0,0,0,0,0,0,,0,87,57,552,9.68,4,139.2,107.7,,18,,136.0,9.07
160,161,Jacquizz Rodgers,TAM,RB,26.0,10,5,0,0,0,0,0,129,560,4.34,2,16,13,98,7.54,0,93.8,84.3,,48,,91.0,9.1
161,162,Adam Humphries,TAM,WR,23.0,15,4,0,0,0,0,0,5,18,3.6,0,83,55,622,11.31,2,136.0,105.5,,63,,133.0,8.87
162,163,Eli Rogers,PIT,WR,,13,8,0,0,0,0,0,1,6,6.0,0,66,48,594,12.38,3,129.0,102.0,,64,,126.0,9.69
163,164,Chris Ivory,JAX,RB,28.0,11,1,0,0,0,0,0,117,439,3.75,3,28,20,186,9.3,0,103.5,84.5,,50,,95.0,8.64
164,165,Zach Zenner,DET,RB,25.0,14,4,0,0,0,0,0,88,334,3.8,4,23,18,196,10.89,0,100.0,84.0,,49,,93.0,6.64
165,166,Will Fuller,HOU,WR,22.0,14,13,0,0,0,0,0,1,-3,-3.0,0,92,47,635,13.51,2,131.2,104.7,,65,,122.0,8.71
166,167,Gary Barnidge,CLE,TE,31.0,16,16,0,0,0,0,0,0,0,,0,82,55,612,11.13,2,133.2,102.7,,20,,130.0,8.12
167,168,Seth Roberts,OAK,WR,25.0,16,6,0,0,0,0,0,0,0,,0,77,38,397,10.45,5,114.7,92.7,,67,,112.0,7.0
168,169,Brian Quick,LAR,WR,27.0,16,8,0,0,0,0,0,0,0,,0,77,41,564,13.76,3,118.4,94.9,,66,,115.0,7.19
169,170,Blaine Gabbert,SFO,QB,27.0,6,5,91,160,925,5,6,40,173,4.33,2,1,1,-16,-16.0,0,85.7,79.2,,33,,74.0,12.33
170,171,Donte Moncrief,IND,WR,23.0,9,7,0,0,0,0,0,1,-1,-1.0,0,56,30,307,10.23,7,105.6,87.6,,69,,103.0,11.44
171,172,Robby Anderson,NYJ,WR,23.0,16,8,0,0,0,0,0,3,42,14.0,0,78,42,587,13.98,2,118.9,93.9,,68,,115.0,7.19
172,173,Zach Miller,CHI,TE,32.0,10,8,0,0,0,0,0,0,0,,0,64,47,486,10.34,4,122.6,96.1,,21,,120.0,12.0
173,174,Doug Martin,TAM,RB,27.0,8,8,0,0,0,0,0,144,421,2.92,3,16,14,134,9.57,0,92.5,78.5,,52,,86.0,10.75
174,175,Kenneth Dixon,BAL,RB,22.0,12,0,0,0,0,0,0,88,382,4.34,2,41,30,162,5.4,1,108.4,87.4,,51,,102.0,8.5
175,176,Rob Gronkowski,NWE,TE,27.0,8,6,0,0,0,0,0,0,0,,0,38,25,540,21.6,3,100.0,84.5,,22,,97.0,12.12
176,177,Matt Barkley,CHI,QB,26.0,7,6,129,216,1611,8,14,7,2,0.29,0,1,1,2,2.0,1,90.8,85.3,,34,,72.0,10.29
177,178,Damien Williams,MIA,RB,24.0,15,0,0,0,0,0,0,35,115,3.29,3,32,23,249,10.83,3,100.4,81.9,,53,,93.0,6.2
178,179,Tyler Boyd,CIN,WR,22.0,16,2,0,0,0,0,0,4,58,14.5,0,81,54,603,11.17,1,128.1,97.1,,70,,124.0,7.75
179,180,Vernon Davis,WAS,TE,32.0,16,14,0,0,0,0,0,0,0,,0,59,44,583,13.25,2,117.3,92.3,,23,,114.0,7.12
180,181,Tyler Eifert,CIN,TE,26.0,8,2,0,0,0,0,0,0,0,,0,47,29,394,13.59,5,101.4,83.9,,24,,98.0,12.25
181,182,DeAndre Washington,OAK,RB,23.0,14,2,0,0,0,0,0,87,467,5.37,2,23,17,115,6.76,0,92.2,76.7,,54,,85.0,6.07
182,183,Jeremy Maclin,KAN,WR,28.0,12,12,0,1,0,0,0,1,-1,-1.0,0,76,44,536,12.18,2,112.5,87.5,,73,,112.0,9.33
183,184,Robert Woods,BUF,WR,24.0,13,10,0,0,0,0,0,1,6,6.0,0,76,51,613,12.02,1,121.9,93.4,,72,,119.0,9.15
184,185,Breshad Perriman,BAL,WR,23.0,16,1,0,0,0,0,0,1,2,2.0,0,66,33,499,15.12,3,104.1,84.6,,71,,101.0,6.31
185,186,Matt Jones,WAS,RB,23.0,7,7,0,0,0,0,0,99,460,4.65,3,8,8,73,9.13,0,80.3,71.3,,55,,75.0,10.71
186,187,Robert Griffin,CLE,QB,26.0,5,5,87,147,886,2,3,31,190,6.13,2,0,0,0,,0,76.4,69.4,,35,,66.0,13.2
187,188,Charcandrick West,KAN,RB,25.0,15,2,0,0,0,0,0,88,293,3.33,1,34,28,188,6.71,2,100.1,80.1,,56,,94.0,6.27
188,189,Allen Hurns,JAX,WR,25.0,11,11,0,0,0,0,0,0,0,,0,76,35,477,13.63,3,103.7,83.2,,75,,101.0,9.18
189,190,Phillip Dorsett,IND,WR,23.0,15,7,0,0,0,0,0,2,10,5.0,0,59,33,528,16.0,2,101.8,82.3,,74,,99.0,6.6
190,191,John Brown,ARI,WR,26.0,15,6,0,0,0,0,0,1,10,10.0,0,73,39,517,13.26,2,106.7,84.2,,76,,104.0,6.93
191,192,Malcolm Mitchell,NWE,WR,24.0,14,6,0,0,0,0,0,0,0,,0,48,32,401,12.53,4,99.1,80.1,,78,,96.0,6.86
192,193,Tajae Sharpe,TEN,WR,22.0,16,10,0,0,0,0,0,1,1,1.0,0,83,41,522,12.73,2,108.3,84.8,,77,,105.0,6.56
193,194,Thomas Rawls,SEA,RB,23.0,9,7,0,0,0,0,0,109,349,3.2,3,17,13,96,7.38,0,78.5,69.0,,57,,76.0,8.44
194,195,Victor Cruz,NYG,WR,30.0,15,12,0,0,0,0,0,0,0,,0,72,39,586,15.03,1,105.6,82.1,,80,,102.0,6.8
195,196,Devin Funchess,CAR,WR,22.0,15,7,0,0,0,0,0,0,0,,0,58,23,371,16.13,4,89.1,74.6,,79,,86.0,5.73
196,197,Vance McDonald,SFO,TE,26.0,11,11,0,0,0,0,0,0,0,,0,45,24,391,16.29,4,90.1,75.1,,25,,87.0,7.91
197,198,Paul Perkins,NYG,RB,22.0,14,1,0,0,0,0,0,112,456,4.07,0,24,15,162,10.8,0,82.8,69.3,,58,,77.0,5.5
198,199,Cordarrelle Patterson,MIN,WR,25.0,16,8,0,0,0,0,0,7,43,6.14,0,70,52,453,8.71,2,122.6,93.6,,81,,114.0,7.12
199,200,Kendall Wright,TEN,WR,27.0,11,4,0,0,0,0,0,1,15,15.0,0,42,29,416,14.34,3,93.1,75.6,,83,,90.0,8.18
200,201,Marquise Goodwin,BUF,WR,26.0,15,9,0,0,0,0,0,0,0,,0,68,29,431,14.86,3,93.1,75.6,,82,,90.0,6.0
201,202,Corey Coleman,CLE,WR,22.0,10,10,0,0,0,0,0,2,10,5.0,0,73,33,413,12.52,3,96.3,76.8,,84,,93.0,9.3
202,203,Lance Kendricks,LAR,TE,28.0,16,16,0,0,0,0,0,0,0,,0,87,50,499,9.98,2,113.9,84.9,,26,,110.0,6.88
203,204,Rex Burkhead,CIN,RB,26.0,16,1,0,0,0,0,0,74,344,4.65,2,20,17,145,8.53,0,82.9,67.4,,59,,76.0,4.75
204,205,Matt Moore,MIA,QB,32.0,5,3,55,87,721,8,3,1,-1,-1.0,0,0,0,0,,0,60.7,57.7,,36,,57.0,11.4
205,206,Sammie Coates,PIT,WR,23.0,14,5,0,0,0,0,0,4,14,3.5,0,49,21,435,20.71,2,80.9,67.4,,86,,78.0,5.57
206,207,Jermaine Kearse,SEA,WR,26.0,16,15,0,0,0,0,0,0,0,,0,89,41,510,12.44,1,101.0,77.5,,85,,98.0,6.12
207,208,Jesse James,PIT,TE,22.0,16,13,0,0,0,0,0,0,0,,0,60,39,338,8.67,3,93.8,71.3,,27,,95.0,5.94
208,209,Sammy Watkins,BUF,WR,23.0,8,8,0,0,0,0,0,0,0,,0,52,28,430,15.36,2,86.0,69.0,,87,,83.0,10.38
209,210,Travaris Cadet,NOR,RB,27.0,15,1,0,0,0,0,0,4,19,4.75,0,54,40,281,7.03,4,97.0,74.0,,61,,94.0,6.27
210,211,Jeremy Langford,CHI,RB,25.0,12,3,0,0,0,0,0,62,200,3.23,4,27,19,142,7.47,0,81.2,63.7,,60,,73.0,6.08
211,212,Clive Walford,OAK,TE,25.0,15,8,0,0,0,0,0,0,0,,0,52,33,359,10.88,3,89.9,70.4,,29,,87.0,5.8
212,213,Ryan Griffin,HOU,TE,26.0,16,5,0,0,0,0,0,0,0,,0,74,50,442,8.84,2,108.2,79.2,,28,,104.0,6.5
213,214,Jared Goff,LAR,QB,22.0,8,7,112,205,1089,5,7,8,16,2.0,1,0,0,0,,0,65.2,60.2,,37,,53.0,6.62
214,215,Chris Conley,KAN,WR,24.0,16,11,0,0,0,0,0,0,0,,0,69,44,530,12.05,0,100.0,75.0,,88,,97.0,6.06
215,216,Josh McCown,CLE,QB,37.0,5,3,90,165,1100,6,6,7,21,3.0,0,0,0,0,,0,65.1,58.1,,38,,52.0,10.4
216,217,Nelson Agholor,PHI,WR,23.0,15,14,0,0,0,0,0,5,14,2.8,0,69,36,365,10.14,2,90.9,69.9,,89,,88.0,5.87
217,218,Julius Thomas,JAX,TE,28.0,9,6,0,0,0,0,0,0,0,,0,51,30,281,9.37,4,85.1,67.1,,30,,82.0,9.11
218,219,Albert Wilson,KAN,WR,24.0,16,5,0,0,0,0,0,2,50,25.0,1,51,31,279,9.0,2,84.9,66.4,,91,,82.0,5.12
219,220,Dorial Green-Beckham,PHI,WR,23.0,15,7,0,0,0,0,0,0,0,,0,74,36,392,10.89,2,90.2,69.2,,90,,87.0,5.8
220,221,Garrett Celek,SFO,TE,28.0,16,6,0,0,0,0,0,0,0,,0,50,29,350,12.07,3,84.0,65.5,,32,,80.0,5.0
221,222,Jermaine Gresham,ARI,TE,28.0,16,14,0,0,0,0,0,0,0,,0,61,37,391,10.57,2,91.1,69.6,,31,,88.0,5.5
222,223,Alfred Blue,HOU,RB,25.0,14,2,0,0,0,0,0,100,420,4.2,1,16,12,40,3.33,0,66.0,56.0,,62,,62.0,4.43
223,224,Andrew Hawkins,CLE,WR,30.0,16,5,0,0,0,0,0,2,0,0.0,0,54,33,324,9.82,3,86.4,66.9,,92,,83.0,5.19
224,225,Dion Sims,MIA,TE,25.0,14,11,0,0,0,0,0,0,0,,0,35,26,256,9.85,4,78.6,62.6,,33,,76.0,5.43
225,226,Eddie Royal,CHI,WR,30.0,9,1,0,0,0,0,0,0,0,,0,43,33,369,11.18,2,90.9,71.4,,93,,82.0,9.11
226,227,Danny Amendola,NWE,WR,31.0,12,4,0,0,0,0,0,0,0,,0,29,23,243,10.57,4,73.3,57.8,,94,,71.0,5.92
227,228,Jay Cutler,CHI,QB,33.0,5,5,81,137,1059,4,5,5,24,4.8,0,0,0,0,,0,56.8,51.8,,39,,47.0,9.4
228,229,Fozzy Whittaker,CAR,RB,27.0,16,0,0,0,0,0,0,57,265,4.65,0,33,25,226,9.04,0,79.1,59.6,,63,,72.0,4.5
229,230,Russell Shepard,TAM,WR,26.0,14,4,0,0,0,0,0,1,9,9.0,0,40,23,341,14.83,2,73.0,58.5,,95,,70.0,5.0
230,231,Austin Hooper,ATL,TE,22.0,14,3,0,0,0,0,0,0,0,,0,27,19,271,14.26,3,67.1,54.6,,34,,66.0,4.71
231,232,Brandon Coleman,NOR,WR,24.0,16,4,0,0,0,0,0,0,0,,0,38,26,281,10.81,3,75.1,59.1,,96,,72.0,4.5
232,233,Will Tye,NYG,TE,25.0,16,10,0,0,0,0,0,0,0,,0,70,48,395,8.23,1,96.5,69.5,,35,,94.0,5.88
233,234,Jamize Olawale,OAK,RB,27.0,16,7,0,0,0,0,0,17,47,2.76,2,14,12,227,18.92,1,60.4,51.4,,64,,57.0,3.56
234,235,Torrey Smith,SFO,WR,27.0,12,12,0,0,0,0,0,0,0,,0,49,20,267,13.35,3,67.7,54.7,,97,,65.0,5.42
235,236,Charles Sims,TAM,RB,26.0,7,2,0,0,0,0,0,51,149,2.92,1,32,24,190,7.92,1,74.9,55.9,,66,,68.0,9.71
236,237,C.J. Prosise,SEA,RB,22.0,6,2,0,0,0,0,0,30,172,5.73,1,19,17,208,12.24,0,67.0,52.5,,65,,61.0,10.17
237,238,Aldrick Robinson,ATL,WR,28.0,16,1,0,0,0,0,0,0,0,,0,32,20,323,16.15,2,67.3,54.3,,99,,64.0,4.0
238,239,Justin Hardy,ATL,WR,25.0,16,3,0,0,0,0,0,0,0,,0,31,21,203,9.67,4,68.3,54.8,,98,,65.0,4.06
239,240,Justin Hunter,2TM,WR,25.0,13,5,0,0,0,0,0,0,0,,0,23,10,189,18.9,4,55.9,47.9,,100,,53.0,4.08
240,241,Justin Forsett,3TM,RB,31.0,9,6,0,0,0,0,0,87,291,3.34,1,27,20,85,4.25,0,65.6,51.6,,68,,62.0,6.89
241,242,James Starks,GNB,RB,30.0,9,4,0,0,0,0,0,63,145,2.3,0,25,19,134,7.05,2,64.9,49.4,,67,,61.0,6.78
242,243,Jared Cook,GNB,TE,29.0,10,5,0,0,0,0,0,0,0,,0,51,30,377,12.57,1,75.7,56.7,,36,,72.0,7.2
243,244,Wendell Smallwood,PHI,RB,22.0,13,3,0,0,0,0,0,77,312,4.05,1,13,6,55,9.17,0,56.7,49.7,,70,,47.0,3.62
244,245,John Kuhn,NOR,RB,34.0,16,3,0,0,0,0,0,18,37,2.06,4,20,16,70,4.38,1,56.7,48.7,,69,,57.0,3.56
245,246,Quinton Patton,SFO,WR,26.0,14,14,0,0,0,0,0,0,0,,0,63,37,408,11.03,0,80.8,59.3,,101,,78.0,5.57
246,247,Aaron Ripkowski,GNB,RB,24.0,16,8,0,0,0,0,0,34,150,4.41,2,10,9,46,5.11,1,49.6,42.1,,71,,49.0,3.06
247,248,Brice Butler,DAL,WR,26.0,16,3,0,0,0,0,0,0,0,,0,32,16,219,13.69,3,58.9,47.9,,102,,56.0,3.5
248,249,Dwayne Washington,DET,RB,22.0,12,2,0,0,0,0,0,90,265,2.94,1,15,10,62,6.2,0,51.7,43.7,,73,,49.0,4.08
249,250,Eddie Lacy,GNB,RB,26.0,5,5,0,0,0,0,0,71,360,5.07,0,7,4,28,7.0,0,45.8,40.8,,72,,43.0,8.6
250,251,Kamar Aiken,BAL,WR,27.0,16,6,0,0,0,0,0,0,0,,0,50,29,328,11.31,1,70.8,53.3,,103,,68.0,4.25
251,252,Trey Burton,PHI,TE,25.0,15,4,0,0,0,0,0,0,0,,0,60,37,327,8.84,1,78.7,57.2,,39,,76.0,5.07
252,253,Jacob Tamme,ATL,TE,31.0,8,5,0,0,0,0,0,0,0,,0,31,22,210,9.55,3,64.0,50.0,,38,,61.0,7.62
253,254,Richard Rodgers,GNB,TE,24.0,16,6,0,0,0,0,0,0,0,,0,47,30,271,9.03,2,72.1,54.1,,37,,69.0,4.31
254,255,Dion Lewis,NWE,RB,26.0,7,5,0,0,0,0,0,64,283,4.42,0,24,17,94,5.53,0,57.7,46.2,,74,,55.0,7.86
255,256,Josh Bellamy,CHI,WR,27.0,16,2,0,0,0,0,0,4,37,9.25,0,38,19,282,14.84,1,59.9,47.4,,104,,57.0,3.56
256,257,Levine Toilolo,ATL,TE,25.0,16,11,0,0,0,0,0,0,0,,0,19,13,264,20.31,2,54.4,44.9,,41,,51.0,3.19
257,258,Ladarius Green,PIT,TE,26.0,6,2,0,0,0,0,0,0,0,,0,34,18,304,16.89,1,57.4,45.4,,40,,56.0,9.33
258,259,Kyle Juszczyk,BAL,RB,25.0,16,7,0,0,0,0,0,5,22,4.4,1,49,37,266,7.19,0,76.8,55.3,,76,,74.0,4.62
259,260,Alfred Morris,DAL,RB,28.0,14,0,0,0,0,0,0,69,243,3.52,2,6,3,11,3.67,0,43.4,38.9,,75,,40.0,2.86
260,261,Erik Swoope,IND,TE,24.0,16,4,0,0,0,0,0,0,0,,0,22,15,297,19.8,1,53.7,43.2,,42,,51.0,3.19
261,262,Jimmy Garoppolo,NWE,QB,25.0,6,2,43,63,502,4,0,10,6,0.6,0,1,1,3,3.0,0,40.0,35.5,,40,,36.0,6.0
262,263,Kenyan Drake,MIA,RB,22.0,16,1,0,0,0,0,0,33,179,5.42,2,10,9,46,5.11,0,52.5,45.0,,77,,44.0,2.75
263,264,Deonte Thompson,CHI,WR,27.0,16,6,0,0,0,0,0,0,0,,0,36,22,249,11.32,2,60.9,45.9,,108,,57.0,3.56
264,265,Paul Richardson,SEA,WR,24.0,15,0,0,0,0,0,0,1,5,5.0,0,36,21,288,13.71,1,59.3,45.8,,107,,56.0,3.73
265,266,Darrius Heyward-Bey,PIT,WR,29.0,10,0,0,0,0,0,0,1,60,60.0,1,19,6,114,19.0,2,44.4,38.4,,106,,41.0,4.1
266,267,Cobi Hamilton,PIT,WR,26.0,11,8,0,0,0,0,0,0,0,,0,28,17,234,13.76,2,55.4,43.9,,105,,52.0,4.73
267,268,Landry Jones,PIT,QB,27.0,8,2,53,86,558,4,2,6,-4,-0.67,0,0,0,0,,0,38.9,35.9,,41,,34.0,4.25
268,269,Bryan Walters,JAX,WR,29.0,10,3,0,0,0,0,0,1,4,4.0,0,34,24,231,9.63,2,61.5,45.5,,109,,58.0,5.8
269,270,Bryce Petty,NYJ,QB,25.0,6,4,75,133,809,3,7,5,19,3.8,0,0,0,0,,0,43.3,39.3,,42,,32.0,5.33
270,271,Corey Grant,JAX,RB,25.0,11,1,0,0,0,0,0,32,164,5.13,1,7,4,35,8.75,1,38.9,33.9,,78,,36.0,3.27
271,272,Geronimo Allison,GNB,WR,22.0,10,2,0,0,0,0,0,0,0,,0,22,12,202,16.83,2,47.2,38.2,,111,,44.0,4.4
272,273,Corey Brown,CAR,WR,25.0,16,8,0,0,0,0,0,2,6,3.0,0,53,27,276,10.22,1,63.2,45.7,,110,,59.0,3.69
273,274,Peyton Barber,TAM,RB,22.0,15,1,0,0,0,0,0,55,223,4.05,1,6,5,28,5.6,0,39.1,33.6,,79,,36.0,2.4
274,275,Andre Holmes,OAK,WR,28.0,16,2,0,0,0,0,0,0,0,,0,25,14,126,9.0,3,47.6,37.6,,115,,45.0,2.81
275,276,Jordan Taylor,DEN,WR,24.0,16,0,0,0,0,0,0,0,0,,0,25,16,209,13.06,2,50.9,38.9,,114,,47.0,2.94
276,277,Rod Streater,SFO,WR,28.0,16,2,0,0,0,0,0,0,0,,0,27,18,191,10.61,2,52.1,40.1,,113,,49.0,3.06
277,278,Eric Decker,NYJ,WR,29.0,3,3,0,0,0,0,0,0,0,,0,21,9,194,21.56,2,43.4,35.9,,112,,40.0,13.33
278,279,Virgil Green,DEN,TE,28.0,12,11,0,0,0,0,0,0,0,,0,37,22,237,10.77,1,54.7,40.7,,43,,52.0,4.33
279,280,Kenjon Barner,PHI,RB,27.0,13,0,0,0,0,0,0,27,129,4.78,2,11,5,42,8.4,0,37.1,31.6,,80,,34.0,2.62
280,281,C.J. Uzomah,CIN,TE,23.0,10,8,0,0,0,0,0,0,0,,0,38,25,234,9.36,1,57.4,41.9,,44,,54.0,5.4
281,282,Nick Foles,KAN,QB,27.0,3,1,36,55,410,3,0,4,-4,-1.0,0,0,0,0,,0,31.0,28.0,,45,,28.0,9.33
282,283,Jacoby Brissett,NWE,QB,24.0,3,2,34,55,400,0,0,16,83,5.19,1,0,0,0,,0,32.3,28.3,,44,,28.0,9.33
283,284,Paxton Lynch,DEN,QB,22.0,3,2,49,83,497,2,1,11,25,2.27,0,0,0,0,,0,32.4,29.4,,43,,28.0,9.33
284,285,Cameron Artis-Payne,CAR,RB,26.0,3,3,0,0,0,0,0,36,144,4.0,2,1,1,11,11.0,0,31.5,28.0,,82,,29.0,9.67
285,286,Kerwynn Williams,ARI,RB,25.0,10,0,0,0,0,0,0,18,157,8.72,2,2,1,6,6.0,0,32.3,28.8,,81,,29.0,2.9
286,287,Tanner McEvoy,SEA,WR,23.0,14,0,1,1,43,0,0,0,0,,0,11,9,140,15.56,2,39.7,32.2,,116,,37.0,2.64
287,288,Shane Vereen,NYG,RB,27.0,5,1,0,0,0,0,0,33,158,4.79,1,19,11,94,8.55,0,43.2,32.7,,84,,38.0,7.6
288,289,DuJuan Harris,SFO,RB,28.0,10,1,0,0,0,0,0,38,138,3.63,0,9,8,115,14.38,1,43.3,31.3,,83,,35.0,3.5
289,290,Bennie Fowler,DEN,WR,25.0,13,0,0,0,0,0,0,0,0,,0,24,11,145,13.18,2,40.5,32.0,,119,,38.0,2.92
290,291,Jaron Brown,ARI,WR,26.0,7,2,0,0,0,0,0,0,0,,0,22,11,187,17.0,1,38.7,30.2,,118,,38.0,5.43
291,292,Chester Rogers,IND,WR,22.0,14,2,0,0,0,0,0,0,0,,0,34,19,273,14.37,0,49.3,36.8,,117,,46.0,3.29
292,293,Kapri Bibbs,DEN,RB,23.0,12,0,0,0,0,0,0,29,129,4.45,0,4,2,75,37.5,1,31.4,27.4,,85,,28.0,2.33
293,294,Mike Tolbert,CAR,RB,31.0,16,2,0,0,0,0,0,35,114,3.26,0,15,10,72,7.2,1,37.6,29.6,,87,,35.0,2.19
294,295,Alex Collins,SEA,RB,22.0,11,0,0,0,0,0,0,31,125,4.03,1,11,11,84,7.64,0,39.9,30.4,,86,,36.0,3.27
295,296,Jeff Janis,GNB,WR,25.0,16,1,0,0,0,0,0,2,38,19.0,1,19,11,93,8.45,1,36.1,30.6,,120,,36.0,2.25
296,297,Seth Devalve,CLE,TE,23.0,12,2,0,0,0,0,0,0,0,,0,12,10,127,12.7,2,37.7,29.7,,47,,35.0,2.92
297,298,Luke Willson,SEA,TE,26.0,11,6,0,0,0,0,0,0,0,,0,21,15,129,8.6,2,42.9,32.4,,46,,40.0,3.64
298,299,Mychal Rivera,OAK,TE,26.0,13,2,0,0,0,0,0,0,0,,0,25,18,192,10.67,1,46.2,34.2,,45,,43.0,3.31
299,300,Kenneth Farrow,SDG,RB,23.0,13,2,0,0,0,0,0,60,192,3.2,0,16,13,70,5.38,0,41.2,30.7,,89,,37.0,2.85
300,301,Orleans Darkwa,NYG,RB,24.0,10,2,0,0,0,0,0,30,111,3.7,2,4,2,12,6.0,0,29.3,25.3,,88,,26.0,2.6
301,302,Jalin Marshall,NYJ,WR,21.0,10,1,0,0,0,0,0,0,0,,0,23,14,162,11.57,2,43.2,31.2,,121,,38.0,3.8
302,303,Xavier Grimble,PIT,TE,24.0,12,2,0,0,0,0,0,0,0,,0,21,11,118,10.73,2,37.8,29.3,,48,,35.0,2.92
303,304,Ricardo Louis,CLE,WR,22.0,16,3,0,0,0,0,0,0,0,,0,35,18,205,11.39,0,41.5,29.5,,125,,41.0,2.56
304,305,Andre Roberts,DET,WR,28.0,16,1,0,0,0,0,0,0,0,,0,25,14,188,13.43,1,52.8,41.8,,124,,37.0,2.31
305,306,Charles Johnson,MIN,WR,27.0,16,7,0,0,0,0,0,0,0,,0,37,20,232,11.6,0,46.2,33.2,,122,,43.0,2.69
306,307,Jordan Norwood,DEN,WR,30.0,14,6,0,0,0,0,0,1,0,0.0,0,35,21,232,11.05,1,50.2,33.7,,123,,44.0,3.14
307,308,Marcedes Lewis,JAX,TE,32.0,10,10,0,0,0,0,0,0,0,,0,30,20,169,8.45,1,45.9,32.9,,49,,43.0,4.3
308,309,Ameer Abdullah,DET,RB,23.0,2,2,0,0,0,0,0,18,101,5.61,0,5,5,57,11.4,1,29.8,24.3,,91,,27.0,13.5
309,310,Ronnie Hillman,2TM,RB,25.0,8,1,0,0,0,0,0,41,131,3.2,0,15,7,93,13.29,0,32.4,25.9,,90,,29.0,3.62
310,311,Roger Lewis,NYG,WR,23.0,13,1,0,0,0,0,0,0,0,,0,19,7,97,13.86,2,28.7,25.2,,127,,29.0,2.23
311,312,Marquess Wilson,CHI,WR,24.0,3,1,0,0,0,0,0,0,0,,0,16,9,160,17.78,1,34.0,26.5,,126,,31.0,10.33
312,313,Ben Koyack,JAX,TE,23.0,14,7,0,0,0,0,0,0,0,,0,24,19,161,8.47,1,44.1,31.6,,50,,41.0,2.93
313,314,Danny Woodhead,SDG,RB,31.0,2,1,0,0,0,0,0,19,116,6.11,0,8,6,35,5.83,1,30.1,24.1,,93,,27.0,13.5
314,315,Lance Dunbar,DAL,RB,26.0,13,0,0,0,0,0,0,9,31,3.44,1,24,16,122,7.63,0,40.3,29.3,,92,,37.0,2.85
315,316,Andre Johnson,TEN,WR,35.0,8,3,0,0,0,0,0,0,0,,0,22,9,85,9.44,2,29.5,25.0,,130,,30.0,3.75
316,317,Harry Douglas,TEN,WR,32.0,11,2,0,0,0,0,0,0,0,,0,22,15,210,14.0,0,39.0,28.5,,129,,36.0,3.27
317,318,Vincent Jackson,TAM,WR,33.0,5,5,0,0,0,0,0,0,0,,0,32,15,173,11.53,0,35.3,24.8,,128,,36.0,7.2
318,319,Darren Waller,BAL,TE,24.0,12,3,0,0,0,0,0,0,0,,0,17,10,85,8.5,2,30.5,25.5,,54,,31.0,2.58
319,320,Josh Hill,NOR,TE,26.0,9,8,0,0,0,0,0,0,0,,0,22,15,149,9.93,1,38.9,28.4,,53,,36.0,4.0
320,321,Darren Fells,ARI,TE,30.0,14,7,0,0,0,0,0,0,0,,0,18,14,154,11.0,1,38.4,28.4,,52,,35.0,2.5
321,322,Austin Seferian-Jenkins,2TM,TE,24.0,9,2,0,0,0,0,0,0,0,,0,20,13,154,11.85,1,37.4,27.9,,51,,34.0,3.78
322,323,Bobby Rainey,NYG,RB,29.0,15,0,0,0,0,0,0,17,63,3.71,0,25,20,153,7.65,0,43.6,29.6,,95,,40.0,2.67
323,324,Jonathan Grimes,HOU,RB,27.0,10,0,0,0,0,0,0,23,105,4.57,0,18,13,94,7.23,0,35.9,26.4,,94,,33.0,3.3
324,325,Kevin White,CHI,WR,24.0,4,4,0,0,0,0,0,1,9,9.0,0,36,19,187,9.84,0,41.6,29.1,,133,,39.0,9.75
325,326,Cody Core,CIN,WR,22.0,8,4,0,0,0,0,0,0,0,,0,27,17,200,11.76,0,40.0,28.5,,132,,37.0,4.62
326,327,Freddie Martino,TAM,WR,25.0,13,0,0,0,0,0,0,0,0,,0,11,8,142,17.75,1,31.2,24.2,,131,,28.0,2.15
327,328,Anthony Fasano,TEN,TE,32.0,16,9,0,0,0,0,0,0,0,,0,13,8,83,10.38,2,28.3,24.3,,55,,28.0,1.75
328,329,Demetrius Harris,KAN,TE,25.0,16,11,0,0,0,0,0,0,0,,0,31,17,123,7.24,1,46.3,34.8,,56,,37.0,2.31
329,330,Benny Cunningham,LAR,RB,26.0,11,0,0,0,0,0,0,21,101,4.81,0,21,16,91,5.69,0,38.2,27.2,,96,,35.0,3.18
330,331,Charone Peake,NYJ,WR,24.0,15,1,0,0,0,0,0,0,0,,0,35,19,186,9.79,0,46.6,34.1,,135,,38.0,2.53
331,332,Josh Huff,2TM,WR,25.0,10,2,0,1,0,0,0,4,15,3.75,0,23,16,113,7.06,1,43.8,32.8,,134,,35.0,3.5
332,333,Ed Dickson,CAR,TE,29.0,16,8,0,0,0,0,0,0,0,,0,19,10,134,13.4,1,32.4,24.4,,57,,29.0,1.81
333,334,Tom Savage,HOU,QB,26.0,3,2,46,73,461,0,0,6,12,2.0,0,0,0,0,,0,21.6,17.6,,46,,18.0,6.0
334,335,Andre Ellington,ARI,RB,27.0,16,0,0,0,0,0,0,34,96,2.82,0,19,12,85,7.08,0,30.1,24.1,,98,,30.0,1.88
335,336,Ka'Deem Carey,CHI,RB,24.0,12,0,0,0,0,0,0,32,126,3.94,0,7,5,55,11.0,0,26.1,20.6,,97,,23.0,1.92
336,337,Arrelious Benn,JAX,WR,28.0,15,0,0,0,0,0,0,0,0,,0,10,5,116,23.2,1,25.6,20.1,,136,,23.0,1.53
337,338,Jerell Adams,NYG,TE,24.0,13,2,0,0,0,0,0,0,0,,0,21,16,122,7.63,1,37.2,26.2,,59,,34.0,2.62
338,339,Daniel Brown,2TM,TE,24.0,8,3,0,0,0,0,0,0,0,,0,20,16,124,7.75,1,37.4,26.4,,58,,34.0,4.25
339,340,Derek Anderson,CAR,QB,33.0,5,2,36,53,453,2,5,1,4,4.0,0,0,0,0,,0,25.5,21.5,,48,,17.0,3.4
340,341,Kevin Hogan,CLE,QB,24.0,4,0,14,26,104,0,2,8,105,13.13,1,0,0,0,,0,21.7,18.7,,47,,17.0,4.25
341,342,Denard Robinson,JAX,RB,26.0,13,1,0,0,0,0,0,41,144,3.51,0,5,3,22,7.33,0,22.6,18.1,,100,,20.0,1.54
342,343,Reggie Bush,BUF,RB,31.0,13,0,0,0,0,0,0,12,-3,-0.25,1,10,7,90,12.86,0,23.7,20.2,,99,,24.0,1.85
343,344,Brandon Tate,BUF,WR,29.0,15,1,0,0,0,0,0,3,48,16.0,0,12,8,117,14.63,0,27.5,20.5,,137,,25.0,1.67
344,345,MarQueis Gray,MIA,TE,27.0,16,7,0,0,0,0,0,0,0,,0,17,14,174,12.43,0,34.4,24.4,,60,,31.0,1.94
345,346,Matt Cassel,TEN,QB,34.0,4,1,30,51,284,2,2,4,3,0.75,0,0,0,0,,0,17.7,17.7,,49,,16.0,4.0
346,347,Chris Johnson,ARI,RB,31.0,4,0,0,0,0,0,0,25,95,3.8,1,1,0,0,,0,15.5,15.5,,103,,16.0,4.0
347,348,Josh Ferguson,IND,RB,23.0,16,0,0,0,0,0,0,15,20,1.33,0,26,20,136,6.8,0,38.6,25.6,,102,,36.0,2.25
348,349,Terron Ward,ATL,RB,24.0,5,0,0,0,0,0,0,31,151,4.87,0,2,1,11,11.0,0,20.2,16.7,,101,,17.0,3.4
349,350,Braxton Miller,HOU,WR,24.0,10,6,0,0,0,0,0,3,0,0.0,0,28,15,99,6.6,1,30.9,23.4,,138,,31.0,3.1
350,351,Brent Celek,PHI,TE,31.0,16,8,0,0,0,0,0,0,0,,0,19,14,155,11.07,0,32.5,22.5,,61,,30.0,1.88
351,352,Greg Salas,BUF,WR,28.0,2,1,0,0,0,0,0,0,0,,0,6,4,89,22.25,1,18.9,16.9,,140,,19.0,9.5
352,353,Cecil Shorts,TAM,WR,29.0,9,5,0,0,0,0,0,0,0,,0,27,11,152,13.82,0,29.2,20.7,,139,,26.0,2.89
353,354,Tyler Higbee,LAR,TE,23.0,16,6,0,0,0,0,0,0,0,,0,29,11,85,7.73,1,25.5,20.0,,63,,26.0,1.62
354,355,Stephen Anderson,HOU,TE,23.0,13,0,0,0,0,0,0,0,0,,0,16,11,93,8.45,1,26.3,20.8,,62,,26.0,2.0
355,356,Andy Janovich,DEN,RB,23.0,11,5,0,0,0,0,0,4,33,8.25,1,7,5,44,8.8,0,18.7,16.2,,106,,19.0,1.73
356,357,Akeem Hunt,HOU,RB,23.0,8,0,0,0,0,0,0,20,109,5.45,0,4,3,29,9.67,0,19.8,15.3,,105,,17.0,2.12
357,358,Mack Brown,WAS,RB,25.0,9,0,0,0,0,0,0,8,82,10.25,1,1,1,-2,-2.0,0,15.0,14.5,,104,,15.0,1.67
358,359,Walt Powell,BUF,WR,25.0,9,2,0,0,0,0,0,0,0,,0,25,14,142,10.14,0,31.2,21.2,,141,,28.0,3.11
359,360,Brandon Myers,TAM,TE,31.0,16,9,0,0,0,0,0,0,0,,0,14,7,59,8.43,1,20.9,17.4,,66,,21.0,1.31
360,361,A.J. Derby,2TM,TE,25.0,10,3,0,0,0,0,0,0,0,,0,20,16,160,10.0,0,34.0,22.0,,65,,30.0,3.0
361,362,Jeff Heuerman,DEN,TE,24.0,12,2,0,0,0,0,0,0,0,,0,17,9,141,15.67,0,26.1,18.6,,64,,23.0,1.92
362,363,C.J. Spiller,2TM,RB,29.0,6,0,0,0,0,0,0,6,18,3.0,0,13,6,50,8.33,1,18.8,15.8,,108,,19.0,3.17
363,364,Arian Foster,MIA,RB,30.0,4,2,0,0,0,0,0,22,55,2.5,0,10,6,78,13.0,0,19.3,16.3,,107,,19.0,4.75
364,365,Paul Turner,PHI,WR,23.0,4,2,0,0,0,0,0,0,0,,0,14,9,126,14.0,0,24.6,17.1,,146,,22.0,5.5
365,366,Jarius Wright,MIN,WR,27.0,7,1,0,0,0,0,0,0,0,,0,14,11,67,6.09,1,23.7,18.2,,145,,24.0,3.43
366,367,Markus Wheaton,PIT,WR,25.0,3,2,0,0,0,0,0,0,0,,0,9,4,51,12.75,1,17.1,15.1,,143,,17.0,5.67
367,368,Jaelen Strong,HOU,WR,22.0,8,2,0,0,0,0,0,0,0,,0,24,14,131,9.36,0,30.1,20.1,,144,,27.0,3.38
368,369,Chris Harper,SFO,WR,23.0,9,2,0,0,0,0,0,0,0,,0,21,13,133,10.23,0,29.3,19.8,,142,,26.0,2.89
369,370,Crockett Gillmore,BAL,TE,25.0,7,5,0,0,0,0,0,0,0,,0,14,8,71,8.88,1,21.1,17.1,,70,,21.0,3.0
370,371,John Phillips,2TM,TE,29.0,16,7,0,0,0,0,0,0,0,,0,15,10,72,7.2,1,23.2,18.2,,69,,23.0,1.44
371,372,Larry Donnell,NYG,TE,28.0,14,6,0,0,0,0,0,0,0,,0,22,15,92,6.13,1,29.2,20.7,,68,,28.0,2.0
372,373,Nick O'Leary,BUF,TE,24.0,16,7,0,0,0,0,0,0,0,,0,14,9,114,12.67,0,25.4,17.9,,67,,22.0,1.38
373,374,Mike Davis,SFO,RB,23.0,8,1,0,0,0,0,0,19,50,2.63,1,5,3,25,8.33,0,15.5,13.0,,109,,15.0,1.88
374,375,Brittan Golden,ARI,WR,28.0,12,1,0,0,0,0,0,0,0,,0,14,8,82,10.25,1,21.2,16.2,,147,,20.0,1.67
375,376,Rhett Ellison,MIN,TE,28.0,15,6,0,0,0,0,0,1,1,1.0,1,14,9,57,6.33,0,20.8,16.3,,73,,21.0,1.4
376,377,Jordan Cameron,MIA,TE,28.0,3,3,0,0,0,0,0,0,0,,0,11,8,60,7.5,1,20.0,16.0,,72,,20.0,6.67
377,378,Dominique Jones,MIA,TE,29.0,9,2,0,0,0,0,0,0,0,,0,10,7,61,8.71,1,19.1,15.6,,71,,19.0,2.11
378,379,Charlie Whitehurst,CLE,QB,34.0,1,0,14,24,182,1,1,2,1,0.5,0,0,0,0,,0,10.4,10.4,,50,,11.0,11.0
379,380,Patrick DiMarco,ATL,RB,27.0,16,8,0,0,0,0,0,0,0,,0,10,7,52,7.43,1,18.2,14.7,,112,,18.0,1.12
380,381,Jamaal Charles,KAN,RB,30.0,3,0,0,0,0,0,0,12,40,3.33,1,3,2,14,7.0,0,13.4,12.4,,111,,13.0,4.33
381,382,Jonathan Williams,BUF,RB,22.0,10,0,0,1,0,0,0,27,94,3.48,1,2,1,0,0.0,0,14.4,11.9,,110,,12.0,1.2
382,383,Lucky Whitehead,DAL,WR,24.0,15,1,0,0,0,0,0,10,82,8.2,0,3,3,48,16.0,0,15.0,12.5,,149,,14.0,0.93
383,384,T.J. Jones,DET,WR,24.0,3,0,0,0,0,0,0,0,0,,0,14,5,93,18.6,0,14.3,11.8,,148,,16.0,5.33
384,385,Neal Sterling,JAX,TE,24.0,10,1,0,0,0,0,0,0,0,,0,16,12,110,9.17,0,26.0,17.0,,74,,23.0,2.3
385,386,Shaun Hill,MIN,QB,36.0,3,1,19,35,242,0,0,5,5,1.0,0,0,0,0,,0,10.2,10.2,,51,,10.0,3.33
386,387,Antone Smith,TAM,RB,31.0,3,0,0,0,0,0,0,10,47,4.7,0,9,6,77,12.83,0,17.4,13.4,,114,,16.0,5.33
387,388,Darren McFadden,DAL,RB,29.0,4,2,0,0,0,0,0,24,87,3.63,0,5,3,17,5.67,0,13.4,11.9,,113,,13.0,3.25
388,389,Jeremy Ross,2TM,WR,28.0,6,1,0,0,0,0,0,0,0,,0,4,4,37,9.25,1,13.7,11.7,,152,,14.0,2.33
389,390,James Wright,CIN,WR,25.0,13,2,0,0,0,0,0,2,-6,-3.0,0,19,13,106,8.15,0,26.0,16.5,,151,,23.0,1.77
390,391,Demarcus Ayers,PIT,WR,22.0,2,1,0,0,0,0,0,2,-12,-6.0,0,13,6,53,8.83,1,16.1,13.1,,150,,16.0,8.0
391,392,Alan Cross,TAM,TE,23.0,14,0,0,0,0,0,0,0,0,,0,10,6,38,6.33,1,15.8,12.8,,77,,16.0,1.14
392,393,David Johnson,PIT,TE,29.0,16,4,0,0,0,0,0,0,0,,0,11,7,80,11.43,0,17.0,13.5,,76,,17.0,1.06
393,394,Joshua Perkins,ATL,TE,23.0,8,1,0,0,0,0,0,0,0,,0,5,3,42,14.0,1,13.2,11.7,,75,,13.0,1.62
394,395,Scott Tolzien,IND,QB,29.0,3,1,23,37,216,1,2,6,3,0.5,0,0,0,0,,0,10.9,10.9,,54,,9.0,3.0
395,396,Mike Glennon,TAM,QB,27.0,2,0,10,11,75,1,0,0,0,,0,0,0,0,,0,9.0,9.0,,53,,9.0,4.5
396,397,Drew Stanton,ARI,QB,32.0,5,1,19,48,192,2,3,3,-3,-1.0,0,0,0,0,,0,12.4,12.4,,52,,9.0,1.8
397,398,Juwan Thompson,DEN,RB,24.0,8,1,0,0,0,0,0,8,26,3.25,1,1,0,0,,0,8.6,8.6,,121,,9.0,1.12
398,399,Derek Watt,SDG,RB,24.0,16,2,0,0,0,0,0,2,4,2.0,0,4,4,83,20.75,0,12.7,10.7,,119,,13.0,0.81
399,400,Andre Williams,SDG,RB,24.0,1,0,0,0,0,0,0,18,87,4.83,0,2,0,0,,0,8.7,8.7,,120,,9.0,9.0
400,401,Fitzgerald Toussaint,PIT,RB,26.0,16,0,0,0,0,0,0,14,58,4.14,0,3,3,33,11.0,0,12.1,10.6,,118,,12.0,0.75
401,402,Terrell Watson,PHI,RB,23.0,1,0,0,0,0,0,0,9,28,3.11,1,1,1,5,5.0,0,10.3,9.8,,117,,10.0,10.0
402,403,Marcel Reece,SEA,RB,31.0,4,0,0,0,0,0,0,2,0,0.0,0,5,5,73,14.6,0,14.3,11.8,,116,,14.0,3.5
403,404,George Atkinson,CLE,RB,24.0,16,0,0,0,0,0,0,7,34,4.86,1,0,0,0,,0,9.4,9.4,,115,,9.0,0.56
404,405,Pharoh Cooper,LAR,WR,21.0,10,3,0,1,0,0,1,0,0,,0,20,14,106,7.57,0,26.6,16.6,,156,,23.0,2.3
405,406,Tommylee Lewis,NOR,WR,24.0,12,1,0,0,0,0,0,3,11,3.67,0,11,7,76,10.86,0,15.7,12.2,,155,,16.0,1.33
406,407,Bryce Treggs,PHI,WR,22.0,9,1,0,0,0,0,0,2,7,3.5,0,12,3,80,26.67,0,11.7,10.2,,154,,12.0,1.33
407,408,Leonte Carroo,MIA,WR,22.0,14,2,0,0,0,0,0,0,0,,0,6,3,29,9.67,1,11.9,10.4,,153,,12.0,0.86
408,409,Blake Bell,SFO,TE,25.0,13,0,0,0,0,0,0,0,0,,0,9,4,85,21.25,0,12.5,10.5,,80,,13.0,1.0
409,410,Gavin Escobar,DAL,TE,25.0,16,1,0,0,0,0,0,0,0,,0,7,4,30,7.5,1,13.0,11.0,,79,,13.0,0.81
410,411,Tyler Kroft,CIN,TE,24.0,14,11,0,0,0,0,0,0,0,,0,12,10,92,9.2,0,19.2,14.2,,78,,19.0,1.36
411,412,Trevone Boykin,SEA,QB,23.0,6,0,13,18,145,1,1,8,1,0.13,0,0,0,0,,0,8.9,8.9,,57,,8.0,1.33
412,413,Geno Smith,NYJ,QB,26.0,2,1,8,14,126,1,1,2,9,4.5,0,0,0,0,,0,8.9,8.9,,56,,8.0,4.0
413,414,Connor Cook,OAK,QB,23.0,1,0,14,21,150,1,1,0,0,,0,0,0,0,,0,8.0,7.0,,55,,8.0,8.0
414,415,Wendall Williams,HOU,WR,26.0,3,0,0,0,0,0,0,0,0,,0,7,4,75,18.75,0,11.5,9.5,,160,,12.0,4.0
415,416,Ryan Grant,WAS,WR,26.0,16,1,0,0,0,0,0,0,0,,0,19,9,76,8.44,0,16.6,12.1,,159,,17.0,1.06
416,417,Cody Latimer,DEN,WR,24.0,12,1,0,0,0,0,0,0,0,,0,15,8,76,9.5,0,15.6,11.6,,158,,16.0,1.33
417,418,Rashard Higgins,CLE,WR,22.0,16,0,0,0,0,0,0,0,0,,0,12,6,77,12.83,0,13.7,10.7,,157,,14.0,0.88
418,419,Connor Hamlett,CLE,TE,24.0,3,2,0,0,0,0,0,0,0,,0,1,1,17,17.0,1,8.7,8.2,,82,,9.0,3.0
419,420,Matt Lengel,NWE,TE,26.0,6,0,0,0,0,0,0,0,0,,0,3,2,22,11.0,1,10.2,9.2,,81,,10.0,1.67
420,421,EJ Manuel,BUF,QB,26.0,7,1,11,26,131,0,0,8,22,2.75,0,0,0,0,,0,8.4,7.4,,58,,7.0,1.0
421,422,Malcolm Brown,LAR,RB,,16,0,0,0,0,0,0,18,39,2.17,0,3,3,46,15.33,0,10.5,8.0,,124,,10.0,0.62
422,423,Jerome Felton,BUF,RB,30.0,15,4,0,0,0,0,0,8,13,1.63,0,9,6,57,9.5,0,13.0,10.0,,123,,13.0,0.87
423,424,Byron Marshall,PHI,RB,22.0,3,0,0,0,0,0,0,19,64,3.37,0,5,3,10,3.33,0,10.4,8.9,,122,,10.0,3.33
424,425,Chris Moore,BAL,WR,23.0,15,0,0,0,0,0,0,3,19,6.33,0,16,7,46,6.57,0,19.5,16.0,,167,,14.0,0.93
425,426,Josh Doctson,WAS,WR,24.0,2,0,0,0,0,0,0,0,0,,0,6,2,66,33.0,0,8.6,7.6,,165,,9.0,4.5
426,427,Maurice Harris,WAS,WR,24.0,10,0,0,0,0,0,0,0,0,,0,12,8,66,8.25,0,14.6,10.6,,166,,15.0,1.5
427,428,Aaron Burbridge,SFO,WR,23.0,16,3,0,0,0,0,0,0,0,,0,16,7,88,12.57,0,14.8,10.3,,164,,14.0,0.88
428,429,Keith Mumphery,HOU,WR,24.0,11,3,0,0,0,0,0,0,0,,0,12,10,69,6.9,0,16.9,11.9,,163,,17.0,1.55
429,430,Alex Erickson,CIN,WR,24.0,16,0,0,0,0,0,0,0,0,,0,8,6,71,11.83,0,13.1,10.1,,162,,13.0,0.81
430,431,Michael Campanaro,BAL,WR,25.0,3,0,0,0,0,0,0,3,72,24.0,0,1,0,0,,0,7.2,7.2,,161,,7.0,2.33
431,432,Geoff Swaim,DAL,TE,25.0,9,6,0,0,0,0,0,0,0,,0,8,6,69,11.5,0,12.9,9.9,,83,,13.0,1.44
432,433,Jordan Todman,IND,RB,26.0,16,0,0,0,0,0,0,9,59,6.56,0,1,0,0,,0,11.9,11.9,,126,,6.0,0.38
433,434,Adrian Peterson,MIN,RB,31.0,3,3,0,0,0,0,0,37,72,1.95,0,6,3,8,2.67,0,10.0,7.5,,125,,9.0,3.0
434,435,Johnny Holton,OAK,WR,25.0,15,0,0,0,0,0,0,6,43,7.17,0,3,2,34,17.0,0,8.7,6.7,,172,,8.0,0.53
435,436,Nick Williams,ATL,WR,26.0,2,0,0,0,0,0,0,0,0,,0,7,5,59,11.8,0,10.9,8.4,,171,,11.0,5.5
436,437,Keenan Allen,SDG,WR,24.0,1,1,0,0,0,0,0,0,0,,0,7,6,63,10.5,0,12.3,9.3,,170,,12.0,12.0
437,438,De'Anthony Thomas,KAN,WR,23.0,12,0,0,0,0,0,0,4,29,7.25,0,9,7,35,5.0,0,13.4,9.9,,169,,13.0,1.08
438,439,Trevor Davis,GNB,WR,23.0,11,0,0,0,0,0,0,0,0,,0,7,3,24,8.0,1,10.4,7.9,,168,,9.0,0.82
439,440,Jace Amaro,TEN,TE,24.0,3,0,0,0,0,0,0,0,0,,0,4,3,59,19.67,0,8.9,7.4,,87,,9.0,3.0
440,441,D.J. Tialavea,ATL,TE,25.0,2,0,0,0,0,0,0,0,0,,0,1,1,1,1.0,1,7.1,6.6,,86,,7.0,3.5
441,442,Phillip Supernaw,TEN,TE,26.0,15,2,0,0,0,0,0,0,0,,0,5,4,62,15.5,0,10.2,8.2,,85,,10.0,0.67
442,443,Brandon Bostick,NYJ,TE,27.0,16,7,0,0,0,0,0,0,0,,0,11,8,63,7.88,0,14.3,10.3,,84,,14.0,0.88
443,444,Tony Romo,DAL,QB,36.0,1,0,3,4,29,1,0,0,0,,0,0,0,0,,0,5.2,5.2,,59,,5.0,5.0
444,445,Brandon Wilds,NYJ,RB,23.0,4,0,0,0,0,0,0,10,27,2.7,0,2,2,20,10.0,0,6.7,5.7,,130,,7.0,1.75
445,446,Javorius Allen,BAL,RB,25.0,8,0,0,0,0,0,0,9,34,3.78,0,4,3,15,5.0,0,7.9,6.4,,128,,8.0,1.0
446,447,Troymaine Pope,2TM,RB,23.0,4,0,0,0,0,0,0,12,44,3.67,0,2,1,5,5.0,0,5.9,5.4,,129,,6.0,1.5
447,448,Knile Davis,2TM,RB,25.0,11,0,0,0,0,0,0,18,28,1.56,0,7,5,25,5.0,0,10.3,7.8,,127,,10.0,0.91
448,449,Tavarres King,NYG,WR,26.0,6,0,0,0,0,0,0,0,0,,0,4,2,50,25.0,0,7.0,6.0,,174,,7.0,1.17
449,450,Dwayne Harris,NYG,WR,29.0,16,1,0,0,0,0,0,0,0,,0,1,1,13,13.0,1,7.3,5.8,,173,,6.0,0.38
450,451,Ifeanyi Momah,ARI,TE,27.0,5,1,0,0,0,0,0,0,0,,0,4,2,50,25.0,0,7.0,6.0,,88,,7.0,1.4
451,452,Taiwan Jones,OAK,RB,28.0,13,0,0,0,0,0,0,1,-8,-8.0,0,4,4,43,10.75,0,7.5,5.5,,134,,8.0,0.62
452,453,Dexter McCluster,SDG,RB,28.0,6,0,0,0,0,0,0,3,2,0.67,0,11,7,36,5.14,0,10.8,7.3,,133,,11.0,1.83
453,454,Mike James,TAM,RB,25.0,4,0,0,0,0,0,0,4,19,4.75,0,4,4,22,5.5,0,8.1,6.1,,132,,8.0,2.0
454,455,Daniel Lasco,NOR,RB,24.0,7,0,0,0,0,0,0,11,32,2.91,0,4,2,11,5.5,0,6.3,5.3,,131,,6.0,0.86
455,456,Bradley Marquez,LAR,WR,24.0,14,0,0,0,0,0,0,1,2,2.0,0,7,3,37,12.33,0,6.9,5.4,,176,,7.0,0.5
456,457,Quan Bray,IND,WR,23.0,6,0,0,0,0,0,0,1,7,7.0,0,4,3,36,12.0,0,7.3,5.8,,175,,7.0,1.17
457,458,Justin Perillo,GNB,TE,25.0,8,1,0,0,0,0,0,0,0,,0,5,4,35,8.75,0,7.5,5.5,,92,,8.0,1.0
458,459,Brandon Williams,SEA,TE,29.0,16,1,0,0,0,0,0,0,0,,0,3,2,36,18.0,0,5.6,4.6,,91,,6.0,0.38
459,460,Ben Braunecker,CHI,TE,22.0,13,2,0,0,0,0,0,0,0,,0,6,4,41,10.25,0,8.1,6.1,,90,,8.0,0.62
460,461,Nick Boyle,BAL,TE,23.0,6,0,0,0,0,0,0,0,0,,0,6,6,44,7.33,0,10.4,7.4,,89,,10.0,1.67
461,462,Keith Smith,DAL,RB,24.0,16,1,0,0,0,0,0,2,5,2.5,0,4,3,20,6.67,0,5.5,4.0,,140,,6.0,0.38
462,463,D.J. Foster,NWE,RB,23.0,3,0,0,0,0,0,0,7,24,3.43,0,2,1,2,2.0,0,3.6,3.1,,139,,4.0,1.33
463,464,Dan Vitale,CLE,RB,22.0,9,3,0,0,0,0,0,0,0,,0,5,4,27,6.75,0,6.7,4.7,,137,,7.0,0.78
464,465,Malcolm Johnson,CLE,RB,24.0,7,1,0,0,0,0,0,1,2,2.0,0,7,5,44,8.8,0,8.6,5.1,,138,,8.0,1.14
465,466,Isaiah Pead,MIA,RB,27.0,3,0,0,0,0,0,0,8,22,2.75,0,1,1,6,6.0,0,3.8,3.3,,136,,4.0,1.33
466,467,Don Jackson,GNB,RB,23.0,3,1,0,0,0,0,0,10,32,3.2,0,1,0,0,,0,3.2,3.2,,135,,3.0,1.0
467,468,Sean McGrath,SDG,TE,29.0,16,5,0,0,0,0,0,0,0,,0,2,2,25,12.5,0,4.5,3.5,,97,,5.0,0.31
468,469,Niles Paul,WAS,TE,27.0,8,1,0,0,0,0,0,0,0,,0,2,2,27,13.5,0,4.7,3.7,,96,,5.0,0.62
469,470,Lee Smith,OAK,TE,29.0,4,4,0,0,0,0,0,0,0,,0,6,6,29,4.83,0,8.9,5.9,,95,,9.0,2.25
470,471,Derek Carrier,WAS,TE,26.0,8,0,0,0,0,0,0,0,0,,0,2,2,10,5.0,0,3.0,2.0,,94,,5.0,0.62
471,472,Nick Vannett,SEA,TE,23.0,8,2,0,0,0,0,0,0,0,,0,4,3,32,10.67,0,6.2,4.7,,93,,6.0,0.75
472,473,Matt McGloin,OAK,QB,27.0,4,1,8,15,50,0,0,3,-3,-1.0,0,0,0,0,,0,1.7,1.7,,61,,2.0,0.5
473,474,Cardale Jones,BUF,QB,24.0,1,0,6,11,96,0,1,1,-1,-1.0,0,0,0,0,,0,2.7,2.7,,60,,2.0,2.0
474,475,Antonio Andrews,TEN,RB,25.0,16,0,0,0,0,0,0,2,15,7.5,0,0,0,0,,0,1.5,1.5,,145,,2.0,0.12
475,476,Zach Line,MIN,RB,26.0,15,4,0,0,0,0,0,7,15,2.14,0,3,0,0,,0,1.5,1.5,,146,,2.0,0.13
476,477,Jay Prosch,HOU,RB,24.0,15,1,0,0,0,0,0,4,9,2.25,0,1,1,6,6.0,0,2.5,2.0,,147,,3.0,0.2
477,478,Cedric Peerman,CIN,RB,30.0,6,0,0,0,0,0,0,6,15,2.5,0,1,0,0,,0,1.5,1.5,,148,,2.0,0.33
478,479,Jalston Fowler,TEN,RB,26.0,16,7,0,0,0,0,0,1,3,3.0,0,2,1,14,14.0,0,2.7,2.2,,144,,3.0,0.19
479,480,James Develin,NWE,RB,28.0,16,4,0,0,0,0,0,0,0,,0,6,3,18,6.0,0,4.8,3.3,,143,,5.0,0.31
480,481,J.D. McKissic,SEA,RB,23.0,1,0,0,0,0,0,0,1,2,2.0,0,2,2,16,8.0,0,3.8,2.8,,142,,4.0,4.0
481,482,Brandon Bolden,NWE,RB,26.0,14,0,0,0,0,0,0,1,4,4.0,0,4,2,15,7.5,0,3.9,2.9,,141,,4.0,0.29
482,483,Marc Mariani,TEN,WR,29.0,16,0,0,0,0,0,0,1,15,15.0,0,0,0,0,,0,1.5,1.5,,187,,2.0,0.12
483,484,Laquon Treadwell,MIN,WR,21.0,9,1,0,0,0,0,0,0,0,,0,3,1,15,15.0,0,2.5,2.0,,186,,3.0,0.33
484,485,Damiere Byrd,CAR,WR,23.0,1,0,0,0,0,0,0,0,0,,0,1,1,16,16.0,0,2.6,2.1,,185,,3.0,3.0
485,486,Percy Harvin,BUF,WR,28.0,2,1,0,0,0,0,0,1,11,11.0,0,4,2,6,3.0,0,3.7,2.7,,182,,4.0,2.0
486,487,Mike Thomas,LAR,WR,22.0,15,0,0,0,0,0,0,0,0,,0,9,3,37,12.33,0,5.7,3.2,,183,,5.0,0.33
487,488,Brenton Bersin,CAR,WR,26.0,10,0,0,0,0,0,0,0,0,,0,6,2,17,8.5,0,3.7,2.7,,184,,4.0,0.4
488,489,Devin Street,IND,WR,25.0,4,0,0,0,0,0,0,0,0,,0,6,1,20,20.0,0,3.0,2.5,,181,,3.0,0.75
489,490,Devin Smith,NYJ,WR,24.0,4,0,0,0,0,0,0,0,0,,0,3,1,20,20.0,0,3.0,2.5,,180,,3.0,0.75
490,491,Griff Whalen,SDG,WR,26.0,8,0,0,0,0,0,0,0,0,,0,4,2,22,11.0,0,4.2,3.2,,179,,4.0,0.5
491,492,DeAndre Smelter,SFO,WR,25.0,2,0,0,0,0,0,0,0,0,,0,1,1,23,23.0,0,3.3,2.8,,178,,3.0,1.5
492,493,Shane Wynn,JAX,WR,24.0,5,0,0,0,0,0,0,2,5,2.5,0,3,1,19,19.0,0,3.4,2.9,,177,,3.0,0.6
493,494,Logan Paulsen,CHI,TE,29.0,16,12,0,0,0,0,0,0,0,,0,10,3,15,5.0,0,4.5,3.0,,101,,5.0,0.31
494,495,Ross Travis,KAN,TE,23.0,6,3,0,0,0,0,0,0,0,,0,6,3,15,5.0,0,4.5,3.0,,102,,5.0,0.83
495,496,Cole Wick,DET,TE,23.0,6,0,0,0,0,0,0,0,0,,0,3,2,18,9.0,0,3.8,2.8,,100,,4.0,0.67
496,497,Clay Harbor,2TM,TE,29.0,15,2,0,0,0,0,0,0,0,,0,3,3,19,6.33,0,4.9,3.4,,99,,5.0,0.33
497,498,Luke Stocker,TAM,TE,28.0,12,10,0,0,0,0,0,0,0,,0,8,5,23,4.6,0,7.3,4.8,,98,,7.0,0.58
498,499,Chase Daniel,PHI,QB,30.0,2,0,1,1,16,0,0,0,0,,0,0,0,0,,0,0.6,0.6,,63,,1.0,0.5
499,500,David Fales,CHI,QB,26.0,1,0,2,5,22,0,0,1,0,0.0,0,0,0,0,,0,0.9,0.9,,62,,1.0,1.0
500,501,George Farmer,SEA,RB,23.0,2,0,0,0,0,0,0,1,1,1.0,0,3,1,4,4.0,0,1.5,1.0,,160,,2.0,1.0
501,502,Roosevelt Nix,PIT,RB,24.0,10,3,0,0,0,0,0,0,0,,0,2,2,5,2.5,0,2.5,1.5,,161,,3.0,0.3
502,503,Raheem Mostert,2TM,RB,24.0,3,0,0,0,0,0,0,1,6,6.0,0,0,0,0,,0,0.6,0.6,,159,,1.0,0.33
503,504,Stevan Ridley,ATL,RB,27.0,1,0,0,0,0,0,0,3,7,2.33,0,0,0,0,,0,0.7,0.7,,158,,1.0,1.0
504,505,Daryl Richardson,PIT,RB,26.0,3,0,0,0,0,0,0,2,7,3.5,0,0,0,0,,0,0.7,0.7,,157,,1.0,0.33
505,506,Joe Banyard,JAX,RB,28.0,1,0,0,0,0,0,0,2,7,3.5,0,0,0,0,,0,0.7,0.7,,156,,1.0,1.0
506,507,Lorenzo Taliaferro,BAL,RB,25.0,3,0,0,0,0,0,0,1,0,0.0,0,3,3,10,3.33,0,4.0,2.5,,155,,4.0,1.33
507,508,Bronson Hill,JAX,RB,23.0,3,0,0,0,0,0,0,2,11,5.5,0,1,0,0,,0,1.1,1.1,,153,,1.0,0.33
508,509,Anthony Sherman,KAN,RB,28.0,16,3,0,0,0,0,0,0,0,,0,6,4,11,2.75,0,5.1,3.1,,152,,5.0,0.31
509,510,Paul Lasike,CHI,RB,26.0,10,3,0,0,0,0,0,3,8,2.67,0,1,1,3,3.0,0,2.1,1.6,,154,,2.0,0.2
510,511,Terrence Magee,SEA,RB,23.0,2,0,0,0,0,0,0,3,12,4.0,0,0,0,0,,0,1.2,1.2,,150,,1.0,0.5
511,512,Stepfan Taylor,ARI,RB,25.0,15,0,0,0,0,0,0,4,12,3.0,0,0,0,0,,0,1.2,1.2,,151,,1.0,0.07
512,513,Ryan Hewitt,CIN,RB,25.0,16,11,0,0,0,0,0,0,0,,0,3,2,13,6.5,0,3.3,2.3,,149,,3.0,0.19
513,514,Paul McRoberts,LAR,WR,24.0,2,0,0,0,0,0,0,0,0,,0,1,1,6,6.0,0,1.6,1.1,,193,,2.0,1.0
514,515,Jared Abbrederis,GNB,WR,26.0,5,0,0,0,0,0,0,0,0,,0,2,1,8,8.0,0,1.8,1.3,,192,,2.0,0.4
515,516,Rashad Ross,WAS,WR,26.0,5,0,0,0,0,0,0,0,0,,0,1,1,8,8.0,0,1.8,1.3,,191,,2.0,0.4
516,517,Tony Washington,JAX,WR,26.0,2,0,0,0,0,0,0,0,0,,0,1,1,9,9.0,0,1.9,1.4,,190,,2.0,1.0
517,518,Jeremy Butler,SDG,WR,25.0,4,0,0,0,0,0,0,0,0,,0,2,2,11,5.5,0,3.1,2.1,,189,,3.0,0.75
518,519,Rashad Greene,JAX,WR,24.0,8,0,0,0,0,0,0,0,0,,0,8,5,32,6.4,0,7.2,3.7,,188,,6.0,0.75
519,520,Matthew Mulligan,DET,TE,31.0,8,0,0,0,0,0,0,0,0,,0,1,1,8,8.0,0,1.8,1.3,,109,,2.0,0.25
520,521,Chris Manhertz,2TM,TE,24.0,7,2,0,0,0,0,0,0,0,,0,1,1,10,10.0,0,2.0,1.5,,108,,2.0,0.29
521,522,Alex Ellis,JAX,TE,23.0,6,3,0,0,0,0,0,0,0,,0,4,3,11,3.67,0,4.1,2.6,,107,,4.0,0.67
522,523,Je'Ron Hamm,SFO,TE,24.0,5,0,0,0,0,0,0,0,0,,0,4,2,13,6.5,0,3.3,2.3,,104,,3.0,0.6
523,524,MyCole Pruitt,2TM,TE,24.0,4,0,0,0,0,0,0,0,0,,0,2,2,13,6.5,0,3.3,2.3,,106,,3.0,0.75
524,525,Henry Krieger-Coble,DEN,TE,24.0,2,0,0,0,0,0,0,0,0,,0,1,1,13,13.0,0,2.3,1.8,,105,,2.0,1.0
525,526,Gerald Christian,BUF,TE,25.0,3,0,0,0,0,0,0,0,0,,0,2,1,14,14.0,0,2.4,1.9,,103,,2.0,0.67
526,527,Sean Mannion,LAR,QB,24.0,1,0,3,6,19,0,1,1,-1,-1.0,0,0,0,0,,0,-0.3,-0.3,,71,,-1.0,-1.0
527,528,Bralon Addison,CHI,RB,23.0,2,0,0,0,0,0,0,1,4,4.0,0,1,1,11,11.0,0,1.5,,,171,,0.0,0.0
528,529,Tyler Ervin,HOU,RB,23.0,12,0,0,0,0,0,0,1,3,3.0,0,5,3,18,6.0,0,3.1,-0.4,,172,,1.0,0.08
529,530,Keshawn Martin,SFO,,26.0,1,0,0,0,0,0,0,0,0,,0,0,0,0,,0,-1.0,-2.0,,209,,-2.0,-2.0
530,531,Jakeem Grant,MIA,WR,24.0,16,0,0,0,0,0,0,1,1,1.0,0,1,0,0,,0,5.1,4.1,,208,,-2.0,-0.12
531,532,Matt Slater,NWE,WR,31.0,13,0,0,0,0,0,0,1,5,5.0,0,1,0,0,,0,-0.5,-1.5,,207,,-2.0,-0.15
532,533,Brett Hundley,GNB,QB,23.0,4,0,2,10,17,0,1,3,-2,-0.67,0,0,0,0,,0,-0.5,-0.5,,72,,-2.0,-0.5
533,534,Ryan Mallett,BAL,QB,28.0,4,0,3,6,26,0,1,5,-6,-1.2,0,0,0,0,,0,-0.6,-0.6,,73,,-2.0,-0.5
534,535,Julian Howsare,NYJ,,24.0,2,0,0,0,0,0,0,0,0,,0,0,0,0,,0,,,,3,75.0,0.0,0.0
535,536,Glenn Gronkowski,BUF,,23.0,1,0,0,0,0,0,0,0,0,,0,0,0,0,,0,,,,2,76.0,0.0,0.0
536,537,Michael Burton,DET,,24.0,15,0,0,0,0,0,0,0,0,,0,1,0,0,,0,,,,1,78.0,0.0,0.0
537,538,Mark Sanchez,DAL,QB,30.0,2,0,10,18,93,0,2,4,-2,-0.5,0,0,0,0,,0,1.5,1.5,,70,,0.0,0.0
538,539,Chad Henne,JAX,QB,31.0,1,0,0,0,0,0,0,1,-2,-2.0,0,0,0,0,,0,-0.2,-0.2,,69,,0.0,0.0
539,540,Kellen Clemens,SDG,QB,33.0,12,0,0,1,0,0,0,2,-1,-0.5,0,0,0,0,,0,-0.1,-0.1,,68,,0.0,0.0
540,541,A.J. McCarron,CIN,,26.0,1,0,0,0,0,0,0,0,0,,0,0,0,0,,0,,,,67,,0.0,0.0
541,542,T.J. Yates,MIA,,29.0,0,0,0,0,0,0,0,0,0,,0,0,0,0,,0,,,,66,,0.0,
542,543,Joe Webb,CAR,QB,30.0,14,0,0,0,0,0,0,0,0,,0,3,1,3,3.0,0,1.3,0.8,,65,,1.0,0.07
543,544,Matt Schaub,ATL,QB,35.0,5,0,1,3,16,0,0,2,-2,-1.0,0,0,0,0,,0,0.4,0.4,,64,,0.0,0.0
544,545,Brandon Burks,NYJ,RB,23.0,1,0,0,0,0,0,0,2,-4,-2.0,0,0,0,0,,0,-0.4,-0.4,,170,,0.0,0.0
545,546,Russell Hansbrough,TAM,,23.0,1,0,0,0,0,0,0,0,0,,0,0,0,0,,0,,,,169,,0.0,0.0
546,547,Joe Kerridge,GNB,RB,24.0,8,0,0,0,0,0,0,1,0,0.0,0,0,0,0,,0,,,,168,,0.0,0.0
547,548,Khiry Robinson,NYJ,RB,27.0,1,0,0,0,0,0,0,8,22,2.75,0,0,0,0,,0,1.2,0.2,,166,,0.0,0.0
548,549,Will Tukuafu,SEA,RB,32.0,7,1,0,0,0,0,0,2,2,1.0,0,1,0,0,,0,0.2,0.2,,167,,0.0,0.0
549,550,Marcus Murphy,NOR,RB,25.0,3,0,0,0,0,0,0,0,0,,0,1,1,3,3.0,0,1.3,0.8,,165,,1.0,0.33
550,551,Rod Smith,DAL,RB,24.0,7,0,0,0,0,0,0,0,0,,0,1,1,4,4.0,0,1.4,0.9,,162,,1.0,0.14
551,552,Joique Bell,2TM,RB,30.0,7,0,0,0,0,0,0,3,6,2.0,0,1,1,-2,-2.0,0,1.4,0.9,,163,,1.0,0.14
