Rk,Name,Year,Age,Draft,Tm,Lg,G,GS,FantPt,AvgFantPt,Cmp,PassAtt,PassYds,PassTD,Int,RushAtt,RushYds,RushTD,Rec,RecYds,RecTD,Fmb
1,Cam Newton,2015,26,1-1,CAR,NFL,16,16,389.1,24.32,296,496,3837,35,10,132,636,10,0,0,0,5
2,Tom Brady,2015,38,6-199,NWE,NFL,16,16,343.7,21.48,402,624,4770,36,7,34,53,3,1,36,0,6
3,Russell Wilson,2015,27,3-75,SEA,NFL,16,16,336.3,21.02,329,483,4024,34,8,103,553,1,0,0,0,7
4,Blake Bortles,2015,23,1-3,JAX,NFL,16,16,314.1,19.63,355,606,4428,35,18,52,310,2,0,0,0,14
5,Carson Palmer,2015,36,1-1,ARI,NFL,16,16,309.2,19.33,342,537,4671,35,11,25,24,1,0,0,0,6
6,Drew Brees,2015,36,2-32,NOR,NFL,15,15,304.2,20.28,428,627,4870,32,11,24,14,1,0,0,0,5
7,Aaron Rodgers,2015,32,1-24,GNB,NFL,16,16,293.2,18.33,347,572,3821,31,8,58,344,1,0,0,0,8
8,Matthew Stafford,2015,27,1-1,DET,NFL,16,16,289.8,18.11,398,592,4262,32,13,44,159,1,1,-6,0,4
9,Kirk Cousins,2015,27,4-102,WAS,NFL,16,16,289.4,18.09,379,543,4166,29,11,26,48,5,0,0,0,9
10,Eli Manning,2015,34,1-1,NYG,NFL,16,16,287.5,17.97,387,618,4436,35,14,20,61,0,0,0,0,11
11,Ryan Fitzpatrick,2015,33,7-250,NYJ,NFL,16,16,285.2,17.83,335,562,3905,31,15,60,270,2,0,0,0,5
12,Philip Rivers,2015,34,1-4,SDG,NFL,16,16,280.5,17.53,437,661,4792,29,13,17,28,0,0,0,0,4
13,Jameis Winston,2015,21,1-1,TAM,NFL,16,16,272.7,17.04,312,535,4042,22,15,53,210,6,0,0,0,6
14,Tyrod Taylor,2015,26,6-180,BUF,NFL,14,14,270.6,19.33,242,380,3035,20,6,104,568,4,1,4,0,9
15,Derek Carr,2015,24,2-36,OAK,NFL,16,16,269.3,16.83,350,573,3987,32,13,33,138,0,0,0,0,10
16,Alex Smith,2015,31,1-1,KAN,NFL,16,16,267.2,16.70,307,470,3486,20,7,84,498,2,0,0,0,4
17,Ryan Tannehill,2015,27,1-8,MIA,NFL,16,16,255.3,15.96,363,586,4208,24,12,32,141,1,1,9,0,10
18,Antonio Brown,2015,27,6-195,PIT,NFL,16,16,246.2,15.39,0,0,0,0,0,3,28,0,136,1834,10,3
19,Andy Dalton,2015,28,2-35,CIN,NFL,13,13,244.2,18.78,255,386,3250,25,7,57,142,3,0,0,0,5
20,Devonta Freeman,2015,23,4-103,ATL,NFL,15,13,243.4,16.23,0,0,0,0,0,265,1056,11,73,578,3,3
21,Julio Jones,2015,26,1-6,ATL,NFL,16,16,233.1,14.57,0,0,0,0,0,0,0,0,136,1871,8,3
22,Matt Ryan,2015,30,1-3,ATL,NFL,16,16,231.9,14.49,407,614,4591,21,16,37,63,0,0,0,0,12
23,Adrian Peterson,2015,30,1-7,MIN,NFL,16,16,230.7,14.42,0,0,0,0,0,327,1485,11,30,222,0,7
24,Brandon Marshall,2015,31,4-119,NYJ,NFL,16,16,230.2,14.39,0,0,0,0,0,0,0,0,109,1502,14,3
25,Jay Cutler,2015,32,1-11,CHI,NFL,15,15,224.5,14.97,311,483,3659,21,11,38,201,1,0,0,0,8
26,Allen Robinson,2015,22,2-61,JAX,NFL,16,16,224.0,14.00,0,0,0,0,0,0,0,0,80,1400,14,0
27,Odell Beckham,2015,23,1-12,NYG,NFL,15,15,223.3,14.89,0,0,0,0,0,1,3,0,96,1450,13,2
28,DeAndre Hopkins,2015,23,1-27,HOU,NFL,16,16,220.1,13.76,0,0,0,0,0,0,0,0,111,1521,11,1
29,Ben Roethlisberger,2015,33,1-11,PIT,NFL,12,11,212.1,17.68,319,469,3938,21,16,15,29,0,0,-3,0,2
30,Marcus Mariota,2015,22,1-2,TEN,NFL,12,12,204.0,17.00,230,370,2818,19,10,34,252,2,1,41,1,10
31,Teddy Bridgewater,2015,23,1-32,MIN,NFL,16,16,200.4,12.53,292,447,3231,14,9,44,192,3,0,0,0,8
32,Doug Martin,2015,26,1-31,TAM,NFL,16,16,199.3,12.46,0,0,0,0,0,288,1402,6,33,271,1,5
33,Sam Bradford,2015,28,1-1,PHI,NFL,14,14,194.9,13.92,346,532,3725,19,14,26,39,0,0,0,0,10
34,DeAngelo Williams,2015,32,1-27,PIT,NFL,16,10,191.4,11.96,0,0,0,0,0,200,907,11,40,367,0,4
35,Doug Baldwin,2015,27,,SEA,NFL,16,16,190.9,11.93,0,0,0,0,0,0,0,0,78,1069,14,1
36,A.J. Green,2015,27,1-4,CIN,NFL,16,16,187.7,11.73,0,0,0,0,0,0,0,0,86,1297,10,1
37,Todd Gurley,2015,21,1-10,STL,NFL,13,12,187.4,14.42,0,0,0,0,0,229,1106,10,21,188,0,3
38,Lamar Miller,2015,24,4-97,MIA,NFL,16,16,184.9,11.56,0,0,0,0,0,194,872,8,47,397,2,1
39,Rob Gronkowski,2015,26,2-42,NWE,NFL,15,15,183.6,12.24,0,0,0,0,0,0,0,0,72,1176,11,0
40,David Johnson,2015,24,3-86,ARI,NFL,16,5,173.8,10.86,0,0,0,0,0,125,581,8,36,457,4,4
41,Calvin Johnson,2015,30,1-2,DET,NFL,16,16,173.4,10.84,0,0,0,0,0,0,0,0,88,1214,9,1
42,Eric Decker,2015,28,3-87,NYJ,NFL,15,13,172.7,11.51,0,0,0,0,0,0,0,0,80,1027,12,1
43,Chris Ivory,2015,27,,NYJ,NFL,15,14,172.7,11.51,0,0,0,0,0,247,1070,7,30,217,1,4
44,Larry Fitzgerald,2015,32,1-3,ARI,NFL,16,16,171.5,10.72,0,0,0,0,0,0,0,0,109,1215,9,2
45,Matt Forte,2015,30,2-44,CHI,NFL,13,13,170.7,13.13,0,0,0,0,0,218,898,4,44,389,3,2
46,Brandin Cooks,2015,22,1-20,NOR,NFL,16,13,169.6,10.60,0,0,0,0,0,8,18,0,84,1138,9,1
47,Brian Hoyer,2015,30,,HOU,NFL,11,9,166.6,15.15,224,369,2606,19,7,15,44,0,0,0,0,6
48,Latavius Murray,2015,25,6-181,OAK,NFL,16,16,163.8,10.24,0,0,0,0,0,266,1066,6,41,232,0,4
49,Danny Woodhead,2015,30,,SDG,NFL,16,1,163.1,10.19,0,0,0,0,0,98,336,3,80,755,6,0
50,Demaryius Thomas,2015,28,1-22,DEN,NFL,16,16,162.4,10.15,0,0,0,0,0,0,0,0,105,1304,6,2
51,Allen Hurns,2015,24,,JAX,NFL,15,14,161.1,10.74,0,0,0,0,0,0,0,0,64,1031,10,2
52,Joe Flacco,2015,30,1-18,BAL,NFL,10,10,159.9,15.99,266,413,2791,14,12,13,23,3,0,0,0,5
53,Frank Gore,2015,32,3-65,IND,NFL,16,16,159.4,9.96,0,0,0,0,0,260,967,6,34,267,1,4
54,Jarvis Landry,2015,23,2-63,MIA,NFL,16,14,159.4,9.96,1,1,9,0,0,18,113,1,110,1157,4,1
55,Stephen Gostkowski,2015,31,4-118,NWE,NFL,16,0,159.0,9.94,0,0,0,0,0,0,0,0,0,0,0,0
56,Sammy Watkins,2015,22,1-4,BUF,NFL,13,13,158.8,12.22,0,0,0,0,0,1,1,0,60,1047,9,0
57,Gary Barnidge,2015,30,5-141,CLE,NFL,16,13,158.3,9.89,0,0,0,0,0,0,0,0,79,1043,9,0
58,Jordan Reed,2015,25,3-85,WAS,NFL,14,9,157.2,11.23,0,0,0,0,0,0,0,0,87,952,11,3
59,Jeremy Maclin,2015,27,1-19,KAN,NFL,15,15,156.2,10.41,0,0,0,0,0,3,14,0,87,1088,8,2
60,Darren McFadden,2015,28,1-4,DAL,NFL,16,10,155.7,9.73,0,1,0,0,0,239,1089,3,40,328,0,3
61,Jeremy Hill,2015,23,2-55,CIN,NFL,16,15,155.3,9.71,0,0,0,0,0,223,794,11,15,79,1,3
62,Mark Ingram,2015,26,1-28,NOR,NFL,12,10,153.4,12.78,0,0,0,0,0,166,769,6,50,405,0,2
63,Greg Olsen,2015,30,1-31,CAR,NFL,16,16,150.4,9.40,0,0,0,0,0,0,0,0,77,1104,7,1
64,Delanie Walker,2015,31,6-175,TEN,NFL,15,10,150.4,10.03,0,0,0,0,0,1,36,0,94,1088,6,0
65,Graham Gano,2015,28,,CAR,NFL,16,0,150.0,9.38,0,0,0,0,0,0,0,0,0,0,0,0
66,Emmanuel Sanders,2015,28,3-82,DEN,NFL,15,15,148.4,9.89,0,0,0,0,0,3,29,0,76,1135,6,2
67,Blair Walsh,2015,25,6-175,MIN,NFL,16,0,147.0,9.19,0,0,0,0,0,0,0,0,0,0,0,0
68,Jonathan Stewart,2015,28,1-13,CAR,NFL,13,13,146.8,11.29,0,0,0,0,0,242,989,6,16,99,1,3
69,LeSean McCoy,2015,27,2-53,BUF,NFL,12,12,146.7,12.23,0,0,0,0,0,203,895,3,32,292,2,2
70,Michael Crabtree,2015,28,1-10,OAK,NFL,16,15,146.2,9.14,0,0,0,0,0,0,0,0,85,922,9,1
71,Jordan Matthews,2015,23,2-42,PHI,NFL,16,13,145.7,9.11,0,0,0,0,0,0,0,0,85,997,8,2
72,John Brown,2015,25,3-91,ARI,NFL,15,11,142.5,9.50,0,0,0,0,0,3,22,0,65,1003,7,1
73,T.Y. Hilton,2015,26,3-92,IND,NFL,16,15,142.4,8.90,0,0,0,0,0,0,0,0,69,1124,5,1
74,Robbie Gould,2015,34,,CHI,NFL,16,0,141.0,8.81,0,0,0,0,0,0,0,0,0,0,0,0
75,James Jones,2015,31,3-78,GNB,NFL,16,15,141.0,8.81,0,0,0,0,0,0,0,0,50,890,8,1
76,Tavon Austin,2015,24,1-8,STL,NFL,16,14,140.7,8.79,0,0,0,0,0,52,434,4,52,473,5,2
77,Amari Cooper,2015,21,1-4,OAK,NFL,16,15,140.7,8.79,0,0,0,0,0,3,-3,0,72,1070,6,1
78,DeMarco Murray,2015,27,3-71,PHI,NFL,15,8,140.4,9.36,0,0,0,0,0,193,702,6,44,322,1,2
79,Josh Brown,2015,36,7-222,NYG,NFL,16,0,140.0,8.75,0,0,0,0,0,0,0,0,0,0,0,0
80,Ted Ginn,2015,30,1-9,CAR,NFL,15,13,139.9,9.33,0,0,0,0,0,4,60,0,44,739,10,0
81,Tyler Eifert,2015,25,1-21,CIN,NFL,13,12,139.5,10.73,0,0,0,0,0,0,0,0,52,615,13,0
82,Steven Hauschka,2015,30,,SEA,NFL,16,0,139.0,8.69,0,0,0,0,0,0,0,0,0,0,0,0
83,Ronnie Hillman,2015,24,3-67,DEN,NFL,16,11,137.4,8.59,0,0,0,0,0,207,863,7,24,111,0,3
84,Cairo Santos,2015,24,,KAN,NFL,16,0,137.1,8.57,1,1,3,0,0,0,0,0,0,0,0,0
85,Chandler Catanzaro,2015,24,,ARI,NFL,16,0,137.0,8.56,0,0,0,0,0,0,0,0,0,0,0,0
86,Mike Evans,2015,22,1-7,TAM,NFL,15,14,136.6,9.11,0,0,0,0,0,0,0,0,74,1206,3,1
87,Justin Tucker,2015,26,,BAL,NFL,16,0,136.0,8.50,0,0,0,0,0,0,0,0,0,0,0,0
88,Rashad Jennings,2015,30,7-250,NYG,NFL,16,16,135.9,8.49,0,0,0,0,0,195,863,3,29,296,1,2
89,Brandon McManus,2015,24,,DEN,NFL,16,0,135.0,8.44,0,0,0,0,0,0,0,0,0,0,0,0
90,Giovani Bernard,2015,24,2-37,CIN,NFL,16,1,132.2,8.26,0,0,0,0,0,154,730,2,49,472,0,1
91,Blaine Gabbert,2015,26,1-10,SFO,NFL,8,8,129.7,16.21,178,282,2031,10,7,32,185,1,0,0,0,4
92,Charles Sims,2015,25,3-69,TAM,NFL,16,0,129.0,8.06,0,0,0,0,0,107,529,0,51,561,4,2
93,Andrew Luck,2015,26,1-1,IND,NFL,7,7,128.8,18.40,162,293,1881,15,12,33,196,0,0,0,0,3
94,Josh McCown,2015,36,3-81,CLE,NFL,8,8,128.2,16.03,186,292,2109,12,4,20,98,1,0,0,0,9
95,Rueben Randle,2015,24,2-63,NYG,NFL,16,16,127.7,7.98,0,0,0,0,0,0,0,0,57,797,8,0
96,Jeremy Langford,2015,24,4-106,CHI,NFL,16,2,125.6,7.85,0,0,0,0,0,148,537,6,22,279,1,0
97,Dan Bailey,2015,27,,DAL,NFL,16,0,125.0,7.81,0,0,0,0,0,0,0,0,0,0,0,0
98,Randall Cobb,2015,25,2-64,GNB,NFL,16,15,123.9,7.74,0,0,0,0,0,13,50,0,79,829,6,1
99,Travis Benjamin,2015,26,4-100,CLE,NFL,16,15,123.8,7.74,0,0,0,0,0,4,12,0,68,966,5,3
100,James Starks,2015,29,6-193,GNB,NFL,16,4,123.3,7.71,0,0,0,0,0,148,601,2,43,392,3,5
101,Kamar Aiken,2015,26,,BAL,NFL,16,14,122.4,7.65,0,0,0,0,0,0,0,0,75,944,5,1
102,Mike Nugent,2015,33,2-47,CIN,NFL,16,0,121.0,7.56,0,0,0,0,0,0,0,0,0,0,0,0
103,Michael Floyd,2015,26,1-13,ARI,NFL,15,6,120.9,8.06,0,0,0,0,0,0,0,0,52,849,6,0
104,Eddie Lacy,2015,25,2-61,GNB,NFL,15,12,120.6,8.04,0,0,0,0,0,187,758,3,20,188,2,4
105,Martavis Bryant,2015,24,4-118,PIT,NFL,11,5,120.2,10.93,0,0,0,0,0,5,37,1,50,765,6,1
106,T.J. Yeldon,2015,22,2-36,JAX,NFL,12,12,119.9,9.99,0,0,0,0,0,182,740,2,36,279,1,0
107,Golden Tate,2015,27,2-60,DET,NFL,16,16,119.4,7.46,0,0,0,0,0,6,41,0,90,813,6,1
108,Isaiah Crowell,2015,22,,CLE,NFL,16,9,118.8,7.43,0,0,0,0,0,185,706,4,19,182,1,0
109,Thomas Rawls,2015,22,,SEA,NFL,13,7,118.6,9.12,0,0,0,0,0,147,830,4,9,76,1,1
110,Dustin Hopkins,2015,25,6-177,WAS,NFL,15,0,118.0,7.87,0,0,0,0,0,0,0,0,0,0,0,0
111,Travis Kelce,2015,26,3-63,KAN,NFL,16,16,117.5,7.34,0,0,0,0,0,0,0,0,72,875,5,2
112,Chris Boswell,2015,24,,PIT,NFL,12,0,117.0,9.75,0,0,0,0,0,0,0,0,0,0,0,0
113,Brock Osweiler,2015,25,2-57,DEN,NFL,8,7,116.8,14.60,170,275,1967,10,6,21,61,1,0,0,0,4
114,LeGarrette Blount,2015,29,,NWE,NFL,12,6,116.6,9.72,0,0,0,0,0,165,703,6,6,43,1,1
115,Ben Watson,2015,35,1-32,NOR,NFL,16,16,116.5,7.28,0,0,0,0,0,0,0,0,74,825,6,1
116,C.J. Anderson,2015,24,,DEN,NFL,15,5,116.3,7.75,0,0,0,0,0,152,720,5,25,183,0,2
117,Mason Crosby,2015,31,6-194,GNB,NFL,16,0,116.0,7.25,0,0,0,0,0,0,0,0,0,0,0,0
118,Jason Myers,2015,24,,JAX,NFL,16,0,116.0,7.25,0,0,0,0,0,0,0,0,0,0,0,0
119,Adam Vinatieri,2015,43,,IND,NFL,16,0,115.0,7.19,0,0,0,0,0,0,0,0,0,0,0,0
120,Willie Snead,2015,23,,NOR,NFL,15,9,114.4,7.63,0,0,0,0,0,0,0,0,69,984,3,2
121,Josh Lambo,2015,25,,SDG,NFL,16,0,114.0,7.13,0,0,0,0,0,0,0,0,0,0,0,0
122,Pierre Garcon,2015,29,6-205,WAS,NFL,16,16,113.7,7.11,0,0,0,0,0,0,0,0,72,777,6,0
123,Karlos Williams,2015,22,5-155,BUF,NFL,11,3,113.3,10.30,0,0,0,0,0,93,517,7,11,96,2,2
124,Charcandrick West,2015,24,,KAN,NFL,15,9,112.8,7.52,0,0,0,0,0,160,634,4,20,214,1,1
125,Matt Prater,2015,31,,DET,NFL,16,0,112.0,7.00,0,0,0,0,0,0,0,0,0,0,0,0
126,Julian Edelman,2015,29,7-232,NWE,NFL,9,9,111.5,12.39,0,0,0,0,0,3,23,0,61,692,7,1
127,Donte Moncrief,2015,22,3-90,IND,NFL,16,10,109.3,6.83,0,0,0,0,0,0,0,0,64,733,6,0
128,Dan Carpenter,2015,30,,BUF,NFL,16,0,109.0,6.81,0,0,0,0,0,0,0,0,0,0,0,0
129,Sebastian Janikowski,2015,37,1-17,OAK,NFL,16,0,109.0,6.81,0,0,0,0,0,0,0,0,0,0,0,0
130,Marvin Jones,2015,25,5-166,CIN,NFL,16,13,108.9,6.81,0,0,0,0,0,5,33,0,65,816,4,0
131,Colin Kaepernick,2015,28,2-36,SFO,NFL,9,8,108.2,12.02,144,244,1615,6,5,45,256,1,0,0,0,5
132,Markus Wheaton,2015,24,3-79,PIT,NFL,16,8,106.9,6.68,0,0,0,0,0,0,0,0,44,749,5,0
133,Travis Coons,2015,23,,CLE,NFL,16,0,106.0,6.63,0,0,0,0,0,0,0,0,0,0,0,0
134,Alshon Jeffery,2015,25,2-45,CHI,NFL,9,8,104.7,11.63,0,0,0,0,0,0,0,0,54,807,4,1
135,Ryan Mathews,2015,28,1-12,PHI,NFL,13,6,104.5,8.04,0,0,0,0,0,107,539,6,20,146,1,3
136,Duke Johnson,2015,22,3-77,CLE,NFL,16,7,103.3,6.46,0,0,0,0,0,104,379,0,61,534,2,1
137,Tyler Lockett,2015,23,3-69,SEA,NFL,16,8,102.4,6.40,0,0,0,0,0,5,20,0,51,664,6,1
138,Richard Rodgers,2015,23,3-98,GNB,NFL,16,12,102.1,6.38,0,0,0,0,0,1,11,0,58,510,8,0
139,Terrance Williams,2015,26,3-74,DAL,NFL,16,13,102.0,6.38,0,0,0,0,0,0,0,0,52,840,3,0
140,Chris Johnson,2015,30,1-24,ARI,NFL,11,9,101.2,9.20,0,0,0,0,0,196,814,3,6,58,0,2
141,Anquan Boldin,2015,35,2-54,SFO,NFL,14,13,100.9,7.21,0,0,0,0,0,0,0,0,69,789,4,1
142,Javorius Allen,2015,24,4-125,BAL,NFL,16,6,100.7,6.29,0,0,0,0,0,137,514,1,45,353,2,2
143,Connor Barth,2015,29,,TAM,NFL,12,0,100.0,8.33,0,0,0,0,0,0,0,0,0,0,0,0
144,Shane Vereen,2015,26,2-56,NYG,NFL,16,0,99.5,6.22,0,0,0,0,0,61,260,0,59,495,4,1
145,Theo Riddick,2015,24,6-199,DET,NFL,16,1,99.0,6.19,0,0,0,0,0,43,133,0,80,697,3,1
146,Jermaine Kearse,2015,25,,SEA,NFL,16,16,98.5,6.16,0,0,0,0,0,0,0,0,49,685,5,1
147,Phil Dawson,2015,40,,SFO,NFL,16,0,98.0,6.13,0,0,0,0,0,0,0,0,0,0,0,0
148,Stefon Diggs,2015,22,5-146,MIN,NFL,13,9,97.3,7.48,0,0,0,0,0,3,13,0,52,720,4,2
149,Alfred Blue,2015,24,6-181,HOU,NFL,15,9,96.7,6.45,0,0,0,0,0,183,698,2,15,109,1,2
150,Matt Jones,2015,22,3-95,WAS,NFL,13,0,95.4,7.34,0,0,0,0,0,144,490,3,19,304,1,5
151,Zach Ertz,2015,25,2-35,PHI,NFL,15,6,95.3,6.35,0,0,0,0,0,0,0,0,75,853,2,1
152,Johnny Manziel,2015,23,1-22,CLE,NFL,10,6,95.0,9.50,129,223,1500,7,5,37,230,0,0,0,0,6
153,Keenan Allen,2015,23,3-76,SDG,NFL,8,8,94.5,11.81,0,0,0,0,0,0,0,0,67,725,4,1
154,Darren Sproles,2015,32,4-130,PHI,NFL,16,4,94.5,5.91,0,0,0,0,0,83,317,3,55,388,1,1
155,Nick Foles,2015,26,3-88,STL,NFL,11,11,94.1,8.55,190,337,2052,7,10,17,20,1,0,0,0,5
156,Antonio Gates,2015,35,,SDG,NFL,11,4,93.0,8.45,0,0,0,0,0,0,0,0,56,630,5,0
157,Caleb Sturgis,2015,26,5-166,PHI,NFL,13,0,93.0,7.15,0,0,0,0,0,0,0,0,0,0,0,0
158,Torrey Smith,2015,26,2-58,SFO,NFL,16,12,92.3,5.77,0,0,0,0,0,0,0,0,33,663,4,0
159,Ameer Abdullah,2015,22,2-54,DET,NFL,16,9,92.0,5.75,0,0,0,0,0,143,597,2,25,183,1,5
160,Greg Zuerlein,2015,28,6-171,STL,NFL,14,0,92.0,6.57,0,0,0,0,0,0,0,0,0,0,0,0
161,Justin Forsett,2015,30,7-233,BAL,NFL,10,10,91.4,9.14,0,0,0,0,0,151,641,2,31,153,0,0
162,Peyton Manning,2015,39,1-1,DEN,NFL,10,9,91.4,9.14,198,331,2249,9,17,6,-6,0,0,0,0,1
163,Matt Hasselbeck,2015,40,6-187,IND,NFL,8,8,91.1,11.39,156,256,1690,9,5,16,15,0,0,0,0,3
164,Antonio Andrews,2015,24,,TEN,NFL,14,10,91.0,6.50,1,1,41,1,0,143,520,3,21,174,0,1
165,Rishard Matthews,2015,26,7-227,MIA,NFL,11,11,90.6,8.24,0,0,0,0,0,1,4,0,43,662,4,0
166,Nate Washington,2015,32,,HOU,NFL,14,14,89.8,6.41,0,0,0,0,0,0,0,0,47,658,4,0
167,Bilal Powell,2015,27,4-126,NYJ,NFL,11,2,88.1,8.01,0,0,0,0,0,70,313,1,47,388,2,2
168,Jason Witten,2015,33,3-69,DAL,NFL,16,16,87.3,5.46,0,0,0,0,0,0,0,0,77,713,3,1
169,Le'Veon Bell,2015,23,2-48,PIT,NFL,6,6,87.2,14.53,0,0,0,0,0,113,556,3,24,136,0,0
170,Nick Novak,2015,34,,HOU,NFL,13,0,87.0,6.69,0,0,0,0,0,0,0,0,0,0,0,0
171,Alfred Morris,2015,27,6-173,WAS,NFL,16,16,86.6,5.41,0,0,0,0,0,202,751,1,10,55,0,0
172,Kenny Britt,2015,27,1-30,STL,NFL,16,13,86.1,5.38,0,0,0,0,0,0,0,0,36,681,3,0
173,Steve Smith,2015,36,3-74,BAL,NFL,7,7,85.0,12.14,0,0,0,0,0,0,0,0,46,670,3,0
174,Dion Lewis,2015,25,5-149,NWE,NFL,7,6,84.2,12.03,0,0,0,0,0,49,234,2,36,388,2,2
175,Joique Bell,2015,29,,DET,NFL,13,5,83.7,6.44,0,0,0,0,0,90,311,4,22,286,0,1
176,Eric Ebron,2015,22,1-10,DET,NFL,14,8,83.7,5.98,0,0,0,0,0,0,0,0,47,537,5,0
177,Danny Amendola,2015,30,,NWE,NFL,14,7,83.3,5.95,1,1,36,0,0,2,11,0,65,648,3,1
178,James White,2015,23,4-130,NWE,NFL,14,1,82.6,5.90,0,0,0,0,0,22,56,2,40,410,4,0
179,Dorial Green-Beckham,2015,22,2-40,TEN,NFL,16,5,80.9,5.06,0,0,0,0,0,0,0,0,32,549,4,0
180,Jamaal Charles,2015,29,3-73,KAN,NFL,5,5,80.1,16.02,0,0,0,0,0,71,364,4,21,177,1,2
181,Seth Roberts,2015,24,,OAK,NFL,16,5,80.0,5.00,0,0,0,0,0,0,0,0,32,480,5,0
182,Cole Beasley,2015,26,,DAL,NFL,16,3,79.6,4.98,0,0,0,0,0,0,0,0,52,536,5,2
183,Kyle Rudolph,2015,26,2-43,MIN,NFL,16,16,79.5,4.97,0,0,0,0,0,0,0,0,49,495,5,0
184,Randy Bullock,2015,26,5-161,2TM,NFL,11,0,79.0,7.18,0,0,0,0,0,0,0,0,0,0,0,0
185,Spencer Ware,2015,24,6-194,KAN,NFL,11,2,76.8,6.98,0,0,0,0,0,72,403,6,6,5,0,0
186,Marques Colston,2015,32,7-252,NOR,NFL,13,5,76.0,5.85,0,0,0,0,0,0,0,0,45,520,4,0
187,Julius Thomas,2015,27,4-129,JAX,NFL,12,11,75.5,6.29,0,0,0,0,0,0,0,0,46,455,5,0
188,Devin Funchess,2015,21,2-41,CAR,NFL,16,5,75.3,4.71,0,0,0,0,0,0,0,0,31,473,5,1
189,Melvin Gordon,2015,22,1-15,SDG,NFL,14,13,75.3,5.38,0,0,0,0,0,184,641,0,33,192,0,6
190,DeSean Jackson,2015,29,2-49,WAS,NFL,10,9,74.8,7.48,0,0,0,0,0,0,0,0,30,528,4,1
191,Jamison Crowder,2015,22,4-105,WAS,NFL,16,6,74.6,4.66,0,1,0,0,0,2,2,0,59,604,2,4
192,Tim Hightower,2015,29,5-149,NOR,NFL,8,3,74.4,9.30,0,0,0,0,0,96,375,4,12,129,0,0
193,Vincent Jackson,2015,32,2-61,TAM,NFL,10,9,74.3,7.43,0,0,0,0,0,0,0,0,33,543,3,0
194,Andre Johnson,2015,34,1-3,IND,NFL,16,14,74.3,4.64,0,0,0,0,0,0,0,0,41,503,4,0
195,Andrew Franks,2015,22,,MIA,NFL,16,0,74.0,4.63,0,0,0,0,0,0,0,0,0,0,0,0
196,Zach Miller,2015,31,6-180,CHI,NFL,15,14,73.9,4.93,0,0,0,0,0,0,0,0,34,439,5,0
197,Ryan Succop,2015,29,7-256,TEN,NFL,16,0,73.0,4.56,0,0,0,0,0,0,0,0,0,0,0,0
198,Corey Brown,2015,24,,CAR,NFL,14,11,72.5,5.18,0,0,0,0,0,6,38,0,31,447,4,0
199,Jimmy Graham,2015,29,3-95,SEA,NFL,11,11,72.5,6.59,0,0,0,0,0,0,0,0,48,605,2,0
200,Malcom Floyd,2015,34,,SDG,NFL,15,13,72.1,4.81,0,0,0,0,0,0,0,0,30,561,3,1
201,Jacob Tamme,2015,30,4-127,ATL,NFL,15,8,71.7,4.78,0,0,0,0,0,0,0,0,59,657,1,0
202,Robert Woods,2015,23,2-41,BUF,NFL,14,9,71.2,5.09,0,0,0,0,0,1,0,0,47,552,3,2
203,Ladarius Green,2015,25,4-110,SDG,NFL,13,11,70.9,5.45,0,0,0,0,0,0,0,0,37,429,4,0
204,Charles Clay,2015,26,6-174,BUF,NFL,13,13,70.8,5.45,0,0,0,0,0,0,0,0,51,528,3,1
205,Carlos Hyde,2015,24,2-57,SFO,NFL,7,7,70.3,10.04,0,0,0,0,0,115,470,3,11,53,0,1
206,Owen Daniels,2015,33,4-98,DEN,NFL,16,16,69.7,4.36,0,0,0,0,0,0,0,0,46,517,3,0
207,Marshawn Lynch,2015,29,1-12,SEA,NFL,7,6,69.7,9.96,0,0,0,0,0,111,417,3,13,80,0,0
208,Coby Fleener,2015,27,2-34,IND,NFL,16,11,69.1,4.32,0,0,0,0,0,0,0,0,54,491,3,0
209,Ryan Mallett,2015,27,3-74,2TM,NFL,8,6,68.9,8.61,136,244,1336,5,6,5,15,1,0,0,0,0
210,Jerricho Cotchery,2015,33,4-108,CAR,NFL,14,3,68.1,4.86,0,0,0,0,0,1,16,0,39,485,3,0
211,Matt Bryant,2015,40,,ATL,NFL,11,0,68.0,6.18,0,0,0,0,0,0,0,0,0,0,0,0
212,Kai Forbath,2015,28,,2TM,NFL,11,0,68.0,6.18,0,0,0,0,0,0,0,0,0,0,0,0
213,Cecil Shorts,2015,28,4-114,HOU,NFL,11,4,67.9,6.17,1,1,21,1,0,10,47,0,42,484,2,2
214,Steve Johnson,2015,29,7-224,SDG,NFL,10,8,67.7,6.77,0,0,0,0,0,0,0,0,45,497,3,1
215,Heath Miller,2015,33,1-30,PIT,NFL,15,15,67.7,4.51,0,0,0,0,0,1,2,0,60,535,2,0
216,DeVante Parker,2015,22,1-14,MIA,NFL,15,4,67.4,4.49,0,0,0,0,0,0,0,0,26,494,3,0
217,Brandon Weeden,2015,32,1-22,2TM,NFL,6,4,66.5,11.08,97,140,1044,5,2,16,47,1,0,0,0,2
218,Crockett Gillmore,2015,24,3-99,BAL,NFL,10,10,65.2,6.52,0,0,0,0,0,0,0,0,33,412,4,0
219,Mike Tolbert,2015,30,,CAR,NFL,16,3,65.0,4.06,0,0,0,0,0,62,256,1,18,154,3,0
220,Matt Cassel,2015,33,7-230,2TM,NFL,10,8,64.8,6.48,119,205,1276,5,7,15,78,0,0,0,0,4
221,Dwayne Harris,2015,28,6-176,NYG,NFL,15,6,64.8,4.32,0,0,0,0,0,2,12,0,36,396,4,3
222,Dontrelle Inman,2015,26,,SDG,NFL,14,7,64.6,4.61,0,0,0,0,0,0,0,0,35,486,3,2
223,Brian Hartline,2015,29,4-108,CLE,NFL,12,4,64.3,5.36,0,0,0,0,0,0,0,0,46,523,2,1
224,Joseph Randle,2015,24,5-151,DAL,NFL,6,6,64.0,10.67,0,0,0,0,0,76,313,4,10,87,0,1
225,Jerick McKinnon,2015,23,3-96,MIN,NFL,16,0,62.4,3.90,0,0,0,0,0,52,271,2,21,173,1,0
226,Will Tye,2015,24,,NYG,NFL,13,7,62.4,4.80,0,0,0,0,0,0,0,0,42,464,3,1
227,Nick Folk,2015,31,6-178,NYJ,NFL,8,0,62.0,7.75,0,0,0,0,0,0,0,0,0,0,0,0
228,Kenny Stills,2015,23,5-144,MIA,NFL,16,8,62.0,3.88,0,0,0,0,0,0,0,0,27,440,3,0
229,Martellus Bennett,2015,28,2-61,CHI,NFL,11,11,61.9,5.63,0,0,0,0,0,0,0,0,53,439,3,2
230,Dexter McCluster,2015,27,2-36,TEN,NFL,11,2,60.7,5.52,0,0,0,0,0,55,247,1,31,260,1,2
231,Kendall Wright,2015,26,1-20,TEN,NFL,10,9,60.5,6.05,0,0,0,0,0,5,17,0,36,408,3,0
232,Mike Wallace,2015,29,3-84,MIN,NFL,16,12,59.9,3.74,0,0,0,0,0,1,6,0,39,473,2,0
233,Andre Ellington,2015,26,6-187,ARI,NFL,10,3,59.7,5.97,0,0,0,0,0,45,289,3,15,148,0,1
234,Albert Wilson,2015,23,,KAN,NFL,14,12,59.7,4.26,0,0,0,0,0,5,26,0,35,451,2,0
235,Jonathan Grimes,2015,26,,HOU,NFL,14,0,59.5,4.25,0,1,0,0,0,56,282,1,26,173,1,0
236,Mohamed Sanu,2015,26,3-83,CIN,NFL,16,4,58.5,3.66,0,0,0,0,0,10,71,2,33,394,0,2
237,Dez Bryant,2015,27,1-24,DAL,NFL,9,9,58.1,6.46,0,0,0,0,0,0,0,0,31,401,3,0
238,Brent Celek,2015,30,5-162,PHI,NFL,16,13,57.8,3.61,0,0,0,0,0,0,0,0,27,398,3,1
239,Austin Seferian-Jenkins,2015,23,2-38,TAM,NFL,7,3,57.8,8.26,0,0,0,0,0,0,0,0,21,338,4,0
240,Chris Hogan,2015,27,,BUF,NFL,16,4,57.6,3.60,1,1,4,0,0,1,4,0,36,450,2,0
241,Chris Thompson,2015,25,5-154,WAS,NFL,13,0,57.6,4.43,0,0,0,0,0,35,216,0,35,240,2,2
242,Brandon Coleman,2015,23,,NOR,NFL,16,3,57.4,3.59,0,0,0,0,0,0,0,0,30,454,2,0
243,Jordan Cameron,2015,27,4-102,MIA,NFL,16,16,56.6,3.54,0,0,0,0,0,0,0,0,35,386,3,1
244,Roddy White,2015,34,1-27,ATL,NFL,16,16,56.6,3.54,0,0,0,0,0,0,0,0,43,506,1,0
245,Kyle Juszczyk,2015,24,4-130,BAL,NFL,16,11,56.4,3.53,0,0,0,0,0,2,3,0,41,321,4,0
246,Davante Adams,2015,23,2-53,GNB,NFL,13,12,56.3,4.33,0,0,0,0,0,0,0,0,50,483,1,0
247,Chris Polk,2015,26,,HOU,NFL,15,2,56.3,3.75,0,0,0,0,0,99,334,1,16,109,1,0
248,Lance Moore,2015,32,,DET,NFL,14,8,55.7,3.98,0,0,0,0,0,0,0,0,29,337,4,1
249,A.J. McCarron,2015,25,5-164,CIN,NFL,7,3,55.3,7.90,79,119,854,6,2,14,31,0,0,0,0,1
250,Arian Foster,2015,29,,HOU,NFL,4,4,55.0,13.75,0,0,0,0,0,63,163,1,22,227,2,2
251,Khiry Robinson,2015,26,,NOR,NFL,8,0,53.5,6.69,0,0,0,0,0,56,180,4,17,115,0,0
252,Brandon LaFell,2015,29,3-78,NWE,NFL,11,7,52.4,4.76,0,0,0,0,0,2,9,0,37,515,0,0
253,Marquess Wilson,2015,23,7-236,CHI,NFL,11,6,52.4,4.76,0,0,0,0,0,0,0,0,28,464,1,0
254,Shaun Draughn,2015,28,,2TM,NFL,11,6,50.9,4.63,0,0,0,0,0,78,273,1,27,176,0,1
255,Clive Walford,2015,24,3-68,OAK,NFL,16,2,50.9,3.18,0,0,0,0,0,0,0,0,28,329,3,0
256,Brandon Bolden,2015,25,,NWE,NFL,15,2,50.7,3.38,0,0,0,0,0,63,207,0,19,180,2,0
257,Leonard Hankerson,2015,26,3-79,3TM,NFL,10,0,50.7,5.07,0,0,0,0,0,0,0,0,26,327,3,0
258,Vance McDonald,2015,25,2-55,SFO,NFL,14,11,50.6,3.61,0,0,0,0,0,0,0,0,30,326,3,2
259,Harry Douglas,2015,31,3-84,TEN,NFL,14,12,50.5,3.61,0,0,0,0,0,1,-6,0,36,411,2,2
260,Scott Chandler,2015,30,4-129,NWE,NFL,15,4,49.9,3.33,0,0,0,0,0,0,0,0,23,259,4,0
261,Josh Huff,2015,24,3-86,PHI,NFL,15,4,49.2,3.28,0,0,0,0,0,0,0,0,27,312,3,0
262,Darren Fells,2015,29,,ARI,NFL,14,12,49.1,3.51,0,0,0,0,0,0,0,0,21,311,3,0
263,Marcel Reece,2015,30,,OAK,NFL,15,7,48.5,3.23,0,0,0,0,0,10,36,0,30,269,3,0
264,Jared Cook,2015,28,3-89,STL,NFL,16,12,48.1,3.01,0,0,0,0,0,0,0,0,39,481,0,2
265,C.J. Spiller,2015,28,1-9,NOR,NFL,13,2,47.1,3.62,0,0,0,0,0,36,112,0,34,239,2,1
266,Shayne Graham,2015,38,,ATL,NFL,5,0,47.0,9.40,0,0,0,0,0,0,0,0,0,0,0,0
267,Denard Robinson,2015,25,5-135,JAX,NFL,13,3,47.0,3.62,0,0,0,0,0,67,266,1,21,164,0,3
268,Cameron Brate,2015,24,,TAM,NFL,14,4,46.8,3.34,0,0,0,0,0,0,0,0,23,288,3,0
269,Quinton Patton,2015,25,4-128,SFO,NFL,16,4,45.9,2.87,0,0,0,0,0,1,5,0,30,394,1,0
270,Fred Jackson,2015,34,,SEA,NFL,16,0,45.7,2.86,0,0,0,0,0,26,100,0,32,257,2,1
271,Mike Gillislee,2015,25,5-164,BUF,NFL,5,1,45.6,9.12,0,0,0,0,0,47,267,3,6,29,0,1
272,Jarius Wright,2015,26,4-118,MIN,NFL,16,3,45.1,2.82,0,0,0,0,0,1,29,0,34,442,0,1
273,Riley Cooper,2015,28,5-159,PHI,NFL,16,13,44.7,2.79,0,0,0,0,0,0,0,0,21,327,2,0
274,Andre Holmes,2015,27,,OAK,NFL,16,1,44.1,2.76,0,0,0,0,0,0,0,0,14,201,4,0
275,Zach Hocker,2015,24,7-228,2TM,NFL,8,0,44.0,5.50,0,0,0,0,0,0,0,0,0,0,0,0
276,Case Keenum,2015,27,,STL,NFL,6,5,43.6,7.27,76,125,828,4,1,12,5,0,0,0,0,3
277,Darrius Heyward-Bey,2015,28,1-7,PIT,NFL,16,4,43.4,2.71,0,0,0,0,0,0,0,0,21,314,2,0
278,Bishop Sankey,2015,23,2-54,TEN,NFL,13,3,43.2,3.32,0,0,0,0,0,47,193,1,14,139,1,2
279,Chris Givens,2015,26,4-96,2TM,NFL,15,6,43.1,2.87,0,0,0,0,0,4,18,0,20,353,1,0
280,Bryan Walters,2015,28,,JAX,NFL,11,1,42.8,3.89,0,1,0,0,0,0,0,0,32,368,1,0
281,Zach Mettenberger,2015,24,6-178,TEN,NFL,7,4,42.2,6.03,101,166,935,4,7,9,8,1,0,0,0,4
282,Anthony Fasano,2015,31,2-53,TEN,NFL,16,11,40.9,2.56,0,0,0,0,0,0,0,0,26,289,2,0
283,Tony Romo,2015,35,,DAL,NFL,4,4,40.7,10.18,83,121,884,5,7,4,13,0,0,0,0,1
284,Tevin Coleman,2015,22,3-73,ATL,NFL,12,3,40.6,3.38,0,0,0,0,0,87,392,1,2,14,0,3
285,JJ Nelson,2015,23,5-159,ARI,NFL,11,2,39.9,3.63,0,0,0,0,0,1,0,0,11,299,2,1
286,Vernon Davis,2015,31,1-6,2TM,NFL,15,9,39.5,2.63,0,0,0,0,0,0,0,0,38,395,0,0
287,Benny Cunningham,2015,25,,STL,NFL,16,1,39.0,2.44,0,0,0,0,0,37,140,0,26,250,0,1
288,Ryan Grant,2015,25,5-142,WAS,NFL,16,5,38.8,2.43,0,0,0,0,0,0,0,0,23,268,2,0
289,EJ Manuel,2015,25,1-16,BUF,NFL,7,2,38.8,5.54,52,84,561,3,3,17,64,1,0,0,0,2
290,Donald Brown,2015,28,1-27,SDG,NFL,9,2,37.7,4.19,0,0,0,0,0,59,229,1,8,88,0,1
291,Keshawn Martin,2015,25,4-121,NWE,NFL,9,8,37.5,4.17,0,0,0,0,0,1,6,0,24,269,2,1
292,Ryan Griffin,2015,25,6-201,HOU,NFL,9,4,37.1,4.12,0,0,0,0,0,0,0,0,20,251,2,0
293,Garrett Celek,2015,27,,SFO,NFL,11,8,36.6,3.33,0,0,0,0,0,0,0,0,19,186,3,0
294,Lance Kendricks,2015,27,2-47,STL,NFL,15,12,36.5,2.43,0,0,0,0,0,0,0,0,25,245,2,0
295,Jeremy Butler,2015,24,,BAL,NFL,8,0,36.3,4.54,0,0,0,0,0,0,0,0,31,363,0,1
296,Jay Ajayi,2015,22,5-149,MIA,NFL,9,0,35.7,3.97,0,0,0,0,0,49,187,1,7,90,0,0
297,Josh Bellamy,2015,26,,CHI,NFL,16,3,34.4,2.15,0,0,0,0,0,0,0,0,19,224,2,0
298,Andre Williams,2015,23,4-113,NYG,NFL,16,0,34.4,2.15,0,0,0,0,0,88,257,1,1,7,0,0
299,Larry Donnell,2015,27,,NYG,NFL,8,8,34.3,4.29,0,0,0,0,0,0,0,0,29,223,2,0
300,Jaelen Strong,2015,21,3-70,HOU,NFL,10,1,34.1,3.41,0,0,0,0,0,0,0,0,14,161,3,0
301,Mychal Rivera,2015,25,6-184,OAK,NFL,16,0,34.0,2.13,0,0,0,0,0,0,0,0,32,280,1,2
302,Ka'Deem Carey,2015,23,4-117,CHI,NFL,10,1,33.8,3.38,0,0,0,0,0,43,159,2,3,19,1,1
303,Tre Mason,2015,22,3-75,STL,NFL,13,3,33.5,2.58,0,0,0,0,0,75,207,1,18,88,0,3
304,Jimmy Clausen,2015,28,2-48,2TM,NFL,5,3,33.2,6.64,72,125,739,2,4,11,36,0,0,0,0,1
305,Kellen Moore,2015,26,,DAL,NFL,3,2,33.1,11.03,61,104,779,4,6,2,-1,0,0,0,0,1
306,Ahmad Bradshaw,2015,29,7-250,IND,NFL,6,0,32.9,5.48,0,0,0,0,0,31,85,0,10,64,3,0
307,Mark Sanchez,2015,29,1-5,PHI,NFL,4,2,32.8,8.20,59,91,616,4,4,6,22,0,0,0,0,1
308,Maxx Williams,2015,21,2-55,BAL,NFL,14,7,32.8,2.34,0,0,0,0,0,0,0,0,32,268,1,1
309,Justin Hunter,2015,24,2-34,TEN,NFL,9,5,32.4,3.60,0,0,0,0,0,0,0,0,22,264,1,0
310,Nelson Agholor,2015,22,1-20,PHI,NFL,13,12,32.3,2.48,0,0,0,0,0,0,0,0,23,283,1,1
311,Adam Humphries,2015,22,,TAM,NFL,13,0,32.0,2.46,0,0,0,0,0,0,0,0,27,260,1,0
312,Quincy Enunwa,2015,23,6-209,NYJ,NFL,12,6,31.5,2.63,0,0,0,0,0,0,0,0,22,315,0,0
313,Percy Harvin,2015,27,1-22,BUF,NFL,5,5,30.9,6.18,0,0,0,0,0,5,31,0,19,218,1,1
314,Michael Vick,2015,35,1-1,PIT,NFL,5,3,30.7,6.14,40,66,371,2,1,20,99,0,0,0,0,2
315,Cameron Artis-Payne,2015,25,5-174,CAR,NFL,7,0,30.1,4.30,0,0,0,0,0,45,183,1,5,58,0,0
316,Eddie Royal,2015,29,2-42,CHI,NFL,9,9,29.7,3.30,0,0,0,0,0,1,-1,0,37,238,1,0
317,Marqise Lee,2015,24,2-39,JAX,NFL,10,1,28.9,2.89,0,0,0,0,0,5,38,0,15,191,1,0
318,Zach Line,2015,25,,MIN,NFL,16,5,28.5,1.78,0,0,0,0,0,6,10,2,6,95,1,0
319,Miles Austin,2015,31,,PHI,NFL,11,1,28.4,2.58,0,0,0,0,0,0,0,0,13,224,1,0
320,Jermaine Gresham,2015,27,1-21,ARI,NFL,15,12,28.3,1.89,0,0,0,0,0,0,0,0,18,223,1,0
321,Travaris Cadet,2015,26,,3TM,NFL,7,1,28.2,4.03,0,1,0,0,0,11,28,0,17,214,1,1
322,Phillip Dorsett,2015,22,1-29,IND,NFL,11,0,28.2,2.56,0,0,0,0,0,3,17,0,18,225,1,2
323,Lance Dunbar,2015,25,,DAL,NFL,4,0,28.2,7.05,0,0,0,0,0,5,67,0,21,215,0,0
324,Robert Turbin,2015,26,4-106,2TM,NFL,10,0,28.2,2.82,0,0,0,0,0,50,199,1,7,23,0,0
325,Kyle Brindza,2015,22,,TAM,NFL,4,0,28.0,7.00,0,0,0,0,0,0,0,0,0,0,0,0
326,Marc Mariani,2015,28,7-222,CHI,NFL,16,5,28.0,1.75,0,0,0,0,0,0,0,0,22,300,0,3
327,Nick Williams,2015,25,7-223,ATL,NFL,14,0,27.9,1.99,0,0,0,0,0,0,0,0,17,159,2,0
328,Andrew Hawkins,2015,29,,CLE,NFL,8,8,27.6,3.45,0,0,0,0,0,0,0,0,27,276,0,1
329,De'Anthony Thomas,2015,22,4-124,KAN,NFL,10,1,27.4,2.74,0,0,0,0,0,9,34,1,17,140,1,2
330,Luke Willson,2015,25,5-158,SEA,NFL,14,7,27.3,1.95,0,0,0,0,0,0,0,0,17,213,1,0
331,Jeremy Kerley,2015,27,5-153,NYJ,NFL,16,1,27.2,1.70,0,0,0,0,0,0,0,0,16,152,2,1
332,Ty Montgomery,2015,22,3-94,GNB,NFL,6,3,27.0,4.50,0,0,0,0,0,3,14,0,15,136,2,0
333,Greg Jennings,2015,32,2-52,MIA,NFL,16,5,26.8,1.68,0,0,0,0,0,0,0,0,19,208,1,0
334,DuJuan Harris,2015,27,,2TM,NFL,4,1,26.6,6.65,0,0,0,0,0,48,189,0,9,97,0,1
335,Matt Schaub,2015,34,3-90,BAL,NFL,2,2,26.6,13.30,52,80,540,3,4,4,10,0,0,0,0,0
336,Chris Conley,2015,23,3-76,KAN,NFL,16,5,25.9,1.62,0,0,0,0,0,0,0,0,17,199,1,0
337,Christine Michael,2015,25,2-62,2TM,NFL,8,2,25.9,3.24,0,0,0,0,0,54,243,0,3,16,0,0
338,Brice Butler,2015,25,7-209,DAL,NFL,7,2,25.8,3.69,0,0,0,0,0,0,0,0,12,258,0,0
339,Jamize Olawale,2015,26,,OAK,NFL,14,3,25.4,1.81,0,0,0,0,0,24,110,1,9,84,0,0
340,Jonas Gray,2015,25,,2TM,NFL,8,0,25.2,3.15,0,0,0,0,0,45,176,0,7,76,0,0
341,Matt Asiata,2015,28,,MIN,NFL,16,0,24.4,1.53,0,0,0,0,0,29,112,0,19,132,0,0
342,Orleans Darkwa,2015,23,,NYG,NFL,16,0,24.4,1.53,0,0,0,0,0,36,153,1,3,31,0,0
343,Rashad Ross,2015,25,,WAS,NFL,13,0,24.4,1.88,0,0,0,0,0,0,0,0,8,184,1,0
344,Stedman Bailey,2015,25,3-92,STL,NFL,8,3,24.2,3.03,0,0,0,0,0,0,0,0,12,182,1,0
345,Ed Dickson,2015,28,3-70,CAR,NFL,16,11,24.1,1.51,0,0,0,0,0,0,0,0,17,121,2,0
346,Taylor Gabriel,2015,24,,CLE,NFL,13,4,24.1,1.85,0,0,0,0,0,0,0,0,28,241,0,1
347,Craig Stevens,2015,31,3-85,TEN,NFL,16,11,24.1,1.51,0,0,0,0,0,0,0,0,12,121,2,0
348,Damien Williams,2015,23,,MIA,NFL,16,0,24.1,1.51,0,0,0,0,0,16,59,0,21,142,1,2
349,Josh Hill,2015,25,,NOR,NFL,16,7,24.0,1.50,0,0,0,0,0,0,0,0,16,120,2,0
350,Josh Scobee,2015,33,5-137,PIT,NFL,4,0,24.0,6.00,0,0,0,0,0,0,0,0,0,0,0,0
351,Michael Hoomanawanui,2015,27,5-132,2TM,NFL,14,8,23.6,1.69,0,0,0,0,0,1,0,0,11,76,3,1
352,Virgil Green,2015,27,7-204,DEN,NFL,16,5,23.3,1.46,0,0,0,0,0,0,0,0,12,173,1,0
353,Adam Thielen,2015,25,,MIN,NFL,16,2,23.3,1.46,0,0,0,0,0,4,89,0,12,144,0,0
354,Fozzy Whittaker,2015,26,,CAR,NFL,15,1,23.2,1.55,0,0,0,0,0,25,108,1,12,64,0,0
355,Patrick DiMarco,2015,26,,ATL,NFL,16,8,23.0,1.44,0,0,0,0,0,1,0,0,13,110,2,0
356,Clay Harbor,2015,28,4-125,JAX,NFL,15,2,22.9,1.53,0,0,0,0,0,0,0,0,14,149,1,0
357,Terron Ward,2015,23,,ATL,NFL,13,0,22.8,1.75,0,0,0,0,0,29,95,1,9,73,0,0
358,T.J. Yates,2015,28,5-152,HOU,NFL,4,2,22.8,5.70,28,57,370,3,1,6,0,0,0,0,0,1
359,Marcedes Lewis,2015,31,1-28,JAX,NFL,16,16,22.6,1.41,0,0,0,0,0,0,0,0,16,226,0,0
360,Griff Whalen,2015,25,,IND,NFL,14,0,22.5,1.61,0,0,0,0,0,0,0,0,19,205,1,4
361,Landry Jones,2015,26,4-115,PIT,NFL,7,2,22.0,3.14,32,55,513,3,4,5,-5,0,0,0,0,1
362,Taiwan Jones,2015,27,4-125,OAK,NFL,12,0,22.0,1.83,0,0,0,0,0,16,74,0,7,106,1,2
363,Branden Oliver,2015,24,,SDG,NFL,8,1,22.0,2.75,0,0,0,0,0,31,108,0,13,112,0,0
364,Zac Stacy,2015,24,5-160,NYJ,NFL,8,0,21.4,2.68,0,0,0,0,0,31,89,1,9,65,0,0
365,Rashad Greene,2015,23,5-139,JAX,NFL,9,0,21.3,2.37,0,0,0,0,0,0,0,0,19,93,2,1
366,Terrance West,2015,24,3-94,2TM,NFL,8,0,21.2,2.65,0,0,0,0,0,62,231,0,4,21,0,2
367,Chris Matthews,2015,26,,2TM,NFL,13,0,21.1,1.62,0,0,0,0,0,0,0,0,13,151,1,0
368,Bruce Miller,2015,28,7-211,SFO,NFL,16,5,20.9,1.31,0,0,0,0,0,6,14,1,10,135,0,0
369,C.J. Fiedorowicz,2015,24,3-65,HOU,NFL,16,14,20.7,1.29,0,0,0,0,0,0,0,0,17,167,1,1
370,Jordan Norwood,2015,29,,DEN,NFL,11,5,20.7,1.88,0,0,0,0,0,0,0,0,22,207,0,1
371,Jaron Brown,2015,25,,ARI,NFL,16,0,20.4,1.28,0,0,0,0,0,0,0,0,11,144,1,0
372,David Cobb,2015,22,5-138,TEN,NFL,7,1,20.4,2.91,0,0,0,0,0,52,146,1,1,-2,0,0
373,John Kuhn,2015,33,,GNB,NFL,16,6,20.4,1.28,0,0,0,0,0,9,28,2,6,56,0,0
374,Bennie Fowler,2015,24,,DEN,NFL,16,1,20.3,1.27,0,0,0,0,0,0,0,0,16,203,0,0
375,Derek Carrier,2015,25,,WAS,NFL,12,11,20.1,1.68,0,0,0,0,0,0,0,0,17,141,1,0
376,Geno Smith,2015,25,2-39,NYJ,NFL,1,0,20.0,20.00,27,42,265,2,1,2,34,0,0,0,0,0
377,Louis Murphy,2015,28,4-124,TAM,NFL,6,1,19.8,3.30,0,0,0,0,0,0,0,0,10,198,0,0
378,Kerwynn Williams,2015,24,7-230,ARI,NFL,6,0,19.8,3.30,0,0,0,0,0,27,142,1,2,16,0,1
379,Tim Wright,2015,25,,DET,NFL,9,1,19.7,2.19,0,0,0,0,0,0,0,0,9,77,2,0
380,Andre Caldwell,2015,30,3-97,DEN,NFL,14,0,19.5,1.39,0,0,0,0,0,1,3,0,10,72,2,0
381,Justin Hardy,2015,24,4-107,ATL,NFL,9,1,19.4,2.16,0,0,0,0,0,0,0,0,21,194,0,0
382,Austin Davis,2015,26,,CLE,NFL,3,2,19.2,6.40,56,94,547,1,3,7,33,0,0,0,0,2
383,Donteea Dye,2015,22,,TAM,NFL,10,6,19.2,1.92,0,0,0,0,0,0,0,0,11,132,1,1
384,Tyler Kroft,2015,23,3-85,CIN,NFL,16,6,18.9,1.18,0,0,0,0,0,0,0,0,11,129,1,0
385,Javontee Herndon,2015,24,,SDG,NFL,8,2,18.8,2.35,0,0,0,0,0,1,13,0,24,195,0,2
386,Blake Bell,2015,24,4-117,SFO,NFL,14,5,18.6,1.33,0,0,0,0,0,0,0,0,15,186,0,0
387,Rhett Ellison,2015,27,4-128,MIN,NFL,15,9,18.4,1.23,0,0,0,0,0,0,0,0,11,124,1,0
388,Jalston Fowler,2015,25,4-108,TEN,NFL,16,0,17.7,1.11,0,0,0,0,0,7,13,1,5,44,1,0
389,Roy Helu,2015,27,4-105,OAK,NFL,9,0,17.4,1.93,0,1,0,0,0,17,39,0,9,75,1,0
390,Nick Boyle,2015,22,5-171,BAL,NFL,11,2,17.3,1.57,0,0,0,0,0,0,0,0,18,153,0,0
391,Dwayne Allen,2015,25,3-64,IND,NFL,13,12,17.0,1.31,0,0,0,0,0,1,1,0,16,109,1,0
392,T.J. Jones,2015,23,6-189,DET,NFL,10,0,16.9,1.69,0,0,0,0,0,1,-3,0,10,132,1,2
393,Dion Sims,2015,24,4-106,MIA,NFL,13,4,16.7,1.28,0,0,0,0,0,0,0,0,18,127,1,1
394,Jake Stoneburner,2015,26,,MIA,NFL,11,1,16.7,1.52,0,0,0,0,0,0,0,0,5,47,2,0
395,Kenbrell Thompkins,2015,27,,NYJ,NFL,7,2,16.5,2.36,0,0,0,0,0,0,0,0,17,165,0,0
396,Justin Perillo,2015,24,,GNB,NFL,9,0,16.2,1.80,0,0,0,0,0,0,0,0,11,102,1,0
397,Cody Parkey,2015,23,,PHI,NFL,3,0,16.0,5.33,0,0,0,0,0,0,0,0,0,0,0,0
398,Knile Davis,2015,24,3-96,KAN,NFL,14,0,15.6,1.11,0,0,0,0,0,28,72,1,2,24,0,0
399,Devin Smith,2015,23,2-37,NYJ,NFL,10,3,15.5,1.55,0,0,0,0,0,0,0,0,9,115,1,1
400,Devin Street,2015,24,5-146,DAL,NFL,14,2,15.4,1.10,0,0,0,0,0,0,0,0,7,114,1,1