,Rk,Name,Tm,Age,Pos,G,GS,Tgt,Rec,Ctch%,Yds,Y/R,TD,Lng,R/G,Y/G,Fmb
0,1,Anton,PIT,27.0,WR,16,16,193,136,70.5%,1834,13.5,10,59,8.5,114.6,3
1,2,Jul,ATL,26.0,WR,16,16,203,136,67.0%,1871,13.8,8,70,8.5,116.9,3
2,3,DeAndr,HOU,23.0,WR,16,16,192,111,57.8%,1521,13.7,11,61,6.9,95.1,1
3,4,Jarv,MIA,23.0,WR,16,14,166,110,66.3%,1157,10.5,4,50,6.9,72.3,1
4,5,Larry F,ARI,32.0,WR,16,16,145,109,75.2%,1215,11.1,9,44,6.8,75.9,2
5,6,Brandon,NYJ,31.0,WR,16,16,173,109,63.0%,1502,13.8,14,69,6.8,93.9,3
6,7,Demaryi,DEN,28.0,WR,16,16,177,105,59.3%,1304,12.4,6,72,6.6,81.5,2
7,8,Odel,NYG,23.0,WR,15,15,158,96,60.8%,1450,15.1,13,87,6.4,96.7,2
8,9,Delan,TEN,31.0,TE,15,10,133,94,70.7%,1088,11.6,6,61,6.3,72.5,0
9,10,Go,DET,27.0,WR,16,16,128,90,70.3%,813,9.0,6,43,5.6,50.8,1
10,11,Calvi,DET,30.0,WR,16,16,149,88,59.1%,1214,13.8,9,57,5.5,75.9,1
11,12,Jere,KAN,27.0,WR,15,15,124,87,70.2%,1088,12.5,8,61,5.8,72.5,2
12,13,Jo,WAS,25.0,te/wr,14,9,114,87,76.3%,952,10.9,11,32,6.2,68.0,3
13,14,A,CIN,27.0,WR,16,16,132,86,65.2%,1297,15.1,10,80,5.4,81.1,1
14,15,Michael,OAK,28.0,WR,16,15,146,85,58.2%,922,10.8,9,38,5.3,57.6,1
15,16,Jordan,PHI,23.0,WR,16,13,126,85,67.5%,997,11.7,8,78,5.3,62.3,2
16,17,Bran,NOR,22.0,WR,16,13,129,84,65.1%,1138,13.5,9,71,5.3,71.1,1
17,18,Er,NYJ,28.0,WR,15,13,132,80,60.6%,1027,12.8,12,35,5.3,68.5,1
18,19,The,DET,24.0,rb,16,1,99,80,80.8%,697,8.7,3,34,5.0,43.6,1
19,20,Allen,JAX,22.0,WR,16,16,151,80,53.0%,1400,17.5,14,90,5.0,87.5,0
20,21,Danny,SDG,30.0,rb,16,1,106,80,75.5%,755,9.4,6,61,5.0,47.2,0
21,22,Gary,CLE,30.0,TE,16,13,125,79,63.2%,1043,13.2,9,40,4.9,65.2,0
22,23,Ran,GNB,25.0,WR,16,15,129,79,61.2%,829,10.5,6,53,4.9,51.8,1
23,24,Dou,SEA,27.0,WR,16,16,103,78,75.7%,1069,13.7,14,80,4.9,66.8,1
24,25,G,CAR,30.0,TE,16,16,124,77,62.1%,1104,14.3,7,52,4.8,69.0,1
25,26,Jas,DAL,33.0,TE,16,16,104,77,74.0%,713,9.3,3,35,4.8,44.6,1
26,27,Emmanue,DEN,28.0,WR,15,15,136,76,55.9%,1135,14.9,6,75,5.1,75.7,2
27,28,Ka,BAL,26.0,WR,16,14,127,75,59.1%,944,12.6,5,48,4.7,59.0,1
28,29,,PHI,25.0,te/wr,15,6,112,75,67.0%,853,11.4,2,60,5.0,56.9,1
29,30,M,TAM,22.0,WR,15,14,148,74,50.0%,1206,16.3,3,68,4.9,80.4,1
30,31,B,NOR,35.0,TE,16,16,110,74,67.3%,825,11.1,6,46,4.6,51.6,1
31,32,Devont,ATL,23.0,RB,15,13,97,73,75.3%,578,7.9,3,44,4.9,38.5,3
32,33,Ama,OAK,21.0,WR,16,15,130,72,55.4%,1070,14.9,6,68,4.5,66.9,1
33,34,Pier,WAS,29.0,WR,16,16,111,72,64.9%,777,10.8,6,39,4.5,48.6,0
34,35,Rob Gr,NWE,26.0,TE,15,15,120,72,60.0%,1176,16.3,11,76,4.8,78.4,0
35,36,Tra,KAN,26.0,TE,16,16,103,72,69.9%,875,12.2,5,42,4.5,54.7,2
36,37,Anqu,SFO,35.0,WR,14,13,111,69,62.2%,789,11.4,4,51,4.9,56.4,1
37,38,T.,IND,26.0,WR,16,15,134,69,51.5%,1124,16.3,5,87,4.3,70.3,1
38,39,Wil,NOR,23.0,fb/WR,15,9,101,69,68.3%,984,14.3,3,63,4.6,65.6,2
39,40,Travis,CLE,26.0,WR,16,15,125,68,54.4%,966,14.2,5,61,4.3,60.4,3
40,41,Kee,SDG,23.0,WR,8,8,89,67,75.3%,725,10.8,4,38,8.4,90.6,1
41,42,Danny,NWE,30.0,wr,14,7,87,65,74.7%,648,10.0,3,41,4.6,46.3,1
42,43,J,ARI,25.0,WR,15,11,101,65,64.4%,1003,15.4,7,68,4.3,66.9,1
43,44,Mar,CIN,25.0,rb/WR,16,13,103,65,63.1%,816,12.6,4,47,4.1,51.0,0
44,45,Al,JAX,24.0,WR,15,14,105,64,61.0%,1031,16.1,10,80,4.3,68.7,2
45,46,Donte,IND,22.0,WR,16,10,105,64,61.0%,733,11.5,6,33,4.0,45.8,0
46,47,Julia,NWE,29.0,WR,9,9,88,61,69.3%,692,11.3,7,59,6.8,76.9,1
47,48,Duk,CLE,22.0,rb,16,7,74,61,82.4%,534,8.8,2,52,3.8,33.4,1
48,49,Hea,PIT,33.0,TE,15,15,81,60,74.1%,535,8.9,2,27,4.0,35.7,0
49,50,Samm,BUF,22.0,WR,13,13,96,60,62.5%,1047,17.5,9,63,4.6,80.5,0
50,51,Jamiso,WAS,22.0,fb/wr,16,6,78,59,75.6%,604,10.2,2,44,3.7,37.8,4
51,52,Ja,ATL,30.0,TE,15,8,81,59,72.8%,657,11.1,1,41,3.9,43.8,0
52,53,Sha,NYG,26.0,,16,0,81,59,72.8%,495,8.4,4,37,3.7,30.9,1
53,54,Richar,GNB,23.0,TE,16,12,85,58,68.2%,510,8.8,8,61,3.6,31.9,0
54,55,Rueb,NYG,24.0,WR,16,16,90,57,63.3%,797,14.0,8,72,3.6,49.8,0
55,56,Anto,SDG,35.0,te,11,4,85,56,65.9%,630,11.3,5,40,5.1,57.3,0
56,57,Darre,PHI,32.0,rb/wr,16,4,83,55,66.3%,388,7.1,1,35,3.4,24.3,1
57,58,Cob,IND,27.0,TE/wr,16,11,84,54,64.3%,491,9.1,3,57,3.4,30.7,0
58,59,Alsho,CHI,25.0,WR,9,8,94,54,57.4%,807,14.9,4,50,6.0,89.7,1
59,60,Martellu,CHI,28.0,TE,11,11,80,53,66.3%,439,8.3,3,24,4.8,39.9,2
60,61,Tav,STL,24.0,WR,16,14,87,52,59.8%,473,9.1,5,66,3.3,29.6,2
61,62,Col,DAL,26.0,wr,16,3,75,52,69.3%,536,10.3,5,30,3.3,33.5,2
62,63,Ste,MIN,22.0,WR,13,9,84,52,61.9%,720,13.8,4,40,4.0,55.4,2
63,64,Tyl,CIN,25.0,TE,13,12,74,52,70.3%,615,11.8,13,31,4.0,47.3,0
64,65,Mich,ARI,26.0,wr,15,6,89,52,58.4%,849,16.3,6,60,3.5,56.6,0
65,66,Terrance,DAL,26.0,WR,16,13,93,52,55.9%,840,16.2,3,42,3.3,52.5,0
66,67,Cha,BUF,26.0,TE,13,13,77,51,66.2%,528,10.4,3,40,3.9,40.6,1
67,68,Tyler,SEA,23.0,fb/wr,16,8,69,51,73.9%,664,13.0,6,49,3.2,41.5,1
68,69,Cha,TAM,25.0,,16,0,70,51,72.9%,561,11.0,4,56,3.2,35.1,2
69,70,Dava,GNB,23.0,WR,13,12,94,50,53.2%,483,9.7,1,40,3.8,37.2,0
70,71,Martav,PIT,24.0,wr,11,5,92,50,54.3%,765,15.3,6,88,4.5,69.5,1
71,72,Ma,NOR,26.0,RB,12,10,60,50,83.3%,405,8.1,0,59,4.2,33.8,2
72,73,Ja,GNB,31.0,WR,16,15,99,50,50.5%,890,17.8,8,65,3.1,55.6,1
73,74,Giovan,CIN,24.0,rb,16,1,66,49,74.2%,472,9.6,0,45,3.1,29.5,1
74,75,Jermai,SEA,25.0,WR,16,16,68,49,72.1%,685,14.0,5,50,3.1,42.8,1
75,76,Kyl,MIN,26.0,TE,16,16,73,49,67.1%,495,10.1,5,47,3.1,30.9,0
76,77,Jim,SEA,29.0,TE,11,11,74,48,64.9%,605,12.6,2,45,4.4,55.0,0
77,78,E,DET,22.0,TE,14,8,70,47,67.1%,537,11.4,5,55,3.4,38.4,0
78,79,Lam,MIA,24.0,RB,16,16,57,47,82.5%,397,8.4,2,54,2.9,24.8,1
79,80,Bil,NYJ,27.0,fb/rb,11,2,63,47,74.6%,388,8.3,2,25,4.3,35.3,2
80,81,Nate W,HOU,32.0,WR,14,14,94,47,50.0%,658,14.0,4,49,3.4,47.0,0
81,82,Rob,BUF,23.0,WR,14,9,80,47,58.8%,552,11.7,3,37,3.4,39.4,2
82,83,Owe,DEN,33.0,TE,16,16,77,46,59.7%,517,11.2,3,37,2.9,32.3,0
83,84,Brian,CLE,29.0,wr,12,4,77,46,59.7%,523,11.4,2,41,3.8,43.6,1
84,85,St,BAL,36.0,wr,7,7,73,46,63.0%,670,14.6,3,50,6.6,95.7,0
85,86,Juli,JAX,27.0,TE,12,11,80,46,57.5%,455,9.9,5,34,3.8,37.9,0
86,87,Javor,BAL,24.0,rb,16,6,62,45,72.6%,353,7.8,2,41,2.8,22.1,2
87,88,Marque,NOR,32.0,wr,13,5,67,45,67.2%,520,11.6,4,53,3.5,40.0,0
88,89,Stev,SDG,29.0,WR,10,8,65,45,69.2%,497,11.0,3,34,4.5,49.7,1
89,90,M,CHI,30.0,RB,13,13,58,44,75.9%,389,8.8,3,38,3.4,29.9,2
90,91,,CAR,30.0,WR,15,13,97,44,45.4%,739,16.8,10,74,2.9,49.3,0
91,92,DeMar,PHI,27.0,RB,15,8,55,44,80.0%,322,7.3,1,44,2.9,21.5,2
92,93,Marku,PIT,24.0,WR,16,8,79,44,55.7%,749,17.0,5,72,2.8,46.8,0
93,94,Rishard,MIA,26.0,WR,11,11,61,43,70.5%,662,15.4,4,53,3.9,60.2,0
94,95,Jam,GNB,29.0,rb,16,4,53,43,81.1%,392,9.1,3,30,2.7,24.5,5
95,96,Ro,ATL,34.0,WR,16,16,70,43,61.4%,506,11.8,1,25,2.7,31.6,0
96,97,Cec,HOU,28.0,wr,11,4,75,42,56.0%,484,11.5,2,42,3.8,44.0,2
97,98,,NYG,24.0,te/wr,13,7,62,42,67.7%,464,11.0,3,45,3.2,35.7,1
98,99,Andr,IND,34.0,WR,16,14,77,41,53.2%,503,12.3,4,35,2.6,31.4,0
99,100,Kyle,BAL,24.0,FB,16,11,56,41,73.2%,321,7.8,4,39,2.6,20.1,0
100,101,Latavi,OAK,25.0,RB,16,16,53,41,77.4%,232,5.7,0,23,2.6,14.5,4
101,102,Darren,DAL,28.0,RB,16,10,53,40,75.5%,328,8.2,0,21,2.5,20.5,3
102,103,Ja,NWE,23.0,rb,14,1,54,40,74.1%,410,10.3,4,68,2.9,29.3,0
103,104,DeAngelo,PIT,32.0,RB,16,10,47,40,85.1%,367,9.2,0,34,2.5,22.9,4
104,105,J,STL,28.0,TE,16,12,75,39,52.0%,481,12.3,0,49,2.4,30.1,2
105,106,Jerricho,CAR,33.0,wr,14,3,54,39,72.2%,485,12.4,3,59,2.8,34.6,0
106,107,Mik,MIN,29.0,WR,16,12,72,39,54.2%,473,12.1,2,34,2.4,29.6,0
107,108,Ver,2TM,31.0,,15,9,58,38,65.5%,395,10.4,0,43,2.5,26.3,0
108,109,Ladar,SDG,25.0,TE,13,11,63,37,58.7%,429,11.6,4,31,2.8,33.0,0
109,110,Brand,NWE,29.0,wr,11,7,74,37,50.0%,515,13.9,0,54,3.4,46.8,0
110,111,Ed,CHI,29.0,WR,9,9,50,37,74.0%,238,6.4,1,30,4.1,26.4,0
111,112,Ke,STL,27.0,WR,16,13,72,36,50.0%,681,18.9,3,60,2.3,42.6,0
112,113,Harr,TEN,31.0,WR,14,12,72,36,50.0%,411,11.4,2,51,2.6,29.4,2
113,114,Dway,NYG,28.0,fb/wr,15,6,57,36,63.2%,396,11.0,4,38,2.4,26.4,3
114,115,Ch,BUF,27.0,wr,16,4,59,36,61.0%,450,12.5,2,46,2.3,28.1,0
115,116,Davi,ARI,24.0,rb,16,5,57,36,63.2%,457,12.7,4,55,2.3,28.6,4
116,117,D,NWE,25.0,rb,7,6,50,36,72.0%,388,10.8,2,40,5.1,55.4,2
117,118,Kenda,TEN,26.0,WR,10,9,60,36,60.0%,408,11.3,3,52,3.6,40.8,0
118,119,T.,JAX,22.0,RB,12,12,46,36,78.3%,279,7.8,1,67,3.0,23.3,0
119,120,Jorda,MIA,27.0,TE,16,16,70,35,50.0%,386,11.0,3,29,2.2,24.1,1
120,121,Dontre,SDG,26.0,wr,14,7,63,35,55.6%,486,13.9,3,68,2.5,34.7,2
121,122,Chris,WAS,25.0,,13,0,48,35,72.9%,240,6.9,2,23,2.7,18.5,2
122,123,Albe,KAN,23.0,WR,14,12,57,35,61.4%,451,12.9,2,44,2.5,32.2,0
123,124,F,IND,32.0,RB,16,16,58,34,58.6%,267,7.9,1,34,2.1,16.7,4
124,125,Za,CHI,31.0,fb/TE,15,14,46,34,73.9%,439,12.9,5,87,2.3,29.3,0
125,126,C.J,NOR,28.0,rb,13,2,44,34,77.3%,239,7.0,2,80,2.6,18.4,1
126,127,Jari,MIN,26.0,wr,16,3,50,34,68.0%,442,13.0,0,52,2.1,27.6,1
127,128,Crockett,BAL,24.0,TE,10,10,47,33,70.2%,412,12.5,4,46,3.3,41.2,0
128,129,Melv,SDG,22.0,RB,14,13,37,33,89.2%,192,5.8,0,18,2.4,13.7,6
129,130,Vincen,TAM,32.0,WR,10,9,62,33,53.2%,543,16.5,3,36,3.3,54.3,0
130,131,Dou,TAM,26.0,RB,16,16,44,33,75.0%,271,8.2,1,25,2.1,16.9,5
131,132,Moh,CIN,26.0,wr,16,4,49,33,67.3%,394,11.9,0,52,2.1,24.6,2
132,133,Tor,SFO,26.0,te/WR,16,12,62,33,53.2%,663,20.1,4,76,2.1,41.4,0
133,134,Dorial Gree,TEN,22.0,wr,16,5,67,32,47.8%,549,17.2,4,47,2.0,34.3,0
134,135,Fre,SEA,34.0,,16,0,41,32,78.0%,257,8.0,2,26,2.0,16.1,1
135,136,LeS,BUF,27.0,RB,12,12,50,32,64.0%,292,9.1,2,22,2.7,24.3,2
136,137,Mych,OAK,25.0,,16,0,46,32,69.6%,280,8.8,1,29,2.0,17.5,2
137,138,Set,OAK,24.0,fb/wr,16,5,55,32,58.2%,480,15.0,5,43,2.0,30.0,0
138,139,Brya,JAX,28.0,wr,11,1,45,32,71.1%,368,11.5,1,31,2.9,33.5,0
139,140,Maxx,BAL,21.0,te,14,7,48,32,66.7%,268,8.4,1,28,2.3,19.1,1
140,141,Co,CAR,24.0,WR,14,11,54,31,57.4%,447,14.4,4,39,2.2,31.9,0
141,142,D,DAL,27.0,WR,9,9,72,31,43.1%,401,12.9,3,51,3.4,44.6,0
142,143,Jere,BAL,24.0,,8,0,44,31,70.5%,363,11.7,0,41,3.9,45.4,1
143,144,Justi,BAL,30.0,RB,10,10,41,31,75.6%,153,4.9,0,32,3.1,15.3,0
144,145,Devin,CAR,21.0,wr,16,5,63,31,49.2%,473,15.3,5,52,1.9,29.6,1
145,146,Dexter ,TEN,27.0,rb,11,2,41,31,75.6%,260,8.4,1,35,2.8,23.6,2
146,147,Brando,NOR,23.0,wr,16,3,49,30,61.2%,454,15.1,2,31,1.9,28.4,0
147,148,Mal,SDG,34.0,WR,15,13,68,30,44.1%,561,18.7,3,70,2.0,37.4,1
148,149,Ch,NYJ,27.0,RB,15,14,37,30,81.1%,217,7.2,1,36,2.0,14.5,4
149,150,DeSea,WAS,29.0,WR,10,9,49,30,61.2%,528,17.6,4,77,3.0,52.8,1
150,151,Vance,SFO,25.0,TE/wr,14,11,46,30,65.2%,326,10.9,3,36,2.1,23.3,2
151,152,Quint,SFO,25.0,wr,16,4,57,30,52.6%,394,13.1,1,41,1.9,24.6,0
152,153,Adrian ,MIN,30.0,RB,16,16,36,30,83.3%,222,7.4,0,49,1.9,13.9,7
153,154,Mar,OAK,30.0,fb/te,15,7,37,30,81.1%,269,9.0,3,55,2.0,17.9,0
154,155,Larr,NYG,27.0,TE,8,8,41,29,70.7%,223,7.7,2,22,3.6,27.9,0
155,156,Rashad,NYG,30.0,RB,16,16,40,29,72.5%,296,10.2,1,51,1.8,18.5,2
156,157,La,DET,32.0,WR,14,8,43,29,67.4%,337,11.6,4,42,2.1,24.1,1
157,158,Taylo,CLE,24.0,wr,13,4,48,28,58.3%,241,8.6,0,56,2.2,18.5,1
158,159,Cliv,OAK,24.0,te,16,2,50,28,56.0%,329,11.8,3,33,1.8,20.6,0
159,160,Marque,CHI,23.0,wr,11,6,51,28,54.9%,464,16.6,1,50,2.5,42.2,0
160,161,Br,PHI,30.0,TE,16,13,35,27,77.1%,398,14.7,3,60,1.7,24.9,1
161,162,Shau,2TM,28.0,,11,6,35,27,77.1%,176,6.5,0,26,2.5,16.0,1
162,163,Andre,CLE,29.0,WR,8,8,43,27,62.8%,276,10.2,0,25,3.4,34.5,1
163,164,,PHI,24.0,wr,15,4,42,27,64.3%,312,11.6,3,41,1.8,20.8,0
164,165,Adam ,TAM,22.0,,13,0,40,27,67.5%,260,9.6,1,27,2.1,20.0,0
165,166,Ken,MIA,23.0,WR,16,8,63,27,42.9%,440,16.3,3,47,1.7,27.5,0
166,167,Benny C,STL,25.0,rb,16,1,36,26,72.2%,250,9.6,0,42,1.6,15.6,1
167,168,Antho,TEN,31.0,TE,16,11,42,26,61.9%,289,11.1,2,33,1.6,18.1,0
168,169,Jonath,HOU,26.0,,14,0,31,26,83.9%,173,6.7,1,19,1.9,12.4,0
169,170,Leonard ,3TM,26.0,,10,0,46,26,56.5%,327,12.6,3,55,2.6,32.7,0
170,171,DeVan,MIA,22.0,wr,15,4,50,26,52.0%,494,19.0,3,49,1.7,32.9,0
171,172,Ameer,DET,22.0,RB,16,9,38,25,65.8%,183,7.3,1,36,1.6,11.4,5
172,173,C.J.,DEN,24.0,rb,15,5,36,25,69.4%,183,7.3,0,27,1.7,12.2,2
173,174,Lance ,STL,27.0,TE/wr,15,12,36,25,69.4%,245,9.8,2,37,1.7,16.3,0
174,175,Le',PIT,23.0,rb,6,6,26,24,92.3%,136,5.7,0,20,4.0,22.7,0
175,176,Javonte,SDG,24.0,wr,8,2,33,24,72.7%,195,8.1,0,21,3.0,24.4,2
176,177,Ronni,DEN,24.0,RB,16,11,35,24,68.6%,111,4.6,0,14,1.5,6.9,3
177,178,Kesha,NWE,25.0,WR,9,8,37,24,64.9%,269,11.2,2,39,2.7,29.9,1
178,179,Nelso,PHI,22.0,WR,13,12,44,23,52.3%,283,12.3,1,53,1.8,21.8,1
179,180,Came,TAM,24.0,te,14,4,30,23,76.7%,288,12.5,3,46,1.6,20.6,0
180,181,Scott,NWE,30.0,te,15,4,42,23,54.8%,259,11.3,4,30,1.5,17.3,0
181,182,R,WAS,25.0,wr,16,5,42,23,54.8%,268,11.7,2,35,1.4,16.8,0
182,183,Jo,DET,29.0,rb,13,5,27,22,81.5%,286,13.0,0,39,1.7,22.0,1
183,184,Quin,NYJ,23.0,wr,12,6,46,22,47.8%,315,14.3,0,48,1.8,26.3,0
184,185,Ari,HOU,29.0,rb,4,4,28,22,78.6%,227,10.3,2,32,5.5,56.8,2
185,186,Just,TEN,24.0,wr,9,5,31,22,71.0%,264,12.0,1,29,2.4,29.3,0
186,187,Jeremy,CHI,24.0,rb,16,2,42,22,52.4%,279,12.7,1,83,1.4,17.4,0
187,188,Mar,CHI,28.0,wr,16,5,33,22,66.7%,300,13.6,0,26,1.4,18.8,3
188,189,Jorda,DEN,29.0,wr,11,5,32,22,68.8%,207,9.4,0,34,2.0,18.8,1
189,190,Antoni,TEN,24.0,RB,14,10,29,21,72.4%,174,8.3,0,23,1.5,12.4,1
190,191,Jamaa,KAN,29.0,rb,5,5,29,21,72.4%,177,8.4,1,26,4.2,35.4,2
191,192,Ril,PHI,28.0,WR,16,13,41,21,51.2%,327,15.6,2,62,1.3,20.4,0
192,193,Lan,DAL,25.0,,4,0,23,21,91.3%,215,10.2,0,39,5.3,53.8,0
193,194,Dar,ARI,29.0,TE,14,12,28,21,75.0%,311,14.8,3,48,1.5,22.2,0
194,195,To,STL,21.0,RB,13,12,26,21,80.8%,188,9.0,0,31,1.6,14.5,3
195,196,Jus,ATL,24.0,wr,9,1,36,21,58.3%,194,9.2,0,23,2.3,21.6,0
196,197,Darrius He,PIT,28.0,wr,16,4,39,21,53.8%,314,15.0,2,66,1.3,19.6,0
197,198,Jerick,MIN,23.0,,16,0,29,21,72.4%,173,8.2,1,30,1.3,10.8,0
198,199,Denard,JAX,25.0,rb,13,3,30,21,70.0%,164,7.8,0,16,1.6,12.6,3
199,200,Austin Seferia,TAM,23.0,te,7,3,39,21,53.8%,338,16.1,4,43,3.0,48.3,0
200,201,Damien,MIA,23.0,,16,0,28,21,75.0%,142,6.8,1,23,1.3,8.9,2
201,202,Chr,2TM,26.0,,15,6,54,20,37.0%,353,17.7,1,48,1.3,23.5,0
202,203,Rya,HOU,25.0,te,9,4,34,20,58.8%,251,12.6,2,37,2.2,27.9,0
203,204,E,GNB,25.0,RB,15,12,28,20,71.4%,188,9.4,2,28,1.3,12.5,4
204,205,Rya,PHI,28.0,rb,13,6,28,20,71.4%,146,7.3,1,23,1.5,11.2,3
205,206,Charcand,KAN,24.0,RB,15,9,34,20,58.8%,214,10.7,1,80,1.3,14.3,1
206,207,Ma,MIN,28.0,,16,0,22,19,86.4%,132,6.9,0,22,1.2,8.3,0
207,208,Jos,CHI,26.0,wr,16,3,34,19,55.9%,224,11.8,2,48,1.2,14.0,0
208,209,Brand,NWE,25.0,rb,15,2,30,19,63.3%,180,9.5,2,63,1.3,12.0,0
209,210,Garr,SFO,27.0,TE,11,8,28,19,67.9%,186,9.8,3,33,1.7,16.9,0
210,211,Isaia,CLE,22.0,RB,16,9,22,19,86.4%,182,9.6,1,53,1.2,11.4,0
211,212,Rash,JAX,23.0,,9,0,35,19,54.3%,93,4.9,2,18,2.1,10.3,1
212,213,Per,BUF,27.0,wr,5,5,30,19,63.3%,218,11.5,1,51,3.8,43.6,1
213,214,Greg,MIA,32.0,wr,16,5,36,19,52.8%,208,10.9,1,31,1.2,13.0,0
214,215,M,WAS,22.0,,13,0,25,19,76.0%,304,16.0,1,78,1.5,23.4,5
215,216,Gri,IND,25.0,,14,0,26,19,73.1%,205,10.8,1,38,1.4,14.6,4
216,217,N,BAL,22.0,te,11,2,23,18,78.3%,153,8.5,0,25,1.6,13.9,0
217,218,Philli,IND,22.0,,11,0,39,18,46.2%,225,12.5,1,35,1.6,20.5,2
218,219,Jermain,ARI,27.0,TE/wr,15,12,32,18,56.3%,223,12.4,1,22,1.2,14.9,0
219,220,,STL,22.0,rb,13,3,25,18,72.0%,88,4.9,0,16,1.4,6.8,3
220,221,,MIA,24.0,te,13,4,25,18,72.0%,127,7.1,1,22,1.4,9.8,1
221,222,Mike,CAR,30.0,fb/rb,16,3,23,18,78.3%,154,8.6,3,40,1.1,9.6,0
222,223,Trava,3TM,26.0,,7,1,22,17,77.3%,214,12.6,1,44,2.4,30.6,1
223,224,Dere,WAS,25.0,fb/TE/wr,12,11,22,17,77.3%,141,8.3,1,20,1.4,11.8,0
224,225,Chr,KAN,23.0,wr,16,5,31,17,54.8%,199,11.7,1,44,1.1,12.4,0
225,226,E,CAR,28.0,TE,16,11,26,17,65.4%,121,7.1,2,17,1.1,7.6,0
226,227,C.J. Fi,HOU,24.0,TE,16,14,24,17,70.8%,167,9.8,1,25,1.1,10.4,1
227,228,Khiry,NOR,26.0,,8,0,20,17,85.0%,115,6.8,0,22,2.1,14.4,0
228,229,De'Antho,KAN,22.0,wr,10,1,25,17,68.0%,140,8.2,1,36,1.7,14.0,2
229,230,Kenbrell ,NYJ,27.0,wr,7,2,33,17,51.5%,165,9.7,0,43,2.4,23.6,0
230,231,Nick,ATL,25.0,,14,0,25,17,68.0%,159,9.4,2,29,1.2,11.4,0
231,232,Luk,SEA,25.0,te,14,7,26,17,65.4%,213,12.5,1,24,1.2,15.2,0
232,233,Dwa,IND,25.0,TE,13,12,29,16,55.2%,109,6.8,1,21,1.2,8.4,0
233,234,Benn,DEN,24.0,wr,16,1,25,16,64.0%,203,12.7,0,41,1.0,12.7,0
234,235,,NOR,25.0,te,16,7,30,16,53.3%,120,7.5,2,19,1.0,7.5,0
235,236,Jere,NYJ,27.0,wr,16,1,26,16,61.5%,152,9.5,2,25,1.0,9.5,1
236,237,Marce,JAX,31.0,TE,16,16,37,16,43.2%,226,14.1,0,45,1.0,14.1,0
237,238,C,HOU,26.0,rb,15,2,28,16,57.1%,109,6.8,1,12,1.1,7.3,0
238,239,Jonatha,CAR,28.0,RB,13,13,21,16,76.2%,99,6.2,1,15,1.2,7.6,3
239,240,Ja,KAN,32.0,wr,16,1,24,15,62.5%,119,7.9,0,20,0.9,7.4,0
240,241,B,SFO,24.0,te,14,5,25,15,60.0%,186,12.4,0,48,1.1,13.3,0
241,242,Al,HOU,24.0,RB,15,9,16,15,93.8%,109,7.3,1,21,1.0,7.3,2
242,243,Andre ,ARI,26.0,db/rb,10,3,24,15,62.5%,148,9.9,0,32,1.5,14.8,1
243,244,Je,CIN,23.0,RB,16,15,19,15,78.9%,79,5.3,1,14,0.9,4.9,3
244,245,Ma,JAX,24.0,wr,10,1,32,15,46.9%,191,12.7,1,30,1.5,19.1,0
245,246,Ty M,GNB,22.0,wr,6,3,19,15,78.9%,136,9.1,2,31,2.5,22.7,0
246,247,Mar,BAL,24.0,wr,10,2,30,14,46.7%,112,8.0,0,22,1.4,11.2,0
247,248,Cl,JAX,28.0,te,15,2,20,14,70.0%,149,10.6,1,26,0.9,9.9,0
248,249,And,OAK,27.0,wr,16,1,33,14,42.4%,201,14.4,4,49,0.9,12.6,0
249,250,Darius,CLE,23.0,wr,4,1,21,14,66.7%,117,8.4,0,16,3.5,29.3,1
250,251,Keith,HOU,23.0,wr,16,3,32,14,43.8%,129,9.2,0,26,0.9,8.1,3
251,252,Bish,TEN,23.0,rb,13,3,22,14,63.6%,139,9.9,1,30,1.1,10.7,2
252,253,Jael,HOU,21.0,wr,10,1,24,14,58.3%,161,11.5,3,42,1.4,16.1,0
253,254,Mil,PHI,31.0,wr,11,1,31,13,41.9%,224,17.2,1,39,1.2,20.4,0
254,255,Patric,ATL,26.0,fb/rb,16,8,17,13,76.5%,110,8.5,2,19,0.8,6.9,0
255,256,Aar,NWE,24.0,wr,8,3,21,13,61.9%,141,10.8,0,24,1.6,17.6,0
256,257,Bruce ,SFO,24.0,,13,0,19,13,68.4%,153,11.8,0,44,1.0,11.8,3
257,258,Coop,SEA,26.0,te,13,2,22,13,59.1%,130,10.0,0,20,1.0,10.0,0
258,259,Marsh,SEA,29.0,rb,7,6,21,13,61.9%,80,6.2,0,19,1.9,11.4,0
259,260,Bradle,STL,,wr,16,1,22,13,59.1%,88,6.8,0,14,0.8,5.5,1
260,261,Chris,2TM,26.0,,13,0,25,13,52.0%,151,11.6,1,21,1.0,11.6,0
261,262,Brand,SDG,24.0,rb,8,1,15,13,86.7%,112,8.6,0,17,1.6,14.0,0
262,263,W,STL,34.0,,8,0,22,13,59.1%,102,7.8,0,14,1.6,12.8,0
263,264,Stedm,STL,25.0,wr,8,3,25,12,48.0%,182,15.2,1,68,1.5,22.8,0
264,265,Bri,DAL,25.0,wr,7,2,26,12,46.2%,258,21.5,0,67,1.7,36.9,0
265,266,J,IND,25.0,te,16,2,14,12,85.7%,72,6.0,1,19,0.8,4.5,0
266,267,Ch,BUF,25.0,te,13,4,20,12,60.0%,150,12.5,0,29,0.9,11.5,0
267,268,Vir,DEN,27.0,fb/te,16,5,15,12,80.0%,173,14.4,1,32,0.8,10.8,0
268,269,Tim ,NOR,29.0,rb,8,3,13,12,92.3%,129,10.8,0,27,1.5,16.1,0
269,270,Bran,TAM,30.0,fb/te,11,6,17,12,70.6%,127,10.6,0,17,1.1,11.5,0
270,271,,OAK,28.0,TE,15,15,13,12,92.3%,70,5.8,1,17,0.8,4.7,0
271,272,Crai,TEN,31.0,TE,16,11,16,12,75.0%,121,10.1,2,27,0.8,7.6,0
272,273,Ada,MIN,25.0,wr,16,2,18,12,66.7%,144,12.0,0,30,0.8,9.0,0
273,274,Fozzy ,CAR,26.0,rb,15,1,15,12,80.0%,64,5.3,0,15,0.8,4.3,0
274,275,Ja,ARI,25.0,,16,0,23,11,47.8%,144,13.1,1,39,0.7,9.0,0
275,276,Do,TAM,22.0,wr,10,6,30,11,36.7%,132,12.0,1,44,1.1,13.2,1
276,277,Rhet,MIN,27.0,TE,15,9,19,11,57.9%,124,11.3,1,41,0.7,8.3,0
277,278,Michael Hoo,2TM,27.0,,14,8,16,11,68.8%,76,6.9,3,19,0.8,5.4,1
278,279,Ca,SFO,24.0,rb,7,7,15,11,73.3%,53,4.8,0,11,1.6,7.6,1
279,280,Ty,CIN,23.0,te,16,6,15,11,73.3%,129,11.7,1,22,0.7,8.1,0
280,281,Cameron,CHI,23.0,,11,0,16,11,68.8%,120,10.9,0,22,1.0,10.9,0
281,282,,ARI,23.0,wr,11,2,27,11,40.7%,299,27.2,2,64,1.0,27.2,1
282,283,Justi,GNB,24.0,,9,0,13,11,84.6%,102,9.3,1,24,1.2,11.3,0
283,284,Andr,WAS,27.0,,9,0,21,11,52.4%,135,12.3,0,38,1.2,15.0,0
284,285,Karlos,BUF,22.0,fb/rb,11,3,14,11,78.6%,96,8.7,2,26,1.0,8.7,2
285,286,Ahmad,IND,29.0,,6,0,14,10,71.4%,64,6.4,3,10,1.7,10.7,0
286,287,Rex,CIN,25.0,,16,0,15,10,66.7%,94,9.4,1,27,0.6,5.9,1
287,288,Andre,DEN,30.0,,14,0,22,10,45.5%,72,7.2,2,24,0.7,5.1,0
288,289,T,DET,23.0,,10,0,18,10,55.6%,132,13.2,1,29,1.0,13.2,2
289,290,Bru,SFO,28.0,fb,16,5,14,10,71.4%,135,13.5,0,52,0.6,8.4,0
290,291,Alfr,WAS,27.0,RB,16,16,13,10,76.9%,55,5.5,0,12,0.6,3.4,0
291,292,Lou,TAM,28.0,wr,6,1,18,10,55.6%,198,19.8,0,54,1.7,33.0,0
292,293,John,SDG,28.0,te,16,5,11,10,90.9%,69,6.9,1,15,0.6,4.3,0
293,294,MyCo,MIN,23.0,te,16,3,16,10,62.5%,89,8.9,0,32,0.6,5.6,0
294,295,Br,STL,26.0,wr,13,3,32,10,31.3%,102,10.2,0,37,0.8,7.8,0
295,296,Jose,DAL,24.0,rb,6,6,10,10,100.0%,87,8.7,0,25,1.7,14.5,1
296,297,Jared A,GNB,25.0,,9,0,16,9,56.3%,111,12.3,0,32,1.0,12.3,1
297,298,Kenj,PHI,26.0,,11,0,12,9,75.0%,22,2.4,0,12,0.8,2.0,1
298,299,Brent,CAR,25.0,wr,9,2,11,9,81.8%,119,13.2,0,30,1.0,13.2,1
299,300,Ja,DAL,26.0,te,14,7,14,9,64.3%,79,8.8,0,17,0.6,5.6,0
300,301,DuJu,2TM,27.0,,4,1,14,9,64.3%,97,10.8,0,31,2.3,24.3,1
301,302,,OAK,27.0,,9,0,16,9,56.3%,75,8.3,1,15,1.0,8.3,0
302,303,D,2TM,26.0,,10,0,10,9,90.0%,47,5.2,0,9,0.9,4.7,1
303,304,Charle,MIN,26.0,wr,11,4,13,9,69.2%,127,14.1,0,35,0.8,11.5,0
304,305,Jamiz,OAK,26.0,fb,14,3,11,9,81.8%,84,9.3,0,15,0.6,6.0,0
305,306,Tho,SEA,22.0,rb,13,7,11,9,81.8%,76,8.4,1,31,0.7,5.8,1
306,307,Je,2TM,27.0,,11,0,14,9,64.3%,88,9.8,0,18,0.8,8.0,4
307,308,De,NYJ,23.0,wr,10,3,28,9,32.1%,115,12.8,1,22,0.9,11.5,1
308,309,,NYJ,24.0,,8,0,12,9,75.0%,65,7.2,0,16,1.1,8.1,0
309,310,Luk,TAM,27.0,TE,14,13,13,9,69.2%,61,6.8,1,14,0.6,4.4,0
310,311,Pier,2TM,31.0,,5,0,11,9,81.8%,84,9.3,0,15,1.8,16.8,0
311,312,Te,ATL,23.0,,13,0,13,9,69.2%,73,8.1,0,18,0.7,5.6,0
312,313,T,DET,25.0,te,9,1,16,9,56.3%,77,8.6,2,26,1.0,8.6,0
313,314,Don,SDG,28.0,rb,9,2,13,8,61.5%,88,11.0,0,31,0.9,9.8,1
314,315,Chas,2TM,29.0,,2,0,11,8,72.7%,71,8.9,1,16,4.0,35.5,0
315,316,Jerome C,NYG,24.0,fb/te,9,3,16,8,50.0%,59,7.4,0,16,0.9,6.6,0
316,317,Gavi,DAL,24.0,te,14,4,13,8,61.5%,64,8.0,1,22,0.6,4.6,1
317,318,Kendal,SFO,25.0,,9,0,10,8,80.0%,69,8.6,0,16,0.9,7.7,0
318,319,Ry,CIN,24.0,RB/te,15,12,12,8,66.7%,99,12.4,0,22,0.5,6.6,0
319,320,Je,PIT,21.0,te,8,2,11,8,72.7%,56,7.0,1,20,1.0,7.0,0
320,321,Ra,WAS,25.0,,13,0,13,8,61.5%,184,23.0,1,71,0.6,14.2,0
321,322,,MIA,22.0,,9,0,11,7,63.6%,90,12.9,0,20,0.8,10.0,0
322,323,M,SFO,22.0,,6,0,13,7,53.8%,38,5.4,0,11,1.2,6.3,0
323,324,J,2TM,25.0,,8,0,8,7,87.5%,76,10.9,0,25,0.9,9.5,0
324,325,Demetri,KAN,24.0,TE,16,9,11,7,63.6%,74,10.6,1,25,0.4,4.6,0
325,326,Tai,OAK,27.0,,12,0,9,7,77.8%,106,15.1,1,59,0.6,8.8,2
326,327,Mar,CLE,28.0,wr,14,2,10,7,70.0%,81,11.6,1,20,0.5,5.8,0
327,328,Hak,NYG,27.0,wr,6,2,14,7,50.0%,54,7.7,0,19,1.2,9.0,0
328,329,Brandon ,DET,30.0,TE,8,8,15,7,46.7%,67,9.6,1,21,0.9,8.4,0
329,330,Dev,DAL,24.0,wr,14,2,13,7,53.8%,114,16.3,1,25,0.5,8.1,1
330,331,Levin,ATL,24.0,TE,16,15,12,7,58.3%,44,6.3,0,11,0.4,2.8,0
331,332,Robe,2TM,26.0,,10,0,10,7,70.0%,23,3.3,0,15,0.7,2.3,0
332,333,My,NYG,25.0,,12,0,20,7,35.0%,88,12.6,1,28,0.6,7.3,0
333,334,LeGarret,NWE,29.0,rb,12,6,7,6,85.7%,43,7.2,1,14,0.5,3.6,1
334,335,Dan,BAL,23.0,wr,6,1,11,6,54.5%,64,10.7,0,31,1.0,10.7,0
335,336,Micha,DET,23.0,fb/te,16,7,6,6,100.0%,39,6.5,1,12,0.4,2.4,0
336,337,Anth,BUF,28.0,rb,16,1,7,6,85.7%,44,7.3,0,14,0.4,2.8,0
337,338,,CLE,29.0,fb/TE,16,10,16,6,37.5%,61,10.2,0,18,0.4,3.8,0
338,339,Dan,NYG,32.0,te,2,1,7,6,85.7%,60,10.0,0,23,3.0,30.0,0
339,340,Mike ,BUF,25.0,rb,5,1,7,6,85.7%,29,4.8,0,14,1.2,5.8,1
340,341,Jar,SFO,27.0,rb,8,1,7,6,85.7%,27,4.5,0,7,0.8,3.4,3
341,342,A,HOU,22.0,rb,7,1,10,6,60.0%,39,6.5,0,27,0.9,5.6,0
342,343,Chri,ARI,30.0,RB,11,9,13,6,46.2%,58,9.7,0,40,0.5,5.3,2
343,344,,GNB,33.0,fb,16,6,10,6,60.0%,56,9.3,0,19,0.4,3.5,0
344,345,Cod,DEN,23.0,wr,14,1,11,6,54.5%,59,9.8,1,15,0.4,4.2,0
345,346,,MIN,25.0,fb/te,16,5,9,6,66.7%,95,15.8,1,49,0.4,5.9,0
346,347,James O'Sh,KAN,23.0,te,7,3,9,6,66.7%,87,14.5,0,30,0.9,12.4,0
347,348,Ch,NYJ,25.0,wr,3,2,13,6,46.2%,80,13.3,0,43,2.0,26.7,0
348,349,Josh,IND,23.0,,5,0,6,6,100.0%,33,5.5,0,9,1.2,6.6,1
349,350,Juwan,DEN,23.0,fb,15,1,9,6,66.7%,51,8.5,0,16,0.4,3.4,0
350,351,Spe,KAN,24.0,rb,11,2,6,6,100.0%,5,0.8,0,5,0.5,0.5,0
351,352,Lucky ,DAL,23.0,wr,15,1,8,6,75.0%,16,2.7,0,8,0.4,1.1,1
352,353,Dar,WAS,28.0,fb,16,3,6,6,100.0%,22,3.7,0,8,0.4,1.4,1
353,354,Cameron Ar,CAR,25.0,,7,0,5,5,100.0%,58,11.6,0,20,0.7,8.3,0
354,355,Dw,CLE,31.0,,7,0,13,5,38.5%,53,10.6,0,16,0.7,7.6,0
355,356,Michael ,BAL,24.0,,4,0,6,5,83.3%,35,7.0,0,11,1.3,8.8,0
356,357,Jeff C,NYJ,28.0,te,15,6,14,5,35.7%,77,15.4,0,44,0.3,5.1,0
357,358,Jalst,TEN,25.0,,16,0,6,5,83.3%,44,8.8,1,19,0.3,2.8,0
358,359,Co,STL,25.0,fb/te,16,6,6,5,83.3%,26,5.2,0,12,0.3,1.6,0
359,360,Austi,NOR,26.0,fb,10,1,8,5,62.5%,30,6.0,0,12,0.5,3.0,0
360,361,Prest,NYG,28.0,wr,2,1,12,5,41.7%,43,8.6,0,15,2.5,21.5,0
361,362,Jerom,SFO,29.0,wr,5,1,19,5,26.3%,54,10.8,1,16,1.0,10.8,0
362,363,Jake St,MIA,26.0,te,11,1,5,5,100.0%,47,9.4,2,13,0.5,4.3,0
363,364,Lorenzo T,BAL,24.0,,3,0,5,5,100.0%,29,5.8,0,11,1.7,9.7,0
364,365,Zurl,IND,25.0,,10,0,8,5,62.5%,57,11.4,0,27,0.5,5.7,0
365,366,Tomm,NYJ,25.0,fb,16,4,8,4,50.0%,56,14.0,0,23,0.3,3.5,0
366,367,Re,SFO,30.0,rb,5,1,10,4,40.0%,19,4.8,0,8,0.8,3.8,0
367,368,Cor,DET,25.0,,12,0,9,4,44.4%,76,19.0,0,48,0.3,6.3,1
368,369,Garre,HOU,29.0,fb/te,8,2,19,4,21.1%,30,7.5,1,9,0.5,3.8,0
369,370,T.,NOR,26.0,,4,0,4,4,100.0%,24,6.0,0,18,1.0,6.0,0
370,371,Ro,2TM,27.0,,10,0,7,4,57.1%,33,8.3,0,12,0.4,3.3,0
371,372,Malcol,CLE,23.0,fb,12,5,6,4,66.7%,15,3.8,0,8,0.3,1.3,0
372,373,Ricardo,SEA,29.0,,8,0,7,4,57.1%,69,17.3,1,40,0.5,8.6,0
373,374,Tr,ARI,23.0,te,16,3,4,4,100.0%,33,8.3,2,13,0.3,2.1,0
374,375,Andrew,GNB,27.0,te,5,1,5,4,80.0%,31,7.8,0,13,0.8,6.2,0
375,376,Stev,NYJ,26.0,rb,9,1,5,4,80.0%,-2,-0.5,0,3,0.4,-0.2,0
376,377,Anthon,KAN,27.0,fb,16,2,5,4,80.0%,34,8.5,0,18,0.3,2.1,0
377,378,Terr,2TM,24.0,,8,0,5,4,80.0%,21,5.3,0,8,0.5,2.6,2
378,379,Tr,PHI,24.0,,16,0,4,3,75.0%,54,18.0,0,43,0.2,3.4,0
379,380,Ka'D,CHI,23.0,rb,10,1,3,3,100.0%,19,6.3,1,11,0.3,1.9,1
380,381,Orlea,NYG,23.0,,16,0,5,3,60.0%,31,10.3,0,15,0.2,1.9,0
381,382,Kel,NYJ,30.0,fb/te,16,9,11,3,27.3%,18,6.0,1,9,0.2,1.1,0
382,383,Tob,JAX,28.0,rb,7,1,5,3,60.0%,23,7.7,0,8,0.4,3.3,0
383,384,Mat,NYG,23.0,,2,0,3,3,100.0%,22,7.3,0,10,1.5,11.0,0
384,385,Christin,2TM,25.0,,8,2,6,3,50.0%,16,5.3,0,11,0.4,2.0,0
385,386,To,ATL,28.0,,10,0,5,3,60.0%,58,19.3,1,42,0.3,5.8,0
386,387,Berna,JAX,24.0,,7,0,5,3,60.0%,7,2.3,0,6,0.4,1.0,0
387,388,Bob,TAM,28.0,,16,0,3,3,100.0%,16,5.3,0,8,0.2,1.0,8
388,389,G,BUF,27.0,,2,0,5,3,60.0%,41,13.7,0,20,1.5,20.5,0
389,390,Russel,TAM,25.0,wr,13,1,9,3,33.3%,28,9.3,1,18,0.2,2.2,0
390,391,Ke,SEA,24.0,wr,7,1,5,3,60.0%,43,14.3,0,21,0.4,6.1,0
391,392,Phillip,TEN,25.0,te,16,1,4,3,75.0%,32,10.7,0,16,0.2,2.0,1
392,393,Michael,NWE,25.0,rb/te/wr,15,9,6,3,50.0%,26,8.7,0,15,0.2,1.7,0
393,394,Chandl,HOU,22.0,,3,0,4,3,75.0%,14,4.7,0,12,1.0,4.7,1
394,395,Tys,JAX,28.0,DT,16,14,3,2,66.7%,19,9.5,0,16,0.1,1.2,0
395,396,Tevi,ATL,22.0,rb,12,3,11,2,18.2%,14,7.0,0,10,0.2,1.2,3
396,397,B.J,2TM,26.0,,8,0,2,2,100.0%,18,9.0,0,12,0.3,2.3,0
397,398,Ger,NYG,23.0,,10,0,3,2,66.7%,21,10.5,0,16,0.2,2.1,0
398,399,Kn,KAN,24.0,,14,0,3,2,66.7%,24,12.0,0,12,0.1,1.7,0
399,400,Marquis,BUF,25.0,,2,0,2,2,100.0%,24,12.0,0,14,1.0,12.0,0
400,401,Co,JAX,24.0,,6,0,3,2,66.7%,13,6.5,0,8,0.3,2.2,1
401,402,J,GNB,24.0,,16,0,12,2,16.7%,79,39.5,0,46,0.1,4.9,0
402,403,Wil,PIT,26.0,fb,16,4,4,2,50.0%,16,8.0,0,11,0.1,1.0,0
403,404,Jonath,PHI,23.0,,2,0,4,2,50.0%,11,5.5,0,7,1.0,5.5,0
404,405,Jorvor,TAM,28.0,fb,16,6,2,2,100.0%,13,6.5,0,8,0.1,0.8,0
405,406,Tr,TEN,23.0,,7,0,4,2,50.0%,8,4.0,1,7,0.3,1.1,0
406,407,Roos,PIT,23.0,fb,15,3,3,2,66.7%,16,8.0,0,10,0.1,1.1,0
407,408,Cordarrelle ,MIN,24.0,wr,16,1,2,2,100.0%,10,5.0,0,9,0.1,0.6,1
408,409,Ma,PIT,32.0,te,13,7,3,2,66.7%,10,5.0,0,6,0.2,0.8,0
409,410,Bra,CIN,28.0,,16,0,3,2,66.7%,59,29.5,1,55,0.1,3.7,1
410,411,Deonte,CHI,26.0,,7,0,3,2,66.7%,81,40.5,0,45,0.3,11.6,0
411,412,Andrew,TEN,,,3,0,2,2,100.0%,25,12.5,0,18,0.7,8.3,0
412,413,Darr,BAL,23.0,wr,6,1,6,2,33.3%,18,9.0,0,17,0.3,3.0,0
413,414,DeAnd,SFO,,,4,0,2,2,100.0%,18,9.0,0,10,0.5,4.5,1
414,415,Kerwynn,ARI,24.0,,6,0,2,2,100.0%,16,8.0,0,12,0.3,2.7,1
415,416,Tyrell,SDG,23.0,,4,0,5,2,40.0%,90,45.0,1,80,0.5,22.5,0
416,417,Za,DET,24.0,rb,6,1,3,2,66.7%,11,5.5,0,7,0.3,1.8,0
417,418,Seyi ,PHI,28.0,,13,0,3,1,33.3%,4,4.0,0,4,0.1,0.3,0
418,419,Mar,CIN,23.0,,1,0,1,1,100.0%,15,15.0,0,15,1.0,15.0,0
419,420,E,CLE,24.0,,7,0,2,1,50.0%,7,7.0,0,7,0.1,1.0,0
420,421,,NWE,38.0,QB,16,16,1,1,100.0%,36,36.0,0,36,0.1,2.3,6
421,422,Malc,STL,,,1,0,1,1,100.0%,-2,-2.0,0,-2,1.0,-2.0,0
422,423,Vinc,SDG,26.0,,1,0,2,1,50.0%,22,22.0,0,22,1.0,22.0,0
423,424,Asante ,NWE,23.0,te,4,1,1,1,100.0%,1,1.0,0,1,0.3,0.3,0
424,425,Tyl,DAL,31.0,fb,16,5,1,1,100.0%,4,4.0,0,4,0.1,0.3,0
425,426,Samm,PIT,22.0,,7,0,2,1,50.0%,11,11.0,0,11,0.1,1.6,0
426,427,D,TEN,22.0,rb,7,1,2,1,50.0%,-2,-2.0,0,-2,0.1,-0.3,0
427,428,Derric,SEA,25.0,fb/rb,14,3,1,1,100.0%,0,0.0,0,0,0.1,0.0,0
428,429,C,STL,26.0,,16,0,2,1,50.0%,20,20.0,0,20,0.1,1.3,1
429,430,Marc,BUF,28.0,,13,0,3,1,33.3%,58,58.0,1,58,0.1,4.5,0
430,431,Be,NYG,23.0,,2,0,2,1,50.0%,9,9.0,0,9,0.5,4.5,0
431,432,Jero,BUF,29.0,FB,16,8,2,1,50.0%,12,12.0,0,12,0.1,0.8,0
432,433,Ja,CIN,22.0,te,14,1,5,1,20.0%,31,31.0,0,31,0.1,2.2,0
433,434,Erec,NYG,21.0,LT,15,15,1,1,100.0%,-11,-11.0,0,-11,0.1,-0.7,0
434,435,Britt,ARI,27.0,,16,0,1,1,100.0%,5,5.0,0,5,0.1,0.3,1
435,436,MarQ,BUF,26.0,,4,0,1,1,100.0%,2,2.0,0,2,0.3,0.5,0
436,437,Chr,NWE,22.0,,5,0,3,1,33.3%,6,6.0,0,6,0.2,1.2,1
437,438,Mi,ARI,28.0,LG,13,13,1,1,100.0%,10,10.0,0,10,0.1,0.8,0
438,439,Steve,NWE,32.0,rb,2,1,1,1,100.0%,20,20.0,0,20,0.5,10.0,0
439,440,N,JAX,24.0,te,11,3,3,1,33.3%,6,6.0,0,6,0.1,0.5,0
440,441,Davi,SDG,28.0,te,16,4,2,1,50.0%,4,4.0,0,4,0.1,0.3,1
441,442,Wesle,NYJ,24.0,c,10,1,1,1,100.0%,-5,-5.0,0,-5,0.1,-0.5,0
442,443,Ken,HOU,23.0,t/te,15,4,1,1,100.0%,7,7.0,0,7,0.1,0.5,0
443,444,,CHI,23.0,te,16,7,3,1,33.3%,7,7.0,0,7,0.1,0.4,0
444,445,Brian ,SFO,25.0,,4,0,1,1,100.0%,4,4.0,0,4,0.3,1.0,0
445,446,Terra,BAL,,,3,0,1,1,100.0%,2,2.0,0,2,0.3,0.7,0
446,447,Marcu,TEN,22.0,QB,12,12,1,1,100.0%,41,41.0,1,41,0.1,3.4,10
447,448,Matthew,BUF,30.0,te,12,5,1,1,100.0%,2,2.0,0,2,0.1,0.2,0
448,449,Tyl,PIT,23.0,,2,0,1,1,100.0%,16,16.0,0,16,0.5,8.0,0
449,450,Nic,BUF,23.0,,4,0,3,1,33.3%,37,37.0,0,37,0.3,9.3,0
450,451,Bri,KAN,23.0,,9,0,2,1,50.0%,6,6.0,0,6,0.1,0.7,0
451,452,Do,OAK,32.0,LT,16,16,1,1,100.0%,3,3.0,0,3,0.1,0.2,0
452,453,Terre,CLE,26.0,wr,3,2,8,1,12.5%,42,42.0,0,42,0.3,14.0,0
453,454,Paul R,SEA,23.0,,1,0,1,1,100.0%,40,40.0,0,40,1.0,40.0,0
454,455,Aaron ,GNB,23.0,,15,0,1,1,100.0%,18,18.0,0,18,0.1,1.2,0
455,456,Jacquiz,CHI,25.0,,5,0,3,1,33.3%,10,10.0,0,10,0.2,2.0,0
456,457,Scott,CAR,23.0,,9,0,1,1,100.0%,10,10.0,0,10,0.1,1.1,0
457,458,,2TM,,,11,0,2,1,50.0%,6,6.0,0,6,0.1,0.5,0
458,459,Matthew,DET,27.0,QB,16,16,1,1,100.0%,-6,-6.0,0,-6,0.1,-0.4,4
459,460,Rod,OAK,27.0,,1,0,1,1,100.0%,8,8.0,0,8,1.0,8.0,0
460,461,Ge,DAL,24.0,te,4,1,1,1,100.0%,0,0.0,0,0,0.3,0.0,0
461,462,Ryan ,MIA,27.0,QB,16,16,1,1,100.0%,9,9.0,0,9,0.1,0.6,10
462,463,Stepf,ARI,24.0,,16,0,3,1,33.3%,4,4.0,0,4,0.1,0.3,0
463,464,Tyr,BUF,26.0,QB/wr,14,14,1,1,100.0%,4,4.0,0,4,0.1,0.3,9
464,465,Wil,SEA,31.0,fb,14,1,1,1,100.0%,7,7.0,1,7,0.1,0.5,1
465,466,C.,CIN,22.0,,5,0,1,1,100.0%,4,4.0,0,4,0.2,0.8,0
466,467,Ty,IND,22.0,,3,0,2,1,50.0%,18,18.0,0,18,0.3,6.0,0
467,468,E,ATL,30.0,,16,0,1,1,100.0%,11,11.0,0,11,0.1,0.7,0
468,469,Andre,NYG,23.0,,16,0,3,1,33.3%,7,7.0,0,7,0.1,0.4,0
