Rk,Name,Tm,Age,Pos,G,GS,Att,Yds,TD,Lng,Y/A,Y/G,A/G,Tgt,Rec,Yds.1,Y/R,TD.1,Lng.1,R/G,Y/G.1,YScm,RRTD,Fmb
1,Adrian ,MIN,30.0,RB,16,16,327,1485,11,80,4.5,92.8,20.4,36.0,30.0,222.0,7.4,0.0,49.0,1.9,13.9,1707,11,7
2,Dou,TAM,26.0,RB,16,16,288,1402,6,84,4.9,87.6,18.0,44.0,33.0,271.0,8.2,1.0,25.0,2.1,16.9,1673,7,5
3,Latavi,OAK,25.0,RB,16,16,266,1066,6,54,4.0,66.6,16.6,53.0,41.0,232.0,5.7,0.0,23.0,2.6,14.5,1298,6,4
4,Devont,ATL,23.0,RB,15,13,265,1056,11,39,4.0,70.4,17.7,97.0,73.0,578.0,7.9,3.0,44.0,4.9,38.5,1634,14,3
5,F,IND,32.0,RB,16,16,260,967,6,37,3.7,60.4,16.3,58.0,34.0,267.0,7.9,1.0,34.0,2.1,16.7,1234,7,4
6,Ch,NYJ,27.0,RB,15,14,247,1070,7,58,4.3,71.3,16.5,37.0,30.0,217.0,7.2,1.0,36.0,2.0,14.5,1287,8,4
7,Jonatha,CAR,28.0,RB,13,13,242,989,6,44,4.1,76.1,18.6,21.0,16.0,99.0,6.2,1.0,15.0,1.2,7.6,1088,7,3
8,Darren,DAL,28.0,RB,16,10,239,1089,3,50,4.6,68.1,14.9,53.0,40.0,328.0,8.2,0.0,21.0,2.5,20.5,1417,3,3
9,To,STL,21.0,RB,13,12,229,1106,10,71,4.8,85.1,17.6,26.0,21.0,188.0,9.0,0.0,31.0,1.6,14.5,1294,10,3
10,Je,CIN,23.0,RB,16,15,223,794,11,38,3.6,49.6,13.9,19.0,15.0,79.0,5.3,1.0,14.0,0.9,4.9,873,12,3
11,M,CHI,30.0,RB,13,13,218,898,4,27,4.1,69.1,16.8,58.0,44.0,389.0,8.8,3.0,38.0,3.4,29.9,1287,7,2
12,Ronni,DEN,24.0,RB,16,11,207,863,7,72,4.2,53.9,12.9,35.0,24.0,111.0,4.6,0.0,14.0,1.5,6.9,974,7,3
13,LeS,BUF,27.0,RB,12,12,203,895,3,48,4.4,74.6,16.9,50.0,32.0,292.0,9.1,2.0,22.0,2.7,24.3,1187,5,2
14,Alfr,WAS,27.0,RB,16,16,202,751,1,48,3.7,46.9,12.6,13.0,10.0,55.0,5.5,0.0,12.0,0.6,3.4,806,1,0
15,DeAngelo,PIT,32.0,RB,16,10,200,907,11,55,4.5,56.7,12.5,47.0,40.0,367.0,9.2,0.0,34.0,2.5,22.9,1274,11,4
16,Chri,ARI,30.0,RB,11,9,196,814,3,62,4.2,74.0,17.8,13.0,6.0,58.0,9.7,0.0,40.0,0.5,5.3,872,3,2
17,Rashad,NYG,30.0,RB,16,16,195,863,3,38,4.4,53.9,12.2,40.0,29.0,296.0,10.2,1.0,51.0,1.8,18.5,1159,4,2
18,Lam,MIA,24.0,RB,16,16,194,872,8,85,4.5,54.5,12.1,57.0,47.0,397.0,8.4,2.0,54.0,2.9,24.8,1269,10,1
19,DeMar,PHI,27.0,RB,15,8,193,702,6,54,3.6,46.8,12.9,55.0,44.0,322.0,7.3,1.0,44.0,2.9,21.5,1024,7,2
20,E,GNB,25.0,RB,15,12,187,758,3,29,4.1,50.5,12.5,28.0,20.0,188.0,9.4,2.0,28.0,1.3,12.5,946,5,4
21,Isaia,CLE,22.0,RB,16,9,185,706,4,54,3.8,44.1,11.6,22.0,19.0,182.0,9.6,1.0,53.0,1.2,11.4,888,5,0
22,Melv,SDG,22.0,RB,14,13,184,641,0,27,3.5,45.8,13.1,37.0,33.0,192.0,5.8,0.0,18.0,2.4,13.7,833,0,6
23,Al,HOU,24.0,RB,15,9,183,698,2,41,3.8,46.5,12.2,16.0,15.0,109.0,7.3,1.0,21.0,1.0,7.3,807,3,2
24,T.,JAX,22.0,RB,12,12,182,740,2,45,4.1,61.7,15.2,46.0,36.0,279.0,7.8,1.0,67.0,3.0,23.3,1019,3,0
25,Ma,NOR,26.0,RB,12,10,166,769,6,70,4.6,64.1,13.8,60.0,50.0,405.0,8.1,0.0,59.0,4.2,33.8,1174,6,2
26,LeGarret,NWE,29.0,rb,12,6,165,703,6,38,4.3,58.6,13.8,7.0,6.0,43.0,7.2,1.0,14.0,0.5,3.6,746,7,1
27,Charcand,KAN,24.0,RB,15,9,160,634,4,38,4.0,42.3,10.7,34.0,20.0,214.0,10.7,1.0,80.0,1.3,14.3,848,5,1
28,Giovan,CIN,24.0,rb,16,1,154,730,2,28,4.7,45.6,9.6,66.0,49.0,472.0,9.6,0.0,45.0,3.1,29.5,1202,2,1
29,C.J.,DEN,24.0,rb,15,5,152,720,5,48,4.7,48.0,10.1,36.0,25.0,183.0,7.3,0.0,27.0,1.7,12.2,903,5,2
30,Justi,BAL,30.0,RB,10,10,151,641,2,33,4.2,64.1,15.1,41.0,31.0,153.0,4.9,0.0,32.0,3.1,15.3,794,2,0
31,Jeremy,CHI,24.0,rb,16,2,148,537,6,23,3.6,33.6,9.3,42.0,22.0,279.0,12.7,1.0,83.0,1.4,17.4,816,7,0
32,Jam,GNB,29.0,rb,16,4,148,601,2,65,4.1,37.6,9.3,53.0,43.0,392.0,9.1,3.0,30.0,2.7,24.5,993,5,5
33,Tho,SEA,22.0,rb,13,7,147,830,4,69,5.6,63.8,11.3,11.0,9.0,76.0,8.4,1.0,31.0,0.7,5.8,906,5,1
34,M,WAS,22.0,,13,0,144,490,3,39,3.4,37.7,11.1,25.0,19.0,304.0,16.0,1.0,78.0,1.5,23.4,794,4,5
35,Ameer,DET,22.0,RB,16,9,143,597,2,36,4.2,37.3,8.9,38.0,25.0,183.0,7.3,1.0,36.0,1.6,11.4,780,3,5
36,Antoni,TEN,24.0,RB,14,10,143,520,3,38,3.6,37.1,10.2,29.0,21.0,174.0,8.3,0.0,23.0,1.5,12.4,694,3,1
37,Javor,BAL,24.0,rb,16,6,137,514,1,44,3.8,32.1,8.6,62.0,45.0,353.0,7.8,2.0,41.0,2.8,22.1,867,3,2
38,Ca,CAR,26.0,QB,16,16,132,636,10,47,4.8,39.8,8.3,,,,,,,,,636,10,5
39,Davi,ARI,24.0,rb,16,5,125,581,8,47,4.6,36.3,7.8,57.0,36.0,457.0,12.7,4.0,55.0,2.3,28.6,1038,12,4
40,Ca,SFO,24.0,rb,7,7,115,470,3,22,4.1,67.1,16.4,15.0,11.0,53.0,4.8,0.0,11.0,1.6,7.6,523,3,1
41,Le',PIT,23.0,rb,6,6,113,556,3,42,4.9,92.7,18.8,26.0,24.0,136.0,5.7,0.0,20.0,4.0,22.7,692,3,0
42,Marsh,SEA,29.0,rb,7,6,111,417,3,24,3.8,59.6,15.9,21.0,13.0,80.0,6.2,0.0,19.0,1.9,11.4,497,3,0
43,Rya,PHI,28.0,rb,13,6,107,539,6,63,5.0,41.5,8.2,28.0,20.0,146.0,7.3,1.0,23.0,1.5,11.2,685,7,3
44,Cha,TAM,25.0,,16,0,107,529,0,59,4.9,33.1,6.7,70.0,51.0,561.0,11.0,4.0,56.0,3.2,35.1,1090,4,2
45,Duk,CLE,22.0,rb,16,7,104,379,0,39,3.6,23.7,6.5,74.0,61.0,534.0,8.8,2.0,52.0,3.8,33.4,913,2,1
46,Tyr,BUF,26.0,QB/wr,14,14,104,568,4,31,5.5,40.6,7.4,1.0,1.0,4.0,4.0,0.0,4.0,0.1,0.3,572,4,9
47,Russe,SEA,27.0,QB,16,16,103,553,1,24,5.4,34.6,6.4,,,,,,,,,553,1,7
48,C,HOU,26.0,rb,15,2,99,334,1,20,3.4,22.3,6.6,28.0,16.0,109.0,6.8,1.0,12.0,1.1,7.3,443,2,0
49,Danny,SDG,30.0,rb,16,1,98,336,3,27,3.4,21.0,6.1,106.0,80.0,755.0,9.4,6.0,61.0,5.0,47.2,1091,9,0
50,Tim ,NOR,29.0,rb,8,3,96,375,4,26,3.9,46.9,12.0,13.0,12.0,129.0,10.8,0.0,27.0,1.5,16.1,504,4,0
51,Karlos,BUF,22.0,fb/rb,11,3,93,517,7,41,5.6,47.0,8.5,14.0,11.0,96.0,8.7,2.0,26.0,1.0,8.7,613,9,2
52,Jo,DET,29.0,rb,13,5,90,311,4,36,3.5,23.9,6.9,27.0,22.0,286.0,13.0,0.0,39.0,1.7,22.0,597,4,1
53,Andre,NYG,23.0,,16,0,88,257,1,35,2.9,16.1,5.5,3.0,1.0,7.0,7.0,0.0,7.0,0.1,0.4,264,1,0
54,Tevi,ATL,22.0,rb,12,3,87,392,1,46,4.5,32.7,7.3,11.0,2.0,14.0,7.0,0.0,10.0,0.2,1.2,406,1,3
55,A,KAN,31.0,QB,16,16,84,498,2,49,5.9,31.1,5.3,,,,,,,,,498,2,4
56,Darre,PHI,32.0,rb/wr,16,4,83,317,3,27,3.8,19.8,5.2,83.0,55.0,388.0,7.1,1.0,35.0,3.4,24.3,705,4,1
57,Shau,2TM,28.0,,11,6,78,273,1,30,3.5,24.8,7.1,35.0,27.0,176.0,6.5,0.0,26.0,2.5,16.0,449,1,1
58,Jose,DAL,24.0,rb,6,6,76,313,4,37,4.1,52.2,12.7,10.0,10.0,87.0,8.7,0.0,25.0,1.7,14.5,400,4,1
59,,STL,22.0,rb,13,3,75,207,1,15,2.8,15.9,5.8,25.0,18.0,88.0,4.9,0.0,16.0,1.4,6.8,295,1,3
60,Spe,KAN,24.0,rb,11,2,72,403,6,52,5.6,36.6,6.5,6.0,6.0,5.0,0.8,0.0,5.0,0.5,0.5,408,6,0
61,Jamaa,KAN,29.0,rb,5,5,71,364,4,34,5.1,72.8,14.2,29.0,21.0,177.0,8.4,1.0,26.0,4.2,35.4,541,5,2
62,Bil,NYJ,27.0,fb/rb,11,2,70,313,1,24,4.5,28.5,6.4,63.0,47.0,388.0,8.3,2.0,25.0,4.3,35.3,701,3,2
63,Denard,JAX,25.0,rb,13,3,67,266,1,31,4.0,20.5,5.2,30.0,21.0,164.0,7.8,0.0,16.0,1.6,12.6,430,1,3
64,Brand,NWE,25.0,rb,15,2,63,207,0,14,3.3,13.8,4.2,30.0,19.0,180.0,9.5,2.0,63.0,1.3,12.0,387,2,0
65,Ari,HOU,29.0,rb,4,4,63,163,1,16,2.6,40.8,15.8,28.0,22.0,227.0,10.3,2.0,32.0,5.5,56.8,390,3,2
66,Mike,CAR,30.0,fb/rb,16,3,62,256,1,29,4.1,16.0,3.9,23.0,18.0,154.0,8.6,3.0,40.0,1.1,9.6,410,4,0
67,Terr,2TM,24.0,,8,0,62,231,0,17,3.7,28.9,7.8,5.0,4.0,21.0,5.3,0.0,8.0,0.5,2.6,252,0,2
68,Sha,NYG,26.0,,16,0,61,260,0,39,4.3,16.3,3.8,81.0,59.0,495.0,8.4,4.0,37.0,3.7,30.9,755,4,1
69,Ryan Fi,NYJ,33.0,QB,16,16,60,270,2,19,4.5,16.9,3.8,,,,,,,,,270,2,5
70,Don,SDG,28.0,rb,9,2,59,229,1,53,3.9,25.4,6.6,13.0,8.0,88.0,11.0,0.0,31.0,0.9,9.8,317,1,1
71,Aaro,GNB,32.0,QB,16,16,58,344,1,18,5.9,21.5,3.6,,,,,,,,,344,1,8
72,An,CIN,28.0,QB,13,13,57,142,3,12,2.5,10.9,4.4,,,,,,,,,142,3,5
73,Jonath,HOU,26.0,,14,0,56,282,1,37,5.0,20.1,4.0,31.0,26.0,173.0,6.7,1.0,19.0,1.9,12.4,455,2,0
74,Khiry,NOR,26.0,,8,0,56,180,4,14,3.2,22.5,7.0,20.0,17.0,115.0,6.8,0.0,22.0,2.1,14.4,295,4,0
75,Dexter ,TEN,27.0,rb,11,2,55,247,1,44,4.5,22.5,5.0,41.0,31.0,260.0,8.4,1.0,35.0,2.8,23.6,507,2,2
76,Christin,2TM,25.0,,8,2,54,243,0,45,4.5,30.4,6.8,6.0,3.0,16.0,5.3,0.0,11.0,0.4,2.0,259,0,0
77,Jamei,TAM,21.0,QB,16,16,53,210,6,21,4.0,13.1,3.3,,,,,,,,,210,6,6
78,Tav,STL,24.0,WR,16,14,52,434,4,60,8.3,27.1,3.3,87.0,52.0,473.0,9.1,5.0,66.0,3.3,29.6,907,9,2
79,Blak,JAX,23.0,QB,16,16,52,310,2,28,6.0,19.4,3.3,,,,,,,,,310,2,14
80,D,TEN,22.0,rb,7,1,52,146,1,12,2.8,20.9,7.4,2.0,1.0,-2.0,-2.0,0.0,-2.0,0.1,-0.3,144,1,0
81,Jerick,MIN,23.0,,16,0,52,271,2,68,5.2,16.9,3.3,29.0,21.0,173.0,8.2,1.0,30.0,1.3,10.8,444,3,0
82,Robe,2TM,26.0,,10,0,50,199,1,22,4.0,19.9,5.0,10.0,7.0,23.0,3.3,0.0,15.0,0.7,2.3,222,1,0
83,,MIA,22.0,,9,0,49,187,1,24,3.8,20.8,5.4,11.0,7.0,90.0,12.9,0.0,20.0,0.8,10.0,277,1,0
84,D,NWE,25.0,rb,7,6,49,234,2,13,4.8,33.4,7.0,50.0,36.0,388.0,10.8,2.0,40.0,5.1,55.4,622,4,2
85,DuJu,2TM,27.0,,4,1,48,189,0,47,3.9,47.3,12.0,14.0,9.0,97.0,10.8,0.0,31.0,2.3,24.3,286,0,1
86,Mike ,BUF,25.0,rb,5,1,47,267,3,60,5.7,53.4,9.4,7.0,6.0,29.0,4.8,0.0,14.0,1.2,5.8,296,3,1
87,Bish,TEN,23.0,rb,13,3,47,193,1,16,4.1,14.8,3.6,22.0,14.0,139.0,9.9,1.0,30.0,1.1,10.7,332,2,2
88,Cameron Ar,CAR,25.0,,7,0,45,183,1,31,4.1,26.1,6.4,5.0,5.0,58.0,11.6,0.0,20.0,0.7,8.3,241,1,0
89,Andre ,ARI,26.0,db/rb,10,3,45,289,3,63,6.4,28.9,4.5,24.0,15.0,148.0,9.9,0.0,32.0,1.5,14.8,437,3,1
90,J,2TM,25.0,,8,0,45,176,0,23,3.9,22.0,5.6,8.0,7.0,76.0,10.9,0.0,25.0,0.9,9.5,252,0,0
91,Colin K,SFO,28.0,QB,9,8,45,256,1,15,5.7,28.4,5.0,,,,,,,,,256,1,5
92,Teddy Br,MIN,23.0,QB,16,16,44,192,3,19,4.4,12.0,2.8,,,,,,,,,192,3,8
93,Matthew,DET,27.0,QB,16,16,44,159,1,18,3.6,9.9,2.8,1.0,1.0,-6.0,-6.0,0.0,-6.0,0.1,-0.4,153,1,4
94,Ka'D,CHI,23.0,rb,10,1,43,159,2,11,3.7,15.9,4.3,3.0,3.0,19.0,6.3,1.0,11.0,0.3,1.9,178,3,1
95,The,DET,24.0,rb,16,1,43,133,0,16,3.1,8.3,2.7,99.0,80.0,697.0,8.7,3.0,34.0,5.0,43.6,830,3,1
96,J,CHI,32.0,QB,15,15,38,201,1,26,5.3,13.4,2.5,,,,,,,,,201,1,8
97,Benny C,STL,25.0,rb,16,1,37,140,0,40,3.8,8.8,2.3,36.0,26.0,250.0,9.6,0.0,42.0,1.6,15.6,390,0,1
98,Johnn,CLE,23.0,qb,10,6,37,230,0,34,6.2,23.0,3.7,,,,,,,,,230,0,6
99,,ATL,30.0,QB,16,16,37,63,0,18,1.7,3.9,2.3,,,,,,,,,63,0,12
100,Orlea,NYG,23.0,,16,0,36,153,1,17,4.3,9.6,2.3,5.0,3.0,31.0,10.3,0.0,15.0,0.2,1.9,184,1,0
101,Stev,NYJ,26.0,rb,9,1,36,90,0,13,2.5,10.0,4.0,5.0,4.0,-2.0,-0.5,0.0,3.0,0.4,-0.2,88,0,0
102,C.J,NOR,28.0,rb,13,2,36,112,0,11,3.1,8.6,2.8,44.0,34.0,239.0,7.0,2.0,80.0,2.6,18.4,351,2,1
103,M,SFO,22.0,,6,0,35,58,0,13,1.7,9.7,5.8,13.0,7.0,38.0,5.4,0.0,11.0,1.2,6.3,96,0,0
104,Chris,WAS,25.0,,13,0,35,216,0,42,6.2,16.6,2.7,48.0,35.0,240.0,6.9,2.0,23.0,2.7,18.5,456,2,2
105,,NWE,38.0,QB,16,16,34,53,3,13,1.6,3.3,2.1,1.0,1.0,36.0,36.0,0.0,36.0,0.1,2.3,89,3,6
106,Marcu,TEN,22.0,QB,12,12,34,252,2,87,7.4,21.0,2.8,1.0,1.0,41.0,41.0,1.0,41.0,0.1,3.4,293,3,10
107,D,OAK,24.0,QB,16,16,33,138,0,24,4.2,8.6,2.1,,,,,,,,,138,0,10
108,An,IND,26.0,qb,7,7,33,196,0,25,5.9,28.0,4.7,,,,,,,,,196,0,3
109,Blain,SFO,26.0,QB,8,8,32,185,1,44,5.8,23.1,4.0,,,,,,,,,185,1,4
110,Ryan ,MIA,27.0,QB,16,16,32,141,1,28,4.4,8.8,2.0,1.0,1.0,9.0,9.0,0.0,9.0,0.1,0.6,150,1,10
111,Ahmad,IND,29.0,,6,0,31,85,0,23,2.7,14.2,5.2,14.0,10.0,64.0,6.4,3.0,10.0,1.7,10.7,149,3,0
112,Brand,SDG,24.0,rb,8,1,31,108,0,15,3.5,13.5,3.9,15.0,13.0,112.0,8.6,0.0,17.0,1.6,14.0,220,0,0
113,,NYJ,24.0,,8,0,31,89,1,18,2.9,11.1,3.9,12.0,9.0,65.0,7.2,0.0,16.0,1.1,8.1,154,1,0
114,Ma,MIN,28.0,,16,0,29,112,0,19,3.9,7.0,1.8,22.0,19.0,132.0,6.9,0.0,22.0,1.2,8.3,244,0,0
115,Te,ATL,23.0,,13,0,29,95,1,13,3.3,7.3,2.2,13.0,9.0,73.0,8.1,0.0,18.0,0.7,5.6,168,1,0
116,Kenj,PHI,26.0,,11,0,28,124,0,19,4.4,11.3,2.5,12.0,9.0,22.0,2.4,0.0,12.0,0.8,2.0,146,0,1
117,Kn,KAN,24.0,,14,0,28,72,1,10,2.6,5.1,2.0,3.0,2.0,24.0,12.0,0.0,12.0,0.1,1.7,96,1,0
118,Kerwynn,ARI,24.0,,6,0,27,142,1,35,5.3,23.7,4.5,2.0,2.0,16.0,8.0,0.0,12.0,0.3,2.7,158,1,1
119,Sam,PHI,28.0,QB,14,14,26,39,0,14,1.5,2.8,1.9,,,,,,,,,39,0,10
120,Kir,WAS,27.0,QB,16,16,26,48,5,13,1.8,3.0,1.6,,,,,,,,,48,5,9
121,Fre,SEA,34.0,,16,0,26,100,0,16,3.8,6.3,1.6,41.0,32.0,257.0,8.0,2.0,26.0,2.0,16.1,357,2,1
122,Br,SEA,24.0,,3,0,25,72,1,18,2.9,24.0,8.3,2.0,0.0,0.0,,0.0,0.0,0.0,0.0,72,1,0
123,D,2TM,26.0,,10,0,25,79,0,8,3.2,7.9,2.5,10.0,9.0,47.0,5.2,0.0,9.0,0.9,4.7,126,0,1
124,Cars,ARI,36.0,QB,16,16,25,24,1,12,1.0,1.5,1.6,,,,,,,,,24,1,6
125,Fozzy ,CAR,26.0,rb,15,1,25,108,1,16,4.3,7.2,1.7,15.0,12.0,64.0,5.3,0.0,15.0,0.8,4.3,172,1,0
126,D,NOR,36.0,QB,15,15,24,14,1,12,0.6,0.9,1.6,,,,,,,,,14,1,5
127,Jamiz,OAK,26.0,fb,14,3,24,110,1,19,4.6,7.9,1.7,11.0,9.0,84.0,9.3,0.0,15.0,0.6,6.0,194,1,0
128,Ja,NWE,23.0,rb,14,1,22,56,2,8,2.5,4.0,1.6,54.0,40.0,410.0,10.3,4.0,68.0,2.9,29.3,466,6,0
129,Anth,BUF,28.0,rb,16,1,21,44,1,6,2.1,2.8,1.3,7.0,6.0,44.0,7.3,0.0,14.0,0.4,2.8,88,1,0
130,Steve,NWE,32.0,rb,2,1,21,50,1,7,2.4,25.0,10.5,1.0,1.0,20.0,20.0,0.0,20.0,0.5,10.0,70,1,0
131,Brock,DEN,25.0,qb,8,7,21,61,1,8,2.9,7.6,2.6,,,,,,,,,61,1,4
132,Tob,JAX,28.0,rb,7,1,20,44,0,6,2.2,6.3,2.9,5.0,3.0,23.0,7.7,0.0,8.0,0.4,3.3,67,0,0
133,El,NYG,34.0,QB,16,16,20,61,0,18,3.1,3.8,1.3,,,,,,,,,61,0,11
134,Jo,CLE,36.0,QB,8,8,20,98,1,13,4.9,12.3,2.5,,,,,,,,,98,1,9
135,Mic,PIT,35.0,qb,5,3,20,99,0,24,5.0,19.8,4.0,,,,,,,,,99,0,2
136,Jarv,MIA,23.0,WR,16,14,18,113,1,22,6.3,7.1,1.1,166.0,110.0,1157.0,10.5,4.0,50.0,6.9,72.3,1270,5,1
137,Juwan,DEN,23.0,fb,15,1,18,48,0,12,2.7,3.2,1.2,9.0,6.0,51.0,8.5,0.0,16.0,0.4,3.4,99,0,0
138,Fitzgerald ,PIT,25.0,,5,0,18,42,0,7,2.3,8.4,3.6,,,,,,,,,42,0,0
139,N,STL,26.0,QB,11,11,17,20,1,10,1.2,1.8,1.5,,,,,,,,,20,1,5
140,Jar,SFO,27.0,rb,8,1,17,52,0,11,3.1,6.5,2.1,7.0,6.0,27.0,4.5,0.0,7.0,0.8,3.4,79,0,3
141,,OAK,27.0,,9,0,17,39,0,12,2.3,4.3,1.9,16.0,9.0,75.0,8.3,1.0,15.0,1.0,8.3,114,1,0
142,A,HOU,22.0,rb,7,1,17,96,0,25,5.6,13.7,2.4,10.0,6.0,39.0,6.5,0.0,27.0,0.9,5.6,135,0,0
143,,BUF,25.0,qb,7,2,17,64,1,16,3.8,9.1,2.4,,,,,,,,,64,1,2
144,Phil,SDG,34.0,QB,16,16,17,28,0,8,1.6,1.8,1.1,,,,,,,,,28,0,4
145,Josh,IND,23.0,,5,0,17,39,0,8,2.3,7.8,3.4,6.0,6.0,33.0,5.5,0.0,9.0,1.2,6.6,72,0,1
146,Stepf,ARI,24.0,,16,0,17,58,0,16,3.4,3.6,1.1,3.0,1.0,4.0,4.0,0.0,4.0,0.1,0.3,62,0,0
147,Za,DET,24.0,rb,6,1,17,60,0,12,3.5,10.0,2.8,3.0,2.0,11.0,5.5,0.0,7.0,0.3,1.8,71,0,0
148,Kendal,SFO,25.0,,9,0,16,38,0,14,2.4,4.2,1.8,10.0,8.0,69.0,8.6,0.0,16.0,0.9,7.7,107,0,0
149,Matt H,IND,40.0,QB,8,8,16,15,0,10,0.9,1.9,2.0,,,,,,,,,15,0,3
150,Tai,OAK,27.0,,12,0,16,74,0,19,4.6,6.2,1.3,9.0,7.0,106.0,15.1,1.0,59.0,0.6,8.8,180,1,2
151,Brand,2TM,32.0,,6,4,16,47,1,11,2.9,7.8,2.7,,,,,,,,,47,1,2
152,Damien,MIA,23.0,,16,0,16,59,0,19,3.7,3.7,1.0,28.0,21.0,142.0,6.8,1.0,23.0,1.3,8.9,201,1,2
153,Ma,2TM,33.0,,10,8,15,78,0,24,5.2,7.8,1.5,,,,,,,,,78,0,4
154,Br,HOU,30.0,QB,11,9,15,44,0,15,2.9,4.0,1.4,,,,,,,,,44,0,6
155,Jo,NWE,24.0,,2,0,15,51,0,15,3.4,25.5,7.5,,,,,,,,,51,0,0
156,Ben Roeth,PIT,33.0,QB,12,11,15,29,0,13,1.9,2.4,1.3,0.0,0.0,-3.0,,0.0,0.0,0.0,-0.3,26,0,2
157,Pier,2TM,31.0,,5,0,15,64,0,11,4.3,12.8,3.0,11.0,9.0,84.0,9.3,0.0,15.0,1.8,16.8,148,0,0
158,A.J.,CIN,25.0,qb,7,3,14,31,0,16,2.2,4.4,2.0,,,,,,,,,31,0,1
159,Jacquiz,CHI,25.0,,5,0,14,41,0,5,2.9,8.2,2.8,3.0,1.0,10.0,10.0,0.0,10.0,0.2,2.0,51,0,0
160,Ran,GNB,25.0,WR,16,15,13,50,0,12,3.8,3.1,0.8,129.0,79.0,829.0,10.5,6.0,53.0,4.9,51.8,879,6,1
161,J,BAL,30.0,QB,10,10,13,23,3,16,1.8,2.3,1.3,,,,,,,,,23,3,5
162,Dre,ARI,31.0,,7,0,13,-13,0,-1,-1.0,-1.9,1.9,,,,,,,,,-13,0,0
163,Lorenzo T,BAL,24.0,,3,0,13,47,1,7,3.6,15.7,4.3,5.0,5.0,29.0,5.8,0.0,11.0,1.7,9.7,76,1,0
164,Ca,STL,27.0,qb,6,5,12,5,0,4,0.4,0.8,2.0,,,,,,,,,5,0,3
165,Trava,3TM,26.0,,7,1,11,28,0,6,2.5,4.0,1.6,22.0,17.0,214.0,12.6,1.0,44.0,2.4,30.6,242,1,1
166,Jimm,2TM,28.0,,5,3,11,36,0,11,3.3,7.2,2.2,,,,,,,,,36,0,1
167,Mar,OAK,30.0,fb/te,15,7,10,36,0,12,3.6,2.4,0.7,37.0,30.0,269.0,9.0,3.0,55.0,2.0,17.9,305,3,0
168,Moh,CIN,26.0,wr,16,4,10,71,2,25,7.1,4.4,0.6,49.0,33.0,394.0,11.9,0.0,52.0,2.1,24.6,465,2,2
169,Cec,HOU,28.0,wr,11,4,10,47,0,12,4.7,4.3,0.9,75.0,42.0,484.0,11.5,2.0,42.0,3.8,44.0,531,2,2
170,Lucky ,DAL,23.0,wr,15,1,10,107,0,33,10.7,7.1,0.7,8.0,6.0,16.0,2.7,0.0,8.0,0.4,1.1,123,0,1
171,John,GNB,23.0,,2,0,9,21,0,12,2.3,10.5,4.5,,,,,,,,,21,0,0
172,,GNB,33.0,fb,16,6,9,28,2,5,3.1,1.8,0.6,10.0,6.0,56.0,9.3,0.0,19.0,0.4,3.5,84,2,0
173,Zach Met,TEN,24.0,qb,7,4,9,8,1,5,0.9,1.1,1.3,,,,,,,,,8,1,4
174,De'Antho,KAN,22.0,wr,10,1,9,34,1,13,3.8,3.4,0.9,25.0,17.0,140.0,8.2,1.0,36.0,1.7,14.0,174,2,2
175,Re,SFO,30.0,rb,5,1,8,28,0,9,3.5,5.6,1.6,10.0,4.0,19.0,4.8,0.0,8.0,0.8,3.8,47,0,0
176,Derric,SEA,25.0,fb/rb,14,3,8,32,0,19,4.0,2.3,0.6,1.0,1.0,0.0,0.0,0.0,0.0,0.1,0.0,32,0,0
177,Bran,NOR,22.0,WR,16,13,8,18,0,11,2.3,1.1,0.5,129.0,84.0,1138.0,13.5,9.0,71.0,5.3,71.1,1156,9,1
178,Jos,IND,27.0,qb,1,1,8,24,0,9,3.0,24.0,8.0,,,,,,,,,24,0,0
179,Tarvari,SEA,32.0,,4,0,8,-8,0,-1,-1.0,-2.0,2.0,,,,,,,,,-8,0,0
180,Derek,CAR,32.0,,3,0,7,-2,0,2,-0.3,-0.7,2.3,,,,,,,,,-2,0,1
181,Aus,CLE,26.0,qb,3,2,7,33,0,17,4.7,11.0,2.3,,,,,,,,,33,0,2
182,Jalst,TEN,25.0,,16,0,7,13,1,3,1.9,0.8,0.4,6.0,5.0,44.0,8.8,1.0,19.0,0.3,2.8,57,2,0
183,Co,CAR,24.0,WR,14,11,6,38,0,14,6.3,2.7,0.4,54.0,31.0,447.0,14.4,4.0,39.0,2.2,31.9,485,4,0
184,B.J,2TM,26.0,,8,0,6,6,0,6,1.0,0.8,0.8,2.0,2.0,18.0,9.0,0.0,12.0,0.3,2.3,24,0,0
185,Co,JAX,24.0,,6,0,6,2,0,11,0.3,0.3,1.0,3.0,2.0,13.0,6.5,0.0,8.0,0.3,2.2,15,0,1
186,,MIN,25.0,fb/te,16,5,6,10,2,3,1.7,0.6,0.4,9.0,6.0,95.0,15.8,1.0,49.0,0.4,5.9,105,3,0
187,Peyto,DEN,39.0,QB,10,9,6,-6,0,-1,-1.0,-0.6,0.6,,,,,,,,,-6,0,1
188,Bru,SFO,28.0,fb,16,5,6,14,1,4,2.3,0.9,0.4,14.0,10.0,135.0,13.5,0.0,52.0,0.6,8.4,149,1,0
189,Berna,JAX,24.0,,7,0,6,11,0,4,1.8,1.6,0.9,5.0,3.0,7.0,2.3,0.0,6.0,0.4,1.0,18,0,0
190,J,HOU,23.0,fb,16,2,6,33,0,16,5.5,2.1,0.4,1.0,0.0,0.0,,0.0,0.0,0.0,0.0,33,0,0
191,Mar,PHI,29.0,qb,4,2,6,22,0,11,3.7,5.5,1.5,,,,,,,,,22,0,1
192,Go,DET,27.0,WR,16,16,6,41,0,15,6.8,2.6,0.4,128.0,90.0,813.0,9.0,6.0,43.0,5.6,50.8,854,6,1
193,T,HOU,28.0,qb,4,2,6,0,0,7,0.0,0.0,1.5,,,,,,,,,0,0,1
194,Dar,WAS,28.0,fb,16,3,6,10,0,5,1.7,0.6,0.4,6.0,6.0,22.0,3.7,0.0,8.0,0.4,1.4,32,0,1
195,Martav,PIT,24.0,wr,11,5,5,37,1,13,7.4,3.4,0.5,92.0,50.0,765.0,15.3,6.0,88.0,4.5,69.5,802,7,1
196,Lan,DAL,25.0,,4,0,5,67,0,45,13.4,16.8,1.3,23.0,21.0,215.0,10.2,0.0,39.0,5.3,53.8,282,0,0
197,Jimmy ,NWE,24.0,,5,0,5,-5,0,-1,-1.0,-1.0,1.0,,,,,,,,,-5,0,0
198,Per,BUF,27.0,wr,5,5,5,31,0,9,6.2,6.2,1.0,30.0,19.0,218.0,11.5,1.0,51.0,3.8,43.6,249,1,1
199,Lan,PIT,26.0,qb,7,2,5,-5,0,0,-1.0,-0.7,0.7,,,,,,,,,-5,0,1
200,Mar,CIN,25.0,rb/WR,16,13,5,33,0,30,6.6,2.1,0.3,103.0,65.0,816.0,12.6,4.0,47.0,4.1,51.0,849,4,0
201,Ma,JAX,24.0,wr,10,1,5,38,0,12,7.6,3.8,0.5,32.0,15.0,191.0,12.7,1.0,30.0,1.5,19.1,229,1,0
202,Tyler,SEA,23.0,fb/wr,16,8,5,20,0,8,4.0,1.3,0.3,69.0,51.0,664.0,13.0,6.0,49.0,3.2,41.5,684,6,1
203,Rya,2TM,27.0,,8,6,5,15,1,6,3.0,1.9,0.6,,,,,,,,,15,1,0
204,Bob,TAM,28.0,,16,0,5,18,0,7,3.6,1.1,0.3,3.0,3.0,16.0,5.3,0.0,8.0,0.2,1.0,34,0,8
205,Zurl,IND,25.0,,10,0,5,20,0,7,4.0,2.0,0.5,8.0,5.0,57.0,11.4,0.0,27.0,0.5,5.7,77,0,0
206,Albe,KAN,23.0,WR,14,12,5,26,0,8,5.2,1.9,0.4,57.0,35.0,451.0,12.9,2.0,44.0,2.5,32.2,477,2,0
207,Kenda,TEN,26.0,WR,10,9,5,17,0,13,3.4,1.7,0.5,60.0,36.0,408.0,11.3,3.0,52.0,3.6,40.8,425,3,0
208,Travis,CLE,26.0,WR,16,15,4,12,0,10,3.0,0.8,0.3,125.0,68.0,966.0,14.2,5.0,61.0,4.3,60.4,978,5,3
209,Malc,STL,,,1,0,4,17,0,13,4.3,17.0,4.0,1.0,1.0,-2.0,-2.0,0.0,-2.0,1.0,-2.0,15,0,0
210,Rex,CIN,25.0,,16,0,4,4,0,2,1.0,0.3,0.3,15.0,10.0,94.0,9.4,1.0,27.0,0.6,5.9,98,1,1
211,Micha,DET,23.0,fb/te,16,7,4,2,0,2,0.5,0.1,0.3,6.0,6.0,39.0,6.5,1.0,12.0,0.4,2.4,41,1,0
212,,CAR,30.0,WR,15,13,4,60,0,43,15.0,4.0,0.3,97.0,44.0,739.0,16.8,10.0,74.0,2.9,49.3,799,10,0
213,Chr,2TM,26.0,,15,6,4,18,0,24,4.5,1.2,0.3,54.0,20.0,353.0,17.7,1.0,48.0,1.3,23.5,371,1,0
214,Alon,GNB,23.0,,6,0,4,19,0,16,4.8,3.2,0.7,1.0,0.0,0.0,,0.0,0.0,0.0,0.0,19,0,0
215,S,MIN,35.0,,3,0,4,-5,0,-1,-1.3,-1.7,1.3,,,,,,,,,-5,0,0
216,Austi,NOR,26.0,fb,10,1,4,9,1,4,2.3,0.9,0.4,8.0,5.0,30.0,6.0,0.0,12.0,0.5,3.0,39,1,0
217,Wil,PIT,26.0,fb,16,4,4,7,1,6,1.8,0.4,0.3,4.0,2.0,16.0,8.0,0.0,11.0,0.1,1.0,23,1,0
218,,DAL,35.0,qb,4,4,4,13,0,12,3.3,3.3,1.0,,,,,,,,,13,0,1
219,Ma,BAL,34.0,qb,2,2,4,10,0,7,2.5,5.0,2.0,,,,,,,,,10,0,0
220,Ada,MIN,25.0,wr,16,2,4,89,0,41,22.3,5.6,0.3,18.0,12.0,144.0,12.0,0.0,30.0,0.8,9.0,233,0,0
221,Jord,PIT,25.0,,11,0,4,22,0,11,5.5,2.0,0.4,2.0,0.0,0.0,,0.0,0.0,0.0,0.0,22,0,0
222,Wil,SEA,31.0,fb,14,1,4,1,1,4,0.3,0.1,0.3,1.0,1.0,7.0,7.0,1.0,7.0,0.1,0.5,8,2,1
223,Ge,DET,25.0,,7,0,4,1,0,2,0.3,0.1,0.6,,,,,,,,,1,0,0
224,Anton,PIT,27.0,WR,16,16,3,28,0,16,9.3,1.8,0.2,193.0,136.0,1834.0,13.5,10.0,59.0,8.5,114.6,1862,10,3
225,J,ARI,25.0,WR,15,11,3,22,0,13,7.3,1.5,0.2,101.0,65.0,1003.0,15.4,7.0,68.0,4.3,66.9,1025,7,1
226,Ama,OAK,21.0,WR,16,15,3,-3,0,2,-1.0,-0.2,0.2,130.0,72.0,1070.0,14.9,6.0,68.0,4.5,66.9,1067,6,1
227,Ste,MIN,22.0,WR,13,9,3,13,0,10,4.3,1.0,0.2,84.0,52.0,720.0,13.8,4.0,40.0,4.0,55.4,733,4,2
228,Philli,IND,22.0,,11,0,3,17,0,11,5.7,1.5,0.3,39.0,18.0,225.0,12.5,1.0,35.0,1.6,20.5,242,1,2
229,Julia,NWE,29.0,WR,9,9,3,23,0,12,7.7,2.6,0.3,88.0,61.0,692.0,11.3,7.0,59.0,6.8,76.9,715,7,1
230,Jere,KAN,27.0,WR,15,15,3,14,0,18,4.7,0.9,0.2,124.0,87.0,1088.0,12.5,8.0,61.0,5.8,72.5,1102,8,2
231,C,WAS,29.0,,1,0,3,-3,0,-1,-1.0,-3.0,3.0,,,,,,,,,-3,0,1
232,Ty M,GNB,22.0,wr,6,3,3,14,0,9,4.7,2.3,0.5,19.0,15.0,136.0,9.1,2.0,31.0,2.5,22.7,150,2,0
233,M,MIA,31.0,,1,0,3,-2,0,0,-0.7,-2.0,3.0,,,,,,,,,-2,0,0
234,Emmanue,DEN,28.0,WR,15,15,3,29,0,24,9.7,1.9,0.2,136.0,76.0,1135.0,14.9,6.0,75.0,5.1,75.7,1164,6,2
235,Scot,GNB,28.0,,3,0,3,-3,0,0,-1.0,-1.0,1.0,,,,,,,,,-3,0,1
236,Isa Abd,DET,26.0,s/ss,16,8,2,34,0,30,17.0,2.1,0.1,,,,,,,,,34,0,0
237,Danny,NWE,30.0,wr,14,7,2,11,0,8,5.5,0.8,0.1,87.0,65.0,648.0,10.0,3.0,41.0,4.6,46.3,659,3,1
238,Tomm,NYJ,25.0,fb,16,4,2,2,0,2,1.0,0.1,0.1,8.0,4.0,56.0,14.0,0.0,23.0,0.3,3.5,58,0,0
239,Michael ,BAL,24.0,,4,0,2,17,1,9,8.5,4.3,0.5,6.0,5.0,35.0,7.0,0.0,11.0,1.3,8.8,52,1,0
240,Jamiso,WAS,22.0,fb/wr,16,6,2,2,0,2,1.0,0.1,0.1,78.0,59.0,604.0,10.2,2.0,44.0,3.7,37.8,606,2,4
241,Cha,KAN,29.0,,2,0,2,-2,0,-1,-1.0,-1.0,1.0,,,,,,,,,-2,0,0
242,Dway,NYG,28.0,fb/wr,15,6,2,12,0,11,6.0,0.8,0.1,57.0,36.0,396.0,11.0,4.0,38.0,2.4,26.4,408,4,3
243,Davi,SDG,28.0,te,16,4,2,4,0,2,2.0,0.3,0.1,2.0,1.0,4.0,4.0,0.0,4.0,0.1,0.3,8,0,1
244,Kyle,BAL,24.0,FB,16,11,2,3,0,2,1.5,0.2,0.1,56.0,41.0,321.0,7.8,4.0,39.0,2.6,20.1,324,4,0
245,Brand,NWE,29.0,wr,11,7,2,9,0,9,4.5,0.8,0.2,74.0,37.0,515.0,13.9,0.0,54.0,3.4,46.8,524,0,0
246,Cod,DEN,23.0,wr,14,1,2,1,0,5,0.5,0.1,0.1,11.0,6.0,59.0,9.8,1.0,15.0,0.4,4.2,60,1,0
247,Terra,BAL,,,3,0,2,5,0,4,2.5,1.7,0.7,1.0,1.0,2.0,2.0,0.0,2.0,0.3,0.7,7,0,0
248,Kel,DAL,26.0,qb,3,2,2,-1,0,0,-0.5,-0.3,0.7,,,,,,,,,-1,0,1
249,Cordarrelle ,MIN,24.0,wr,16,1,2,15,0,9,7.5,0.9,0.1,2.0,2.0,10.0,5.0,0.0,9.0,0.1,0.6,25,0,1
250,Is,STL,26.0,,2,0,2,3,0,4,1.5,1.5,1.0,,,,,,,,,3,0,1
251,G,NYJ,25.0,,1,0,2,34,0,29,17.0,34.0,2.0,,,,,,,,,34,0,0
252,,2TM,,,11,0,2,5,0,3,2.5,0.5,0.2,2.0,1.0,6.0,6.0,0.0,6.0,0.1,0.5,11,0,0
253,Charlie W,2TM,33.0,,5,0,2,1,0,2,0.5,0.2,0.4,,,,,,,,,1,0,0
254,Trey,IND,23.0,,2,0,2,12,0,12,6.0,6.0,1.0,,,,,,,,,12,0,0
255,Ci,BUF,24.0,,2,0,2,3,0,0,1.5,1.5,1.0,1.0,1.0,-6.0,-6.0,0.0,-6.0,0.5,-3.0,-3,0,0
256,Dwa,IND,25.0,TE,13,12,1,1,0,1,1.0,0.1,0.1,29.0,16.0,109.0,6.8,1.0,21.0,1.2,8.4,110,1,0
257,Tys,JAX,28.0,DT,16,14,1,0,0,0,0.0,0.0,0.1,3.0,2.0,19.0,9.5,0.0,16.0,0.1,1.2,19,0,0
258,Colt,IND,30.0,ss,14,1,1,-1,0,-1,-1.0,-0.1,0.1,,,,,,,,,-1,0,0
259,Odel,NYG,23.0,WR,15,15,1,3,0,3,3.0,0.2,0.1,158.0,96.0,1450.0,15.1,13.0,87.0,6.4,96.7,1453,13,2
260,Andre,DEN,30.0,,14,0,1,3,0,3,3.0,0.2,0.1,22.0,10.0,72.0,7.2,2.0,24.0,0.7,5.1,75,2,0
261,Kelle,SDG,32.0,,2,0,1,-1,0,-1,-1.0,-0.5,0.5,,,,,,,,,-1,0,0
262,Jerricho,CAR,33.0,wr,14,3,1,16,0,16,16.0,1.1,0.1,54.0,39.0,485.0,12.4,3.0,59.0,2.8,34.6,501,3,0
263,Patric,ATL,26.0,fb/rb,16,8,1,0,0,0,0.0,0.0,0.1,17.0,13.0,110.0,8.5,2.0,19.0,0.8,6.9,110,2,0
264,Harr,TEN,31.0,WR,14,12,1,-6,0,-6,-6.0,-0.4,0.1,72.0,36.0,411.0,11.4,2.0,51.0,2.6,29.4,405,2,2
265,Bruce ,SFO,24.0,,13,0,1,7,0,7,7.0,0.5,0.1,19.0,13.0,153.0,11.8,0.0,44.0,1.0,11.8,160,0,3
266,Jero,BUF,29.0,FB,16,8,1,2,0,2,2.0,0.1,0.1,2.0,1.0,12.0,12.0,0.0,12.0,0.1,0.8,14,0,0
267,J,DAL,24.0,s,16,1,1,2,0,2,2.0,0.1,0.1,,,,,,,,,2,0,0
268,Javonte,SDG,24.0,wr,8,2,1,13,0,13,13.0,1.6,0.1,33.0,24.0,195.0,8.1,0.0,21.0,3.0,24.4,208,0,2
269,Ch,BUF,27.0,wr,16,4,1,4,0,4,4.0,0.3,0.1,59.0,36.0,450.0,12.5,2.0,46.0,2.3,28.1,454,2,0
270,Michael Hoo,2TM,27.0,,14,8,1,0,0,0,0.0,0.0,0.1,16.0,11.0,76.0,6.9,3.0,19.0,0.8,5.4,76,3,1
271,Kenda,NOR,27.0,,2,0,1,2,0,2,2.0,1.0,0.5,,,,,,,,,2,0,0
272,Damari,NWE,26.0,,1,0,1,6,0,6,6.0,6.0,1.0,,,,,,,,,6,0,0
273,T,DET,23.0,,10,0,1,-3,0,-3,-3.0,-0.3,0.1,18.0,10.0,132.0,13.2,1.0,29.0,1.0,13.2,129,1,2
274,,BAL,33.0,p,16,0,1,7,0,7,7.0,0.4,0.1,,,,,,,,,7,0,0
275,Jorvor,TAM,28.0,fb,16,6,1,0,0,0,0.0,0.0,0.1,2.0,2.0,13.0,6.5,0.0,8.0,0.1,0.8,13,0,0
276,Antho,BAL,28.0,,16,0,1,3,0,3,3.0,0.2,0.1,,,,,,,,,3,0,1
277,J,MIN,26.0,p,16,0,1,-6,0,-6,-6.0,-0.4,0.1,,,,,,,,,-6,0,0
278,Kesha,NWE,25.0,WR,9,8,1,6,0,6,6.0,0.7,0.1,37.0,24.0,269.0,11.2,2.0,39.0,2.7,29.9,275,2,1
279,Ti,GNB,28.0,p,16,0,1,7,0,7,7.0,0.4,0.1,,,,,,,,,7,0,0
280,Rishard,MIA,26.0,WR,11,11,1,4,0,4,4.0,0.4,0.1,61.0,43.0,662.0,15.4,4.0,53.0,3.9,60.2,666,4,0
