Rk,Name,Tm,FantPos,Age,G,GS,Cmp,Att,Yds,TD,Int,RushAtt,RushYds.1,Y/A,RushTD,Tgt,Rec,RecYds,Y/R,RecTD,FantPt,DKPt,FDPt,VBD,PosRank,OvRank,FantPtpg
1,Cam Newton,CAR,QB,26.0,16,16,296,495,3837,35,10,132,636,4.82,10,0,0,0,,0,391.0,409.1,399.1,106.0,1,6.0,24.44
2,Tom Brady,NWE,QB,38.0,16,16,402,624,4770,36,7,34,53,1.56,3,1,1,36,36.0,0,344.0,356.7,351.2,59.0,2,22.0,21.5
3,Russell Wilson,SEA,QB,27.0,16,16,329,483,4024,34,8,103,553,5.37,1,0,0,0,,0,342.0,353.3,344.3,57.0,3,23.0,21.38
4,Blake Bortles,JAX,QB,23.0,16,16,355,606,4428,35,18,52,310,5.96,2,0,0,0,,0,324.0,345.1,334.1,39.0,4,33.0,20.25
5,Carson Palmer,ARI,QB,36.0,16,16,342,537,4671,35,11,25,24,0.96,1,0,0,0,,0,309.0,325.2,320.2,24.0,5,46.0,19.31
6,Drew Brees,NOR,QB,36.0,15,15,428,627,4870,32,11,24,14,0.58,1,0,0,0,,0,306.0,320.2,315.2,21.0,6,50.0,20.4
7,Aaron Rodgers,GNB,QB,32.0,16,16,347,572,3821,31,8,58,344,5.93,1,0,0,0,,0,305.0,319.2,309.2,20.0,7,52.0,19.06
8,Kirk Cousins,WAS,QB,27.0,16,16,379,543,4166,29,11,26,48,1.85,5,0,0,0,,0,295.0,310.4,304.4,10.0,8,65.0,18.44
9,Matthew Stafford,DET,QB,27.0,16,16,398,592,4262,32,13,44,159,3.61,1,1,1,-6,-6.0,0,292.0,311.8,303.3,7.0,9,69.0,18.25
10,Eli Manning,NYG,QB,34.0,16,16,387,618,4432,35,14,20,61,3.05,0,0,0,0,,0,287.0,308.4,301.4,2.0,10,73.0,17.94
11,Philip Rivers,SDG,QB,34.0,16,16,437,661,4792,29,13,17,28,1.65,0,0,0,0,,0,286.0,302.5,297.5,1.0,11,74.0,17.88
12,Ryan Fitzpatrick,NYJ,QB,33.0,16,16,335,562,3905,31,15,60,270,4.5,2,0,0,0,,0,285.0,308.2,300.2,,12,75.0,17.81
13,Jameis Winston,TAM,QB,21.0,16,16,312,535,4042,22,15,54,213,3.94,6,0,0,0,,0,279.0,298.0,290.0,,13,,17.44
14,Tyrod Taylor,BUF,WR,26.0,14,14,242,380,3035,20,6,104,568,5.46,4,1,1,4,4.0,0,275.0,284.6,277.1,147.0,1,1.0,19.64
15,Derek Carr,OAK,QB,24.0,16,16,350,573,3987,32,13,33,138,4.18,0,0,0,0,,0,273.0,293.3,284.3,,14,,17.06
16,Alex Smith,KAN,QB,31.0,16,16,307,470,3486,20,7,84,498,5.93,2,0,0,0,,0,273.0,284.2,278.2,,15,,17.06
17,Ryan Tannehill,MIA,QB,27.0,16,16,363,586,4208,24,12,32,141,4.41,1,1,1,9,9.0,0,259.0,279.3,269.8,,16,,16.19
18,Antonio Brown,PIT,WR,27.0,16,16,0,0,0,0,0,3,28,9.33,0,193,136,1834,13.49,10,250.0,393.2,320.2,122.0,2,2.0,15.62
19,Andy Dalton,CIN,QB,28.0,13,13,255,386,3250,25,7,57,142,2.49,3,0,0,0,,0,244.0,259.2,251.2,,17,,18.77
20,Devonta Freeman,ATL,RB,23.0,15,13,0,0,0,0,0,265,1056,3.98,11,97,73,578,7.92,3,243.0,324.4,279.9,120.0,1,3.0,16.2
21,Matt Ryan,ATL,QB,30.0,16,16,407,614,4591,21,16,36,63,1.75,0,0,0,0,,0,236.0,257.9,249.9,,18,,14.75
22,Julio Jones,ATL,WR,26.0,16,16,0,0,0,0,0,0,0,,0,203,136,1871,13.76,8,235.0,379.1,307.1,107.0,3,5.0,14.69
23,Ben Roethlisberger,PIT,QB,33.0,12,11,319,469,3938,21,16,15,29,1.93,0,0,0,-3,,0,234.0,247.1,244.1,,19,,19.5
24,Adrian Peterson,MIN,RB,30.0,16,16,0,0,0,0,0,327,1485,4.54,11,36,30,222,7.4,0,231.0,269.7,245.7,107.0,2,4.0,14.44
25,Brandon Marshall,NYJ,WR,31.0,16,16,0,0,0,0,0,0,0,,0,173,109,1502,13.78,14,230.0,344.2,284.7,102.0,4,8.0,14.38
26,Jay Cutler,CHI,QB,32.0,15,15,311,483,3659,21,11,38,201,5.29,1,0,0,0,,0,230.0,248.5,237.5,,20,,15.33
27,Allen Robinson,JAX,WR,22.0,16,16,0,0,0,0,0,0,0,,0,151,80,1400,17.5,14,224.0,307.0,264.0,96.0,5,9.0,14.0
28,Odell Beckham,NYG,WR,23.0,15,15,0,0,0,0,0,1,3,3.0,0,158,96,1450,15.1,13,223.0,322.3,271.3,96.0,6,10.0,14.87
29,DeAndre Hopkins,HOU,WR,23.0,16,16,0,0,0,0,0,0,0,,0,192,111,1521,13.7,11,220.0,334.1,275.6,92.0,7,11.0,13.75
30,Marcus Mariota,TEN,QB,22.0,12,12,230,370,2818,19,10,34,252,7.41,2,1,1,41,41.0,1,210.0,233.0,220.5,,21,,17.5
31,Teddy Bridgewater,MIN,QB,23.0,16,16,292,447,3231,14,9,44,192,4.36,3,0,0,0,,0,200.0,218.4,209.4,,22,,12.5
32,Doug Martin,TAM,RB,26.0,16,16,0,0,0,0,0,288,1402,4.87,6,44,33,271,8.21,1,199.0,243.3,215.8,76.0,3,13.0,12.44
33,Sam Bradford,PHI,QB,28.0,14,14,346,532,3725,19,14,26,39,1.5,0,0,0,0,,0,195.0,214.9,208.9,,23,,13.93
34,DeAngelo Williams,PIT,RB,32.0,16,10,0,0,0,0,0,200,907,4.54,11,47,40,367,9.18,0,191.0,239.4,211.4,68.0,4,16.0,11.94
35,Doug Baldwin,SEA,WR,27.0,16,16,0,0,0,0,0,0,0,,0,103,78,1069,13.71,14,191.0,271.9,229.9,63.0,8,18.0,11.94
36,Todd Gurley,STL,RB,21.0,13,12,0,0,0,0,0,229,1106,4.83,10,26,21,188,8.95,0,189.0,215.4,197.9,66.0,5,17.0,14.54
37,A.J. Green,CIN,WR,27.0,16,16,0,0,0,0,0,0,0,,0,132,86,1297,15.08,10,188.0,277.7,230.7,60.0,9,21.0,11.75
38,Lamar Miller,MIA,RB,24.0,16,16,0,0,0,0,0,194,872,4.49,8,57,47,397,8.45,2,185.0,238.9,208.4,62.0,6,19.0,11.56
39,Rob Gronkowski,NWE,TE,26.0,15,15,0,0,0,0,0,0,0,,0,120,72,1176,16.33,11,184.0,258.6,219.6,104.0,1,7.0,12.27
40,David Johnson,ARI,RB,24.0,16,5,0,0,0,0,0,125,581,4.65,8,57,36,457,12.69,4,174.0,222.8,197.8,51.0,7,24.0,10.88
41,Matt Forte,CHI,RB,30.0,13,13,0,0,0,0,0,218,898,4.12,4,58,44,389,8.84,3,173.0,221.7,192.7,49.0,8,25.0,13.31
42,Chris Ivory,NYJ,RB,27.0,15,14,0,0,0,0,0,247,1070,4.33,7,37,30,217,7.23,1,173.0,210.7,187.7,49.0,9,26.0,11.53
43,Calvin Johnson,DET,WR,30.0,16,16,0,0,0,0,0,0,0,,0,149,88,1214,13.8,9,173.0,265.4,217.4,46.0,10,27.0,10.81
44,Eric Decker,NYJ,WR,28.0,15,13,0,0,0,0,0,0,0,,0,132,80,1027,12.84,12,173.0,256.7,212.7,45.0,11,28.0,11.53
45,Larry Fitzgerald,ARI,WR,32.0,16,16,0,0,0,0,0,0,0,,0,145,109,1215,11.15,9,172.0,285.5,226.0,44.0,12,29.0,10.75
46,Brandin Cooks,NOR,WR,22.0,16,13,0,0,0,0,0,8,18,2.25,0,129,84,1138,13.55,9,170.0,256.6,211.6,42.0,13,30.0,10.62
47,Brian Hoyer,HOU,QB,30.0,11,9,224,369,2606,19,7,15,44,2.93,0,0,0,0,,0,169.0,178.6,173.6,,24,,15.36
48,Joe Flacco,BAL,QB,30.0,10,10,266,413,2791,14,12,13,23,1.77,3,0,0,0,,0,166.0,178.9,173.9,,25,,16.6
49,Latavius Murray,OAK,RB,25.0,16,16,0,0,0,0,0,266,1066,4.01,6,53,41,232,5.66,0,164.0,211.8,184.3,41.0,10,31.0,10.25
50,Demaryius Thomas,DEN,WR,28.0,16,16,0,0,0,0,0,0,0,,0,177,105,1304,12.42,6,164.0,272.4,214.9,37.0,14,36.0,10.25
51,Danny Woodhead,SDG,RB,30.0,16,1,0,0,0,0,0,98,336,3.43,3,106,80,755,9.44,6,163.0,249.1,203.1,40.0,11,32.0,10.19
52,Allen Hurns,JAX,WR,24.0,15,14,0,0,0,0,0,0,0,,0,105,64,1031,16.11,10,163.0,229.1,193.1,35.0,15,38.0,10.87
53,Frank Gore,IND,RB,32.0,16,16,0,0,0,0,0,260,967,3.72,6,58,34,267,7.85,1,159.0,202.4,176.4,36.0,12,37.0,9.94
54,Jarvis Landry,MIA,WR,23.0,16,14,1,1,9,0,0,18,113,6.28,1,166,110,1157,10.52,4,159.0,281.4,220.4,32.0,16,41.0,9.94
55,Sammy Watkins,BUF,WR,22.0,13,13,0,0,0,0,0,1,1,1.0,0,96,60,1047,17.45,9,159.0,221.8,188.8,31.0,17,42.0,12.23
56,Gary Barnidge,CLE,TE,30.0,16,13,0,0,0,0,0,0,0,,0,125,79,1043,13.2,9,158.0,240.3,197.8,79.0,2,12.0,9.88
57,Jeremy Hill,CIN,RB,23.0,16,15,0,0,0,0,0,223,794,3.56,11,19,15,79,5.27,1,157.0,176.3,162.8,34.0,13,39.0,9.81
58,Jordan Reed,WAS,WR,25.0,14,9,0,0,0,0,0,0,0,,0,114,87,952,10.94,11,157.0,249.2,200.7,29.0,18,44.0,11.21
59,Darren McFadden,DAL,RB,28.0,16,10,0,1,0,0,0,239,1089,4.56,3,53,40,328,8.2,0,156.0,204.7,175.7,32.0,14,40.0,9.75
60,Jeremy Maclin,KAN,WR,27.0,15,15,0,0,0,0,0,3,14,4.67,0,124,87,1088,12.51,8,156.0,247.2,199.7,28.0,19,45.0,10.4
61,Mark Ingram,NOR,RB,26.0,12,10,0,0,0,0,0,166,769,4.63,6,60,50,405,8.1,0,153.0,210.4,178.4,30.0,15,43.0,12.75
62,Greg Olsen,CAR,TE,30.0,16,16,0,0,0,0,0,0,0,,0,124,77,1104,14.34,7,150.0,231.4,188.9,71.0,4,14.0,9.38
63,Delanie Walker,TEN,TE,31.0,15,10,0,0,0,0,0,1,36,36.0,0,133,94,1088,11.57,6,150.0,247.4,197.4,71.0,3,15.0,10.0
64,Emmanuel Sanders,DEN,WR,28.0,15,15,0,0,0,0,0,3,29,9.67,0,136,76,1135,14.93,6,148.0,229.4,186.4,21.0,20,51.0,9.87
65,Jonathan Stewart,CAR,RB,28.0,13,13,0,0,0,0,0,242,989,4.09,6,21,16,99,6.19,1,147.0,167.8,154.8,24.0,16,47.0,11.31
66,LeSean McCoy,BUF,RB,27.0,12,12,0,0,0,0,0,203,895,4.41,3,50,32,292,9.13,2,147.0,186.7,162.7,23.0,17,48.0,12.25
67,Michael Crabtree,OAK,WR,28.0,16,15,0,0,0,0,0,0,0,,0,146,85,922,10.85,9,146.0,234.2,188.7,18.0,21,53.0,9.12
68,Jordan Matthews,PHI,WR,23.0,16,13,0,0,0,0,0,0,0,,0,126,85,997,11.73,8,146.0,234.7,188.2,18.0,22,54.0,9.12
69,John Brown,ARI,WR,25.0,15,11,0,0,0,0,0,3,22,7.33,0,101,65,1003,15.43,7,143.0,211.5,175.0,15.0,23,56.0,9.53
70,T.Y. Hilton,IND,WR,26.0,16,15,0,0,0,0,0,0,0,,0,134,69,1124,16.29,5,142.0,214.4,176.9,15.0,24,57.0,8.88
71,James Jones,GNB,WR,31.0,16,15,0,0,0,0,0,0,0,,0,99,50,890,17.8,8,141.0,194.0,166.0,13.0,25,60.0,8.81
72,Amari Cooper,OAK,WR,21.0,16,15,0,0,0,0,0,3,-3,-1.0,0,130,72,1070,14.86,6,141.0,216.7,176.7,13.0,27,61.0,8.81
73,Tavon Austin,STL,WR,24.0,16,14,0,0,0,0,0,52,434,8.35,4,87,52,473,9.1,5,141.0,206.7,172.7,13.0,26,62.0,8.81
74,Tyler Eifert,CIN,TE,25.0,13,12,0,0,0,0,0,0,0,,0,74,52,615,11.83,13,140.0,194.5,165.5,60.0,5,20.0,10.77
75,DeMarco Murray,PHI,RB,27.0,15,8,0,0,0,0,0,193,702,3.64,6,55,44,322,7.32,1,140.0,192.4,162.4,17.0,18,55.0,9.33
76,Ted Ginn,CAR,WR,30.0,15,13,0,0,0,0,0,4,60,15.0,0,97,44,739,16.8,10,140.0,186.9,161.9,12.0,28,64.0,9.33
77,Ronnie Hillman,DEN,RB,24.0,16,11,0,0,0,0,0,207,863,4.17,7,35,24,111,4.63,0,137.0,168.4,149.4,14.0,19,58.0,8.56
78,Mike Evans,TAM,WR,22.0,15,14,0,0,0,0,0,0,0,,0,148,74,1206,16.3,3,137.0,214.6,173.6,9.0,29,67.0,9.13
79,Rashad Jennings,NYG,RB,30.0,16,16,0,0,0,0,0,195,863,4.43,3,40,29,296,10.21,1,136.0,172.9,150.4,13.0,20,63.0,8.5
80,Josh McCown,CLE,QB,36.0,8,8,186,292,2109,12,4,20,98,4.9,1,0,0,0,,0,136.0,145.2,136.2,,26,,17.0
81,Andrew Luck,IND,QB,26.0,7,7,162,293,1881,15,12,33,196,5.94,0,0,0,0,,0,133.0,149.8,142.8,,27,,19.0
82,Giovani Bernard,CIN,RB,24.0,16,1,0,0,0,0,0,154,730,4.74,2,66,49,472,9.63,0,132.0,187.2,156.7,9.0,21,66.0,8.25
83,Blaine Gabbert,SFO,QB,26.0,8,8,178,282,2031,10,7,32,185,5.78,1,0,0,0,,0,130.0,143.7,136.7,,28,,16.25
84,Charles Sims,TAM,RB,25.0,16,0,0,0,0,0,0,107,529,4.94,0,70,51,561,11.0,4,129.0,188.0,154.5,6.0,22,70.0,8.06
85,Jeremy Langford,CHI,RB,24.0,16,2,0,0,0,0,0,148,537,3.63,6,42,22,279,12.68,1,128.0,153.6,136.6,4.0,23,71.0,8.0
86,Travis Benjamin,CLE,WR,26.0,16,15,0,0,0,0,0,4,12,3.0,0,125,68,966,14.21,5,128.0,202.8,163.8,,30,,8.0
87,Rueben Randle,NYG,WR,24.0,16,16,0,0,0,0,0,0,0,,0,90,57,797,13.98,8,128.0,187.7,156.2,,31,,8.0
88,Kamar Aiken,BAL,WR,26.0,16,14,0,0,0,0,0,0,0,,0,127,75,944,12.59,5,124.0,201.4,159.9,,32,,7.75
89,Randall Cobb,GNB,WR,25.0,16,15,0,0,0,0,0,13,50,3.85,0,129,79,829,10.49,6,124.0,211.9,169.4,,33,,7.75
90,James Starks,GNB,RB,29.0,16,4,0,0,0,0,0,148,601,4.06,2,53,43,392,9.12,3,123.0,175.3,144.8,,24,76.0,7.69
91,Thomas Rawls,SEA,RB,22.0,13,7,0,0,0,0,0,147,830,5.65,4,11,9,76,8.44,1,121.0,131.6,123.1,,25,,9.31
92,Eddie Lacy,GNB,RB,25.0,15,12,0,0,0,0,0,187,758,4.05,3,28,20,188,9.4,2,121.0,148.6,130.6,,26,,8.07
93,Golden Tate,DET,WR,27.0,16,16,0,0,0,0,0,6,41,6.83,0,128,90,813,9.03,6,121.0,213.4,164.4,,34,,7.56
94,Michael Floyd,ARI,WR,26.0,15,6,0,0,0,0,0,0,0,,0,89,52,849,16.33,6,121.0,175.9,146.9,,35,,8.07
95,T.J. Yeldon,JAX,RB,22.0,12,12,0,0,0,0,0,182,740,4.07,2,46,36,279,7.75,1,120.0,161.9,137.9,,27,,10.0
96,Martavis Bryant,PIT,WR,24.0,11,5,0,0,0,0,0,5,37,7.4,1,92,50,765,15.3,6,120.0,174.2,145.2,,36,,10.91
97,Isaiah Crowell,CLE,RB,22.0,16,9,0,0,0,0,0,185,706,3.82,4,22,19,182,9.58,1,119.0,143.8,128.3,,28,,7.44
98,Brock Osweiler,DEN,QB,25.0,8,7,170,275,1967,10,6,21,61,2.9,1,0,0,0,,0,119.0,126.8,122.8,,29,,14.88
99,Travis Kelce,KAN,TE,26.0,16,16,0,0,0,0,0,0,0,,0,103,72,875,12.15,5,118.0,194.5,153.5,38.0,6,34.0,7.38
100,Ben Watson,NOR,TE,35.0,16,16,0,0,0,0,0,0,0,,0,110,74,825,11.15,6,117.0,194.5,153.5,37.0,7,35.0,7.31
101,LeGarrette Blount,NWE,RB,29.0,12,6,0,0,0,0,0,165,703,4.26,6,7,6,43,7.17,1,117.0,125.6,119.6,,29,,9.75
102,C.J. Anderson,DEN,RB,24.0,15,5,0,0,0,0,0,152,720,4.74,5,36,25,183,7.32,0,116.0,149.3,128.8,,30,,7.73
103,Willie Snead,NOR,WR,23.0,15,9,0,0,0,0,0,0,0,,0,101,69,984,14.26,3,116.0,187.4,148.9,,37,,7.73
104,Pierre Garcon,WAS,WR,29.0,16,16,0,0,0,0,0,0,0,,0,111,72,777,10.79,6,116.0,188.7,149.7,,38,,7.25
105,Karlos Williams,BUF,RB,22.0,11,3,0,0,0,0,0,93,517,5.56,7,14,11,96,8.73,2,113.0,128.3,118.8,,31,,10.27
106,Charcandrick West,KAN,RB,24.0,15,9,0,0,0,0,0,160,634,3.96,4,34,20,214,10.7,1,113.0,139.8,122.8,,32,,7.53
107,Julian Edelman,NWE,WR,29.0,9,9,0,0,0,0,0,3,23,7.67,0,88,61,692,11.34,7,112.0,176.5,142.0,,39,,12.44
108,Colin Kaepernick,SFO,QB,28.0,9,8,144,244,1615,6,5,45,256,5.69,1,0,0,0,,0,112.0,122.2,115.2,,30,,12.44
109,Donte Moncrief,IND,WR,22.0,16,10,0,0,0,0,0,0,0,,0,105,64,733,11.45,6,109.0,176.3,141.3,,40,,6.81
110,Marvin Jones,CIN,WR,25.0,16,13,0,0,0,0,0,5,33,6.6,0,103,65,816,12.55,4,109.0,176.9,141.4,,42,,6.81
111,Markus Wheaton,PIT,WR,24.0,16,8,0,0,0,0,0,0,0,,0,79,44,749,17.02,5,109.0,153.9,128.9,,41,,6.81
112,Ryan Mathews,PHI,RB,28.0,13,6,0,0,0,0,0,106,539,5.08,6,28,20,146,7.3,1,105.0,133.5,114.5,,33,,8.08
113,Alshon Jeffery,CHI,WR,25.0,9,8,0,0,0,0,0,0,0,,0,94,54,807,14.94,4,105.0,161.7,131.7,,43,,11.67
114,Duke Johnson,CLE,RB,22.0,16,7,0,0,0,0,0,104,379,3.64,0,74,61,534,8.75,2,103.0,170.3,133.8,,34,,6.44
115,Anquan Boldin,SFO,WR,35.0,14,13,0,0,0,0,0,0,0,,0,111,69,789,11.43,4,103.0,173.9,135.4,,44,,7.36
116,Richard Rodgers,GNB,TE,23.0,16,12,0,0,0,0,0,1,11,11.0,0,85,58,510,8.79,8,102.0,163.1,131.1,23.0,8,49.0,6.38
117,Tyler Lockett,SEA,WR,23.0,16,8,0,0,0,0,0,5,20,4.0,0,69,51,664,13.02,6,102.0,169.4,139.9,,45,,6.38
118,Terrance Williams,DAL,WR,26.0,16,13,0,0,0,0,0,0,0,,0,93,52,840,16.15,3,102.0,157.0,128.0,,46,,6.38
119,Chris Johnson,ARI,RB,30.0,11,9,0,0,0,0,0,196,814,4.15,3,13,6,58,9.67,0,101.0,112.2,104.2,,35,,9.18
120,Javorius Allen,BAL,RB,24.0,16,6,0,0,0,0,0,137,514,3.75,1,62,45,353,7.84,2,101.0,153.7,123.2,,36,,6.31
121,Jermaine Kearse,SEA,WR,25.0,16,16,0,0,0,0,0,0,0,,0,68,49,685,13.98,5,101.0,150.5,123.0,,47,,6.31
122,Shane Vereen,NYG,RB,26.0,16,0,0,0,0,0,0,61,260,4.26,0,81,59,494,8.37,4,99.0,164.4,128.9,,37,,6.19
123,Theo Riddick,DET,RB,24.0,16,1,0,0,0,0,0,43,133,3.09,0,99,80,697,8.71,3,99.0,186.0,139.0,,38,,6.19
124,Alfred Blue,HOU,RB,24.0,15,9,0,0,0,0,0,183,698,3.81,2,16,15,109,7.27,1,97.0,118.7,104.2,,39,,6.47
125,Stefon Diggs,MIN,WR,22.0,13,9,0,0,0,0,0,3,13,4.33,0,84,52,720,13.85,4,97.0,152.3,123.3,,48,,7.46
126,Keenan Allen,SDG,WR,23.0,8,8,0,0,0,0,0,0,0,,0,89,67,725,10.82,4,97.0,165.5,128.0,,49,,12.12
127,Nick Foles,STL,QB,26.0,11,11,190,337,2052,7,10,17,20,1.18,1,0,0,0,,0,96.0,111.1,106.1,,31,,8.73
128,Matt Jones,WAS,RB,22.0,13,0,0,0,0,0,0,144,490,3.4,3,25,19,304,16.0,1,95.0,124.4,104.9,,40,,7.31
129,Zach Ertz,PHI,WR,25.0,15,6,0,0,0,0,0,0,0,,0,112,75,853,11.37,2,95.0,174.3,132.8,,50,,6.33
130,Darren Sproles,PHI,WR,32.0,16,4,0,0,0,0,0,83,317,3.82,3,83,55,388,7.05,1,95.0,167.5,134.0,,51,,5.94
131,Peyton Manning,DEN,QB,39.0,10,9,198,331,2249,9,17,6,-6,-1.0,0,0,0,0,,0,95.0,111.4,108.4,,32,,9.5
132,Johnny Manziel,CLE,QB,23.0,10,6,129,223,1500,7,5,37,230,6.22,0,0,0,0,,0,95.0,109.0,100.0,,33,,9.5
133,Antonio Gates,SDG,TE,35.0,11,4,0,0,0,0,0,0,0,,0,85,56,630,11.25,5,93.0,152.0,121.0,14.0,9,59.0,8.45
134,Justin Forsett,BAL,RB,30.0,10,10,0,0,0,0,0,151,641,4.25,2,41,31,153,4.94,0,93.0,128.4,106.9,,41,,9.3
135,Ameer Abdullah,DET,RB,22.0,16,9,0,0,0,0,0,143,597,4.17,2,38,25,183,7.32,1,92.0,125.0,104.5,,42,,5.75
136,Torrey Smith,SFO,WR,26.0,16,12,0,0,0,0,0,0,0,,0,62,33,663,20.09,4,92.0,128.3,108.8,,52,,5.75
137,Antonio Andrews,TEN,RB,24.0,14,10,1,1,41,1,0,143,520,3.64,3,29,21,174,8.29,0,91.0,119.0,101.5,,43,,6.5
138,Rishard Matthews,MIA,WR,26.0,11,11,0,0,0,0,0,1,4,4.0,0,61,43,662,15.4,4,91.0,136.6,112.1,,53,,8.27
139,Matt Hasselbeck,IND,QB,40.0,8,8,156,256,1690,9,5,16,15,0.94,0,0,0,0,,0,91.0,101.1,96.1,,34,,11.38
140,Nate Washington,HOU,WR,32.0,14,14,0,0,0,0,0,0,0,,0,94,47,658,14.0,4,90.0,139.8,113.3,,54,,6.43
141,Bilal Powell,NYJ,RB,27.0,11,2,0,0,0,0,0,70,313,4.47,1,63,47,388,8.26,2,88.0,141.1,111.6,,44,,8.0
142,Jason Witten,DAL,TE,33.0,16,16,0,0,0,0,0,0,0,,0,104,77,713,9.26,3,87.0,168.3,125.8,8.0,10,68.0,5.44
143,Le'Veon Bell,PIT,RB,23.0,6,6,0,0,0,0,0,113,556,4.92,3,26,24,136,5.67,0,87.0,117.2,99.2,,45,,14.5
144,Alfred Morris,WAS,RB,27.0,16,16,0,0,0,0,0,202,751,3.72,1,13,10,55,5.5,0,87.0,99.6,91.6,,46,,5.44
145,Joique Bell,DET,RB,29.0,13,5,0,0,0,0,0,90,311,3.46,4,27,22,286,13.0,0,86.0,111.7,94.7,,47,,6.62
146,Kenny Britt,STL,WR,27.0,16,13,0,0,0,0,0,0,0,,0,72,36,681,18.92,3,86.0,125.1,104.1,,55,,5.38
147,Steve Smith,BAL,WR,36.0,7,7,0,0,0,0,0,0,0,,0,73,46,670,14.57,3,85.0,134.0,108.0,,56,,12.14
148,Eric Ebron,DET,TE,22.0,14,8,0,0,0,0,0,0,0,,0,70,47,537,11.43,5,84.0,133.7,107.2,4.0,11,72.0,6.0
149,Dion Lewis,NWE,RB,25.0,7,6,0,0,0,0,0,49,234,4.78,2,50,36,388,10.78,2,84.0,127.2,102.2,,48,,12.0
150,James White,NWE,RB,23.0,14,1,0,0,0,0,0,22,56,2.55,2,54,40,410,10.25,4,83.0,125.6,102.6,,49,,5.93
151,Danny Amendola,NWE,WR,30.0,14,7,1,1,36,0,0,2,11,5.5,0,87,65,648,9.97,3,83.0,152.3,115.8,,57,,5.93
152,Dorial Green-Beckham,TEN,WR,22.0,16,5,0,0,0,0,0,0,0,,0,67,32,549,17.16,4,81.0,115.9,96.9,,58,,5.06
153,Kyle Rudolph,MIN,TE,26.0,16,16,0,0,0,0,0,0,0,,0,73,49,495,10.1,5,80.0,131.5,104.0,,12,78.0,5.0
154,Jamaal Charles,KAN,RB,29.0,5,5,0,0,0,0,0,71,364,5.13,4,29,21,177,8.43,1,80.0,109.1,90.6,,50,,16.0
155,Seth Roberts,OAK,WR,24.0,16,5,0,0,0,0,0,0,0,,0,55,32,480,15.0,5,80.0,115.0,96.0,,59,,5.0
156,Cole Beasley,DAL,WR,26.0,16,3,0,0,0,0,0,0,0,,0,75,52,536,10.31,5,80.0,136.6,105.6,,60,,5.0
157,Julius Thomas,JAX,TE,27.0,12,11,0,0,0,0,0,0,0,,0,80,46,455,9.89,5,78.0,124.5,98.5,,13,,6.5
158,Marques Colston,NOR,WR,32.0,13,5,0,0,0,0,0,0,0,,0,67,45,520,11.56,4,78.0,124.0,98.5,,61,,6.0
159,Spencer Ware,KAN,RB,24.0,11,2,0,0,0,0,0,72,403,5.6,6,6,6,5,0.83,0,77.0,85.8,79.8,,51,,7.0
160,Andre Johnson,IND,WR,34.0,16,14,0,0,0,0,0,0,0,,0,77,41,503,12.27,4,76.0,118.3,94.8,,62,,4.75
161,Jimmy Graham,SEA,TE,29.0,11,11,0,0,0,0,0,0,0,,0,74,48,605,12.6,2,75.0,123.5,96.5,,14,,6.82
162,Melvin Gordon,SDG,RB,22.0,14,13,0,0,0,0,0,184,641,3.48,0,37,33,192,5.82,0,75.0,118.3,91.8,,52,,5.36
163,Devin Funchess,CAR,WR,21.0,16,5,0,0,0,0,0,0,0,,0,63,31,473,15.26,5,75.0,110.3,90.8,,63,,4.69
164,DeSean Jackson,WAS,WR,29.0,10,9,0,0,0,0,0,0,0,,0,49,30,528,17.6,4,75.0,108.8,89.8,,64,,7.5
165,Jamison Crowder,WAS,WR,22.0,16,6,0,1,0,0,0,2,2,1.0,0,78,59,604,10.24,2,75.0,137.6,104.1,,65,,4.69
166,Zach Miller,CHI,TE,31.0,15,14,0,0,0,0,0,0,0,,0,46,34,439,12.91,5,74.0,110.9,90.9,,15,,4.93
167,Tim Hightower,NOR,RB,29.0,8,3,0,0,0,0,0,96,375,3.91,4,13,12,129,10.75,0,74.0,92.4,80.4,,53,,9.25
168,Vincent Jackson,TAM,WR,32.0,10,9,0,0,0,0,0,0,0,,0,62,33,543,16.45,3,74.0,110.3,90.8,,66,,7.4
169,Corey Brown,CAR,WR,24.0,14,11,0,0,0,0,0,6,38,6.33,0,54,31,447,14.42,4,73.0,106.5,88.0,,67,,5.21
170,Jacob Tamme,ATL,TE,30.0,15,8,0,0,0,0,0,0,0,,0,81,59,657,11.14,1,72.0,133.7,101.2,,16,,4.8
171,Malcom Floyd,SDG,WR,34.0,15,13,0,0,0,0,0,0,0,,0,68,30,561,18.7,3,72.0,106.1,87.1,,68,,4.8
172,Ladarius Green,SDG,TE,25.0,13,11,0,0,0,0,0,0,0,,0,63,37,429,11.59,4,71.0,110.9,89.4,,17,,5.46
173,Charles Clay,BUF,TE,26.0,13,13,0,0,0,0,0,0,0,,0,77,51,528,10.35,3,71.0,124.8,96.3,,18,,5.46
174,Robert Woods,BUF,WR,23.0,14,9,0,0,0,0,0,1,0,0.0,0,80,47,552,11.74,3,71.0,122.2,94.7,,69,,5.07
175,Ryan Mallett,2TM,QB,27.0,8,6,136,244,1336,5,6,5,15,3.0,1,0,0,0,,0,71.0,79.9,76.9,,35,,8.88
176,Owen Daniels,DEN,TE,33.0,16,16,0,0,0,0,0,0,0,,0,77,46,517,11.24,3,70.0,118.7,92.7,,19,,4.38
177,Carlos Hyde,SFO,RB,24.0,7,7,0,0,0,0,0,115,470,4.09,3,15,11,53,4.82,0,70.0,84.3,75.8,,54,,10.0
178,Marshawn Lynch,SEA,RB,29.0,7,6,0,0,0,0,0,111,417,3.76,3,21,13,80,6.15,0,70.0,85.7,76.2,,55,,10.0
179,DeVante Parker,MIA,WR,22.0,15,4,0,0,0,0,0,0,0,,0,50,26,494,19.0,3,69.0,96.4,80.4,,70,,4.6
180,Coby Fleener,IND,WR,27.0,16,11,0,0,0,0,0,0,0,,0,84,54,491,9.09,3,69.0,126.1,96.1,,71,,4.31
181,Heath Miller,PIT,TE,33.0,15,15,0,0,0,0,0,1,2,2.0,0,81,60,535,8.92,2,68.0,130.7,97.7,,20,,4.53
182,Jerricho Cotchery,CAR,WR,33.0,14,3,0,0,0,0,0,1,16,16.0,0,54,39,485,12.44,3,68.0,110.1,87.6,,72,,4.86
183,Cecil Shorts,HOU,WR,28.0,11,4,1,1,21,1,0,10,47,4.7,0,75,42,484,11.52,2,68.0,113.9,88.9,,73,,6.18
184,Steve Johnson,SDG,WR,29.0,10,8,0,0,0,0,0,0,0,,0,65,45,497,11.04,3,68.0,115.7,90.2,,74,,6.8
185,Mike Tolbert,CAR,RB,30.0,16,3,0,0,0,0,0,62,256,4.13,1,23,18,154,8.56,3,67.0,89.0,74.0,,56,,4.19
186,Matt Cassel,2TM,QB,33.0,10,8,119,204,1276,5,7,15,78,5.2,0,0,0,0,,0,67.0,76.8,73.8,,36,,6.7
187,Brandon Weeden,2TM,QB,32.0,6,4,97,140,1043,5,2,16,47,2.94,1,0,0,0,,0,66.0,72.4,68.4,,37,,11.0
188,Crockett Gillmore,BAL,TE,24.0,10,10,0,0,0,0,0,0,0,,0,47,33,412,12.48,4,65.0,101.2,81.7,,21,,6.5
189,Dwayne Harris,NYG,WR,28.0,15,6,0,0,0,0,0,2,12,6.0,0,57,36,396,11.0,4,65.0,115.8,94.8,,75,,4.33
190,Dontrelle Inman,SDG,WR,26.0,14,7,0,0,0,0,0,0,0,,0,63,35,486,13.89,3,65.0,103.6,82.1,,76,,4.64
191,Joseph Randle,DAL,RB,24.0,6,6,0,0,0,0,0,76,315,4.14,4,10,10,86,8.6,0,64.0,77.1,69.1,,57,,10.67
192,Brian Hartline,CLE,WR,29.0,12,4,0,0,0,0,0,0,0,,0,77,46,523,11.37,2,64.0,113.3,87.3,,77,,5.33
193,Martellus Bennett,CHI,TE,28.0,11,11,0,0,0,0,0,0,0,,0,80,53,439,8.28,3,62.0,117.9,88.4,,22,,5.64
194,Jerick McKinnon,MIN,RB,23.0,16,0,0,0,0,0,0,52,271,5.21,2,29,21,173,8.24,1,62.0,89.4,72.9,,58,,3.88
195,Jonathan Grimes,HOU,RB,26.0,14,0,0,1,0,0,0,56,282,5.04,1,31,26,173,6.65,1,62.0,91.5,72.5,,59,,4.43
196,Will Tye,NYG,WR,24.0,13,7,0,0,0,0,0,0,0,,0,62,42,464,11.05,3,62.0,108.4,83.4,,78,,4.77
197,Kenny Stills,MIA,WR,23.0,16,8,0,0,0,0,0,0,0,,0,63,27,440,16.3,3,62.0,92.0,75.5,,79,,3.88
198,Dexter McCluster,TEN,WR,27.0,11,2,0,0,0,0,0,55,247,4.49,1,41,31,260,8.39,1,61.0,99.7,76.2,,80,,5.55
199,Kendall Wright,TEN,WR,26.0,10,9,0,0,0,0,0,5,17,3.4,0,60,36,408,11.33,3,61.0,99.5,78.5,,81,,6.1
200,Andre Ellington,ARI,RB,26.0,10,3,0,0,0,0,0,45,289,6.42,3,24,15,148,9.87,0,60.0,81.7,67.2,,60,,6.0
201,Mike Wallace,MIN,WR,29.0,16,12,0,0,0,0,0,1,6,6.0,0,72,39,473,12.13,2,60.0,101.9,79.4,,82,,3.75
202,Albert Wilson,KAN,WR,23.0,14,12,0,0,0,0,0,5,26,5.2,0,57,35,451,12.89,2,60.0,97.7,77.2,,83,,4.29
203,Mohamed Sanu,CIN,WR,26.0,16,4,0,0,0,0,0,10,71,7.1,2,49,33,394,11.94,0,59.0,94.5,75.0,,84,,3.69
204,Austin Seferian-Jenkins,TAM,TE,23.0,7,3,0,0,0,0,0,0,0,,0,39,21,338,16.1,4,58.0,81.8,68.3,,24,,8.29
205,Brent Celek,PHI,TE,30.0,16,13,0,0,0,0,0,0,0,,0,35,27,398,14.74,3,58.0,87.8,71.3,,23,,3.62
206,Chris Thompson,WAS,RB,25.0,13,0,0,0,0,0,0,35,216,6.17,0,48,35,240,6.86,2,58.0,98.6,75.1,,61,,4.46
207,Davante Adams,GNB,WR,23.0,13,12,0,0,0,0,0,0,0,,0,94,50,483,9.66,1,58.0,109.3,81.3,,85,,4.46
208,Dez Bryant,DAL,WR,27.0,9,9,0,0,0,0,0,0,0,,0,72,31,401,12.94,3,58.0,92.1,73.6,,86,,6.44
209,Chris Hogan,BUF,WR,27.0,16,4,1,1,4,0,0,1,4,4.0,0,59,36,450,12.5,2,58.0,96.6,75.6,,87,,3.62
210,Jordan Cameron,MIA,TE,27.0,16,16,0,0,0,0,0,0,0,,0,70,35,386,11.03,3,57.0,94.6,74.1,,25,,3.56
211,Brandon Coleman,NOR,WR,23.0,16,3,0,0,0,0,0,0,0,,0,49,30,454,15.13,2,57.0,90.4,72.4,,88,,3.56
212,Roddy White,ATL,WR,34.0,16,16,0,0,0,0,0,0,0,,0,70,43,506,11.77,1,57.0,102.6,78.1,,89,,3.56
213,Kyle Juszczyk,BAL,RB,24.0,16,11,0,0,0,0,0,2,3,1.5,0,56,41,321,7.83,4,56.0,100.4,76.9,,62,,3.5
214,Chris Polk,HOU,RB,26.0,15,2,0,0,0,0,0,99,334,3.37,1,28,16,109,6.81,1,56.0,78.3,64.3,,63,,3.73
215,Lance Moore,DET,WR,32.0,14,8,0,0,0,0,0,0,0,,0,43,29,337,11.62,4,56.0,88.7,70.2,,90,,4.0
216,Arian Foster,HOU,RB,29.0,4,4,0,0,0,0,0,63,163,2.59,1,28,22,227,10.32,2,55.0,84.0,66.0,,64,,13.75
217,A.J. McCarron,CIN,QB,25.0,7,3,79,119,854,6,2,14,31,2.21,0,0,0,0,,0,55.0,61.3,57.3,,38,,7.86
218,Khiry Robinson,NOR,RB,26.0,8,0,0,0,0,0,0,56,180,3.21,4,20,17,115,6.76,0,54.0,76.5,62.0,,65,,6.75
219,Clive Walford,OAK,TE,24.0,16,2,0,0,0,0,0,0,0,,0,50,28,329,11.75,3,53.0,81.9,64.9,,26,,3.31
220,Marquess Wilson,CHI,WR,23.0,11,6,0,0,0,0,0,0,0,,0,51,28,464,16.57,1,52.0,83.4,66.4,,92,,4.73
221,Brandon LaFell,NWE,WR,29.0,11,7,0,0,0,0,0,2,9,4.5,0,74,37,515,13.92,0,52.0,92.4,70.9,,91,,4.73
222,Shaun Draughn,2TM,RB,28.0,11,6,0,0,0,0,0,78,273,3.5,1,35,27,176,6.52,0,51.0,83.9,64.4,,66,,4.64
223,Brandon Bolden,NWE,RB,25.0,15,2,0,0,0,0,0,63,207,3.29,0,30,19,180,9.47,2,51.0,75.7,60.2,,67,,3.4
224,Leonard Hankerson,3TM,WR,26.0,10,0,0,0,0,0,0,0,0,,0,46,26,327,12.58,3,51.0,79.7,63.7,,93,,5.1
225,Vance McDonald,SFO,WR,25.0,14,11,0,0,0,0,0,0,0,,0,46,30,326,10.87,3,51.0,83.6,65.6,,94,,3.64
226,Harry Douglas,TEN,WR,31.0,14,12,0,0,0,0,0,1,-6,-6.0,0,72,36,411,11.42,2,51.0,90.5,68.5,,95,,3.64
227,Scott Chandler,NWE,TE,30.0,15,4,0,0,0,0,0,0,0,,0,42,23,259,11.26,4,50.0,75.9,61.4,,27,,3.33
228,Darren Fells,ARI,TE,29.0,14,12,0,0,0,0,0,0,0,,0,28,21,311,14.81,3,49.0,73.1,59.6,,28,,3.5
229,Marcel Reece,OAK,TE,30.0,15,7,0,0,0,0,0,10,36,3.6,0,37,30,269,8.97,3,49.0,81.5,63.5,,29,,3.27
230,Josh Huff,PHI,WR,24.0,15,4,0,0,0,0,0,0,0,,0,42,27,312,11.56,3,49.0,79.2,62.7,,96,,3.27
231,Jared Cook,STL,TE,28.0,16,12,0,0,0,0,0,0,0,,0,75,39,481,12.33,0,48.0,91.1,67.6,,30,,3.0
232,Cameron Brate,TAM,TE,24.0,14,4,0,0,0,0,0,0,0,,0,30,23,288,12.52,3,47.0,72.8,58.3,,31,,3.36
233,C.J. Spiller,NOR,RB,28.0,13,2,0,0,0,0,0,36,112,3.11,0,44,34,239,7.03,2,47.0,87.1,64.1,,68,,3.62
234,Denard Robinson,JAX,WR,25.0,13,3,0,0,0,0,0,67,266,3.97,1,30,21,164,7.81,0,47.0,75.0,57.5,,97,,3.62
235,Fred Jackson,SEA,RB,34.0,16,0,0,0,0,0,0,26,100,3.85,0,41,32,257,8.03,2,46.0,84.7,61.7,,69,,2.88
236,Mike Gillislee,BUF,RB,25.0,5,1,0,0,0,0,0,47,267,5.68,3,7,6,29,4.83,0,46.0,55.6,48.6,,70,,9.2
237,Quinton Patton,SFO,WR,25.0,16,4,0,0,0,0,0,1,5,5.0,0,57,30,394,13.13,1,46.0,78.9,60.9,,98,,2.88
238,Darrius Heyward-Bey,PIT,WR,28.0,16,4,0,0,0,0,0,0,0,,0,39,21,314,14.95,2,45.0,67.4,53.9,,99,,2.81
239,Jarius Wright,MIN,WR,26.0,16,3,0,0,0,0,0,1,29,29.0,0,50,34,442,13.0,0,45.0,83.1,62.1,,100,,2.81
240,Riley Cooper,PHI,WR,28.0,16,13,0,0,0,0,0,0,0,,0,41,21,327,15.57,2,45.0,68.7,55.2,,101,,2.81
241,Andre Holmes,OAK,WR,27.0,16,1,0,0,0,0,0,0,0,,0,33,14,201,14.36,4,44.0,61.1,51.1,,102,,2.75
242,Zach Mettenberger,TEN,QB,24.0,7,4,101,166,935,4,7,9,8,0.89,1,0,0,0,,0,44.0,54.2,49.2,,39,,6.29
243,Case Keenum,STL,QB,27.0,6,5,76,125,828,4,1,12,5,0.42,0,0,0,0,,0,44.0,49.6,44.6,,40,,7.33
244,Anthony Fasano,TEN,TE,31.0,16,11,0,0,0,0,0,0,0,,0,42,26,289,11.12,2,43.0,69.9,53.9,,32,,2.69
245,Bishop Sankey,TEN,RB,23.0,13,3,0,0,0,0,0,47,193,4.11,1,22,14,139,9.93,1,43.0,64.2,50.2,,71,,3.31
246,Chris Givens,2TM,WR,26.0,15,6,0,0,0,0,0,4,18,4.5,0,54,20,353,17.65,1,43.0,66.1,53.1,,103,,2.87
247,Bryan Walters,JAX,WR,28.0,11,1,0,1,0,0,0,0,0,,0,45,32,368,11.5,1,43.0,77.8,58.8,,104,,3.91
248,JJ Nelson,ARI,WR,23.0,11,2,0,0,0,0,0,1,0,0.0,0,27,11,299,27.18,2,42.0,54.9,45.4,,105,,3.82
249,Tevin Coleman,ATL,RB,22.0,12,3,0,0,0,0,0,87,392,4.51,1,11,2,14,7.0,0,41.0,48.6,41.6,,72,,3.42
250,Tony Romo,DAL,QB,35.0,4,4,83,121,884,5,7,4,13,3.25,0,0,0,0,,0,41.0,51.7,47.7,,41,,10.25
251,Vernon Davis,2TM,TE,31.0,15,9,0,0,0,0,0,0,0,,0,58,38,395,10.39,0,40.0,80.5,58.5,,33,,2.67
252,Benny Cunningham,STL,RB,25.0,16,1,0,0,0,0,0,37,140,3.78,0,36,26,250,9.62,0,39.0,71.0,52.0,,73,,2.44
253,Ryan Grant,WAS,WR,25.0,16,5,0,0,0,0,0,0,0,,0,42,23,268,11.65,2,39.0,64.8,50.3,,106,,2.44
254,EJ Manuel,BUF,QB,25.0,7,2,52,84,561,3,3,17,64,3.76,1,0,0,0,,0,39.0,45.8,41.8,,42,,5.57
255,Donald Brown,SDG,RB,28.0,9,2,0,0,0,0,0,59,229,3.88,1,13,8,88,11.0,0,38.0,48.7,41.7,,74,,4.22
256,Keshawn Martin,NWE,WR,25.0,9,8,0,0,0,0,0,1,6,6.0,0,37,24,269,11.21,2,38.0,65.5,49.5,,107,,4.22
257,Ryan Griffin,HOU,TE,25.0,9,4,0,0,0,0,0,0,0,,0,34,20,251,12.55,2,37.0,60.1,47.1,,34,,4.11
258,Garrett Celek,SFO,TE,27.0,11,8,0,0,0,0,0,0,0,,0,28,19,186,9.79,3,37.0,58.6,46.1,,35,,3.36
259,Lance Kendricks,STL,WR,27.0,15,12,0,0,0,0,0,0,0,,0,36,25,245,9.8,2,37.0,64.5,49.0,,108,,2.47
260,Jay Ajayi,MIA,RB,22.0,9,0,0,0,0,0,0,49,187,3.82,1,11,7,90,12.86,0,36.0,45.7,39.2,,75,,4.0
261,Jeremy Butler,BAL,WR,24.0,8,0,0,0,0,0,0,0,0,,0,44,31,363,11.71,0,36.0,70.3,51.8,,109,,4.5
262,Percy Harvin,BUF,WR,27.0,5,5,0,0,0,0,0,5,31,6.2,0,30,19,218,11.47,1,35.0,52.9,40.4,,110,,7.0
263,Larry Donnell,NYG,TE,27.0,8,8,0,0,0,0,0,0,0,,0,41,29,223,7.69,2,34.0,66.3,48.8,,36,,4.25
264,Mychal Rivera,OAK,TE,25.0,16,0,0,0,0,0,0,0,0,,0,46,32,280,8.75,1,34.0,69.0,50.0,,37,,2.12
265,Andre Williams,NYG,RB,23.0,16,0,0,0,0,0,0,88,257,2.92,1,3,1,7,7.0,0,34.0,38.4,34.9,,76,,2.12
266,Ka'Deem Carey,CHI,RB,23.0,10,1,0,0,0,0,0,43,159,3.7,2,3,3,19,6.33,1,34.0,40.8,35.3,,77,,3.4
267,Tre Mason,STL,RB,22.0,13,3,0,0,0,0,0,75,207,2.76,1,25,18,88,4.89,0,34.0,55.5,42.5,,78,,2.62
268,Josh Bellamy,CHI,WR,26.0,16,3,0,0,0,0,0,0,0,,0,34,19,224,11.79,2,34.0,56.4,43.9,,111,,2.12
269,Jaelen Strong,HOU,WR,21.0,10,1,0,0,0,0,0,0,0,,0,24,14,161,11.5,3,34.0,51.1,41.1,,112,,3.4
270,Adam Humphries,TAM,WR,22.0,13,0,0,0,0,0,0,0,0,,0,40,27,260,9.63,1,34.0,62.0,45.5,,113,,2.62
271,Maxx Williams,BAL,TE,21.0,14,7,0,0,0,0,0,0,0,,0,48,32,268,8.38,1,33.0,67.8,48.8,,38,,2.36
272,Ahmad Bradshaw,IND,RB,29.0,6,0,0,0,0,0,0,31,85,2.74,0,14,10,64,6.4,3,33.0,42.9,37.9,,79,,5.5
273,Jimmy Clausen,2TM,QB,28.0,5,3,72,125,739,2,4,11,36,3.27,0,0,0,0,,0,33.0,40.2,37.2,,43,,6.6
274,Kellen Moore,DAL,QB,26.0,3,2,61,104,779,4,6,2,-1,-0.5,0,0,0,0,,0,33.0,43.1,39.1,,44,,11.0
275,Mark Sanchez,PHI,QB,29.0,4,2,59,91,616,4,4,6,22,3.67,0,0,0,0,,0,33.0,40.8,36.8,,45,,8.25
276,Justin Hunter,TEN,WR,24.0,9,5,0,0,0,0,0,0,0,,0,31,22,264,12.0,1,32.0,57.4,43.4,,114,,3.56
277,Nelson Agholor,PHI,WR,22.0,13,12,0,0,0,0,0,0,0,,0,44,23,283,12.3,1,32.0,59.3,43.8,,115,,2.46
278,Quincy Enunwa,NYJ,WR,23.0,12,6,0,0,0,0,0,0,0,,0,46,22,315,14.32,0,32.0,56.5,42.5,,116,,2.67
279,Michael Vick,PIT,QB,35.0,5,3,40,66,371,2,1,20,99,4.95,0,0,0,0,,0,31.0,34.7,31.7,,46,,6.2
280,Cameron Artis-Payne,CAR,RB,25.0,7,0,0,0,0,0,0,45,183,4.07,1,5,5,58,11.6,0,30.0,38.1,32.6,,80,,4.29
281,Marc Mariani,CHI,WR,28.0,16,5,0,0,0,0,0,0,0,,0,33,22,300,13.64,0,30.0,54.0,39.0,,117,,1.88
282,Eddie Royal,CHI,WR,29.0,9,9,0,0,0,0,0,1,-1,-1.0,0,50,37,238,6.43,1,30.0,69.7,48.2,,118,,3.33
283,Zach Line,MIN,TE,25.0,16,5,0,0,0,0,0,6,10,1.67,2,9,6,95,15.83,1,29.0,34.5,31.5,,39,,1.81
284,Marqise Lee,JAX,WR,24.0,10,1,0,0,0,0,0,5,38,7.6,0,32,15,191,12.73,1,29.0,46.9,36.4,,119,,2.9
285,Matt Schaub,BAL,QB,34.0,2,2,52,80,540,3,4,4,10,2.5,0,0,0,0,,0,29.0,33.6,30.6,,47,,14.5
286,Robert Turbin,2TM,RB,26.0,10,0,0,0,0,0,0,50,199,3.98,1,10,7,23,3.29,0,28.0,38.2,31.7,,82,,2.8
287,Lance Dunbar,DAL,RB,25.0,4,0,0,0,0,0,0,5,67,13.4,0,23,21,215,10.24,0,28.0,52.2,38.7,,83,,7.0
288,Travaris Cadet,3TM,RB,26.0,7,1,0,1,0,0,0,11,28,2.55,0,22,17,214,12.59,1,28.0,49.2,36.7,,81,,4.0
289,Miles Austin,PHI,WR,31.0,11,1,0,0,0,0,0,0,0,,0,31,13,224,17.23,1,28.0,44.4,34.9,,120,,2.55
290,Jermaine Gresham,ARI,WR,27.0,15,12,0,0,0,0,0,0,0,,0,32,18,223,12.39,1,28.0,49.3,37.3,,121,,1.87
291,Phillip Dorsett,IND,WR,22.0,11,0,0,0,0,0,0,3,17,5.67,0,39,18,225,12.5,1,28.0,50.2,37.2,,122,,2.55
292,Nick Williams,ATL,WR,25.0,14,0,0,0,0,0,0,0,0,,0,25,17,159,9.35,2,28.0,47.9,36.4,,123,,2.0
293,Andrew Hawkins,CLE,WR,29.0,8,8,0,0,0,0,0,0,0,,0,43,27,276,10.22,0,28.0,58.6,41.1,,124,,3.5
294,Luke Willson,SEA,TE,25.0,14,7,0,0,0,0,0,0,0,,0,26,17,213,12.53,1,27.0,47.3,35.8,,40,,1.93
295,DuJuan Harris,2TM,RB,27.0,4,1,0,0,0,0,0,48,189,3.94,0,14,9,97,10.78,0,27.0,39.6,31.1,,84,,6.75
296,De'Anthony Thomas,KAN,WR,22.0,10,1,0,0,0,0,0,9,34,3.78,1,25,17,140,8.24,1,27.0,48.4,35.9,,125,,2.7
297,Jeremy Kerley,NYJ,WR,27.0,16,1,0,0,0,0,0,0,0,,0,26,16,152,9.5,2,27.0,46.2,35.2,,126,,1.69
298,Ty Montgomery,GNB,WR,22.0,6,3,0,0,0,0,0,3,14,4.67,0,19,15,136,9.07,2,27.0,45.0,34.5,,127,,4.5
299,Greg Jennings,MIA,WR,32.0,16,5,0,0,0,0,0,0,0,,0,36,19,208,10.95,1,27.0,48.8,36.3,,128,,1.69
300,Christine Michael,2TM,RB,25.0,8,2,0,0,0,0,0,54,243,4.5,0,6,3,16,5.33,0,26.0,31.9,27.4,,85,,3.25
301,Chris Conley,KAN,WR,23.0,16,5,0,0,0,0,0,0,0,,0,31,17,199,11.71,1,26.0,45.9,34.4,,129,,1.62
302,Brice Butler,DAL,WR,25.0,7,2,0,0,0,0,0,0,0,,0,26,12,258,21.5,0,26.0,40.8,31.8,,130,,3.71
303,Jamize Olawale,OAK,RB,26.0,14,3,0,0,0,0,0,24,110,4.58,1,11,9,84,9.33,0,25.0,37.4,29.9,,86,,1.79
304,Jonas Gray,2TM,RB,25.0,8,0,0,0,0,0,0,45,176,3.91,0,8,7,76,10.86,0,25.0,35.2,28.7,,87,,3.12
305,Ed Dickson,CAR,TE,28.0,16,11,0,0,0,0,0,0,0,,0,26,17,121,7.12,2,24.0,50.1,38.6,,42,,1.5
306,Craig Stevens,TEN,TE,31.0,16,11,0,0,0,0,0,0,0,,0,16,12,121,10.08,2,24.0,39.1,30.1,,41,,1.5
307,Josh Hill,NOR,TE,25.0,16,7,0,0,0,0,0,0,0,,0,30,16,120,7.5,2,24.0,43.0,32.0,,43,,1.5
308,Michael Hoomanawanui,2TM,TE,27.0,14,8,0,0,0,0,0,1,0,0.0,0,16,11,76,6.91,3,24.0,35.6,29.1,,44,,1.71
309,Matt Asiata,MIN,RB,28.0,16,0,0,0,0,0,0,29,112,3.86,0,22,19,132,6.95,0,24.0,49.4,33.9,,89,,1.5
310,Orleans Darkwa,NYG,RB,23.0,16,0,0,0,0,0,0,36,153,4.25,1,5,3,31,10.33,0,24.0,30.4,25.9,,88,,1.5
311,Damien Williams,MIA,RB,23.0,16,0,0,0,0,0,0,16,59,3.69,0,28,21,142,6.76,1,24.0,49.1,34.6,,90,,1.5
312,Rashad Ross,WAS,WR,25.0,13,0,0,0,0,0,0,0,0,,0,13,8,184,23.0,1,24.0,41.4,34.4,,131,,1.85
313,Stedman Bailey,STL,WR,25.0,8,3,0,0,0,0,0,0,0,,0,25,12,182,15.17,1,24.0,39.2,30.2,,132,,3.0
314,Taylor Gabriel,CLE,WR,24.0,13,4,0,0,0,0,0,0,0,,0,48,28,241,8.61,0,24.0,56.1,38.1,,133,,1.85
315,Landry Jones,PIT,QB,26.0,7,2,32,55,513,3,4,5,-5,-1.0,0,0,0,0,,0,24.0,30.0,26.0,,48,,3.43
316,Virgil Green,DEN,TE,27.0,16,5,0,0,0,0,0,0,0,,0,15,12,173,14.42,1,23.0,38.3,29.3,,45,,1.44
317,Clay Harbor,JAX,TE,28.0,15,2,0,0,0,0,0,0,0,,0,20,14,149,10.64,1,23.0,39.9,29.9,,46,,1.53
318,Marcedes Lewis,JAX,TE,31.0,16,16,0,0,0,0,0,0,0,,0,37,16,226,14.13,0,23.0,41.6,30.6,,47,,1.44
319,Fozzy Whittaker,CAR,RB,26.0,15,1,0,0,0,0,0,25,108,4.32,1,15,12,64,5.33,0,23.0,38.2,29.2,,91,,1.53
320,Patrick DiMarco,ATL,RB,26.0,16,8,0,0,0,0,0,1,0,0.0,0,17,13,110,8.46,2,23.0,39.0,29.5,,92,,1.44
321,Terron Ward,ATL,RB,23.0,13,0,0,0,0,0,0,29,95,3.28,1,13,9,73,8.11,0,23.0,31.8,27.3,,93,,1.77
322,Adam Thielen,MIN,WR,25.0,16,2,0,0,0,0,0,4,89,22.25,0,18,12,144,12.0,0,23.0,38.3,29.3,,135,,1.44
323,Rashad Greene,JAX,WR,23.0,9,0,0,0,0,0,0,0,0,,0,35,19,93,4.89,2,23.0,46.3,36.8,,134,,2.56
324,Griff Whalen,IND,WR,25.0,14,0,0,0,0,0,0,0,0,,0,26,19,205,10.79,1,23.0,46.5,32.0,,136,,1.64
325,T.J. Yates,HOU,QB,28.0,4,2,28,57,370,3,1,6,0,0.0,0,0,0,0,,0,23.0,27.8,23.8,,49,,5.75
326,Taiwan Jones,OAK,RB,27.0,12,0,0,0,0,0,0,16,74,4.63,0,9,7,106,15.14,1,22.0,33.0,25.5,,94,,1.83
327,Branden Oliver,SDG,RB,24.0,8,1,0,0,0,0,0,31,108,3.48,0,15,13,112,8.62,0,22.0,41.0,28.5,,95,,2.75
328,Bennie Fowler,DEN,WR,24.0,16,1,0,0,0,0,0,0,0,,0,25,16,203,12.69,0,22.0,39.3,28.3,,137,,1.38
329,C.J. Fiedorowicz,HOU,TE,24.0,16,14,0,0,0,0,0,0,0,,0,24,17,167,9.82,1,21.0,41.7,29.2,,48,,1.31
330,Zac Stacy,NYJ,RB,24.0,8,0,0,0,0,0,0,31,89,2.87,1,12,9,65,7.22,0,21.0,30.4,25.9,,96,,2.62
331,Terrance West,2TM,RB,24.0,8,0,0,0,0,0,0,62,231,3.73,0,5,4,21,5.25,0,21.0,30.2,23.2,,97,,2.62
332,Bruce Miller,SFO,RB,28.0,16,5,0,0,0,0,0,6,14,2.33,1,14,10,135,13.5,0,21.0,33.9,25.9,,98,,1.31
333,Chris Matthews,2TM,WR,26.0,13,0,0,0,0,0,0,0,0,,0,25,13,151,11.62,1,21.0,37.1,27.6,,138,,1.62
334,Jordan Norwood,DEN,WR,29.0,11,5,0,0,0,0,0,0,0,,0,32,22,207,9.41,0,21.0,45.7,31.7,,139,,1.91
335,Tim Wright,DET,TE,25.0,9,1,0,0,0,0,0,0,0,,0,16,9,77,8.56,2,20.0,28.7,24.2,,49,,2.22
336,John Kuhn,GNB,RB,33.0,16,6,0,0,0,0,0,9,28,3.11,2,10,6,56,9.33,0,20.0,26.4,23.4,,100,,1.25
337,David Cobb,TEN,RB,22.0,7,1,0,0,0,0,0,52,146,2.81,1,2,1,-2,-2.0,0,20.0,24.4,20.9,,99,,2.86
338,Kerwynn Williams,ARI,RB,24.0,6,0,0,0,0,0,0,27,142,5.26,1,2,2,16,8.0,0,20.0,25.8,20.8,,101,,3.33
339,Jalston Fowler,TEN,RB,25.0,16,0,0,0,0,0,0,7,13,1.86,1,6,5,44,8.8,1,20.0,22.7,20.2,,102,,1.25
340,Jaron Brown,ARI,WR,25.0,16,0,0,0,0,0,0,0,0,,0,23,11,144,13.09,1,20.0,34.4,25.9,,140,,1.25
341,Derek Carrier,WAS,WR,25.0,12,11,0,0,0,0,0,0,0,,0,22,17,141,8.29,1,20.0,40.1,28.6,,141,,1.67
342,Louis Murphy,TAM,WR,28.0,6,1,0,0,0,0,0,0,0,,0,18,10,198,19.8,0,20.0,32.8,24.8,,142,,3.33
343,Andre Caldwell,DEN,WR,30.0,14,0,0,0,0,0,0,1,3,3.0,0,22,10,72,7.2,2,20.0,29.5,24.5,,143,,1.43
344,Geno Smith,NYJ,QB,25.0,1,0,27,42,265,2,1,2,34,17.0,0,0,0,0,,0,20.0,21.0,21.0,,50,,20.0
345,Tyler Kroft,CIN,TE,23.0,16,6,0,0,0,0,0,0,0,,0,15,11,129,11.73,1,19.0,32.9,24.4,,50,,1.19
346,Blake Bell,SFO,TE,24.0,14,5,0,0,0,0,0,0,0,,0,25,15,186,12.4,0,19.0,36.6,26.1,,51,,1.36
347,Justin Hardy,ATL,WR,24.0,9,1,0,0,0,0,0,0,0,,0,36,21,194,9.24,0,19.0,43.4,29.9,,144,,2.11
348,Donteea Dye,TAM,WR,22.0,10,6,0,0,0,0,0,0,0,,0,30,11,132,12.0,1,19.0,33.2,24.7,,145,,1.9
349,Javontee Herndon,SDG,WR,24.0,8,2,0,0,0,0,0,1,13,13.0,0,33,24,195,8.13,0,19.0,46.8,30.8,,146,,2.38
350,Austin Davis,CLE,QB,26.0,3,2,56,94,547,1,3,7,33,4.71,0,0,0,0,,0,19.0,27.2,22.2,,51,,6.33
351,Rhett Ellison,MIN,TE,27.0,15,9,0,0,0,0,0,0,0,,0,19,11,124,11.27,1,18.0,32.4,23.9,,52,,1.2
352,Nick Boyle,BAL,TE,22.0,11,2,0,0,0,0,0,0,0,,0,23,18,153,8.5,0,17.0,38.3,26.3,,53,,1.55
353,Dwayne Allen,IND,TE,25.0,13,12,0,0,0,0,0,1,1,1.0,0,29,16,109,6.81,1,17.0,36.0,25.0,,54,,1.31
354,Jake Stoneburner,MIA,TE,26.0,11,1,0,0,0,0,0,0,0,,0,5,5,47,9.4,2,17.0,21.7,19.2,,55,,1.55
355,Dion Sims,MIA,TE,24.0,13,4,0,0,0,0,0,0,0,,0,25,18,127,7.06,1,17.0,38.7,25.7,,56,,1.31
356,Roy Helu,OAK,RB,27.0,9,0,0,0,0,0,0,17,39,2.29,0,16,9,75,8.33,1,17.0,26.4,21.9,,103,,1.89
357,T.J. Jones,DET,WR,23.0,10,0,0,0,0,0,0,1,-3,-3.0,0,18,10,132,13.2,1,17.0,30.9,21.9,,147,,1.7
358,Kenbrell Thompkins,NYJ,WR,27.0,7,2,0,0,0,0,0,0,0,,0,33,17,165,9.71,0,17.0,36.5,25.0,,148,,2.43
359,Knile Davis,KAN,RB,24.0,14,0,0,0,0,0,0,28,72,2.57,1,3,2,24,12.0,0,16.0,17.6,16.6,,104,,1.14
360,Justin Perillo,GNB,WR,24.0,9,0,0,0,0,0,0,0,0,,0,13,11,102,9.27,1,16.0,30.2,21.7,,149,,1.78
361,Devin Smith,NYJ,WR,23.0,10,3,0,0,0,0,0,0,0,,0,28,9,115,12.78,1,16.0,28.5,20.0,,150,,1.6
362,Troy Niklas,ARI,TE,23.0,16,3,0,0,0,0,0,0,0,,0,4,4,33,8.25,2,15.0,19.3,17.3,,57,,0.94
363,Chris Gragg,BUF,TE,25.0,13,4,0,0,0,0,0,0,0,,0,20,12,150,12.5,0,15.0,30.0,21.0,,58,,1.15
364,Anthony Dixon,BUF,RB,28.0,16,1,0,0,0,0,0,21,44,2.1,1,7,6,44,7.33,0,15.0,20.8,17.8,,106,,0.94
365,Pierre Thomas,2TM,RB,31.0,5,0,0,0,0,0,0,15,64,4.27,0,11,9,84,9.33,0,15.0,23.8,19.3,,105,,3.0
366,Devin Street,DAL,WR,24.0,14,2,0,0,0,0,0,0,0,,0,13,7,114,16.29,1,15.0,26.4,18.9,,151,,1.07
367,Tyrell Williams,SDG,WR,23.0,4,0,0,0,0,0,0,0,0,,0,5,2,90,45.0,1,15.0,17.0,16.0,,152,,3.75
368,Myles White,NYG,WR,25.0,12,0,0,0,0,0,0,0,0,,0,20,7,88,12.57,1,15.0,21.8,18.3,,153,,1.25
369,Jesse James,PIT,TE,21.0,8,2,0,0,0,0,0,0,0,,0,11,8,56,7.0,1,14.0,21.6,17.6,,59,,1.75
370,Rex Burkhead,CIN,RB,25.0,16,0,0,0,0,0,0,4,4,1.0,0,15,10,94,9.4,1,14.0,24.8,18.8,,107,,0.88
371,Lorenzo Taliaferro,BAL,RB,24.0,3,0,0,0,0,0,0,13,47,3.62,1,5,5,29,5.8,0,14.0,18.6,16.1,,108,,4.67
372,Akeem Hunt,HOU,RB,22.0,7,1,0,0,0,0,0,17,96,5.65,0,10,6,39,6.5,0,14.0,19.5,16.5,,109,,2.0
373,Marlon Moore,CLE,WR,28.0,14,2,0,0,0,0,0,0,0,,0,10,7,81,11.57,1,14.0,21.1,17.6,,154,,1.0
374,Aaron Dobson,NWE,WR,24.0,8,3,0,0,0,0,0,0,0,,0,21,13,141,10.85,0,14.0,30.1,20.6,,155,,1.75
375,Bruce Ellington,SFO,WR,24.0,13,0,0,0,0,0,0,1,7,7.0,0,19,13,153,11.77,0,14.0,31.0,20.5,,156,,1.08
376,Jason Avant,KAN,WR,32.0,16,1,0,0,0,0,0,0,0,,0,24,15,119,7.93,0,14.0,29.9,19.4,,157,,0.88
377,Andre Roberts,WAS,WR,27.0,9,0,0,0,0,0,0,0,0,,0,21,11,135,12.27,0,14.0,33.5,25.0,,158,,1.56
378,Demetrius Harris,KAN,TE,24.0,16,9,0,0,0,0,0,0,0,,0,11,7,74,10.57,1,13.0,20.4,16.9,,60,,0.81
379,Jack Doyle,IND,TE,25.0,16,2,0,0,0,0,0,0,0,,0,14,12,72,6.0,1,13.0,25.2,19.2,,61,,0.81
380,Chase Coffman,2TM,TE,29.0,2,0,0,0,0,0,0,0,0,,0,11,8,71,8.88,1,13.0,21.1,17.1,,62,,6.5
381,Lee Smith,OAK,TE,28.0,15,15,0,0,0,0,0,0,0,,0,13,12,70,5.83,1,13.0,25.0,19.0,,64,,0.87
382,Cooper Helfet,SEA,TE,26.0,13,2,0,0,0,0,0,0,0,,0,22,13,130,10.0,0,13.0,29.0,19.5,,63,,1.0
383,John Phillips,SDG,TE,28.0,16,5,0,0,0,0,0,0,0,,0,11,10,69,6.9,1,13.0,22.9,17.9,,65,,0.81
384,Brandon Myers,TAM,TE,30.0,11,6,0,0,0,0,0,0,0,,0,17,12,127,10.58,0,13.0,27.7,18.7,,66,,1.18
385,Brandon Pettigrew,DET,TE,30.0,8,8,0,0,0,0,0,0,0,,0,15,7,67,9.57,1,13.0,19.7,16.2,,67,,1.62
386,Bryce Brown,SEA,RB,24.0,3,0,0,0,0,0,0,25,72,2.88,1,2,0,0,,0,13.0,13.2,13.2,,110,,4.33
387,Steven Jackson,NWE,RB,32.0,2,1,0,0,0,0,0,21,50,2.38,1,1,1,20,20.0,0,13.0,14.0,13.5,,111,,6.5
388,Kenjon Barner,PHI,RB,26.0,11,0,0,0,0,0,0,28,124,4.43,0,12,9,22,2.44,0,13.0,25.6,17.1,,113,,1.18
389,Dan Herron,2TM,RB,26.0,10,0,0,0,0,0,0,25,79,3.16,0,10,9,47,5.22,0,13.0,21.6,17.1,,112,,1.3
390,Jared Abbrederis,GNB,WR,25.0,9,0,0,0,0,0,0,0,0,,0,16,9,111,12.33,0,13.0,23.1,15.6,,159,,1.44
391,Ricardo Lockette,SEA,WR,29.0,8,0,0,0,0,0,0,0,0,,0,7,4,69,17.25,1,13.0,16.9,14.9,,161,,1.62
392,Keith Mumphery,HOU,WR,23.0,16,3,0,0,0,0,0,0,0,,0,32,14,129,9.21,0,13.0,29.9,19.9,,160,,0.81
393,Charles Johnson,MIN,WR,26.0,11,4,0,0,0,0,0,0,0,,0,13,9,127,14.11,0,13.0,24.7,17.2,,162,,1.18
394,Luke McCown,NOR,QB,34.0,8,1,32,39,335,0,1,0,0,,0,0,0,0,,0,13.0,15.4,12.4,,52,,1.62
395,Luke Stocker,TAM,TE,27.0,14,13,0,0,0,0,0,0,0,,0,13,9,61,6.78,1,12.0,21.1,16.6,,68,,0.86
396,Tony Moeaki,ATL,TE,28.0,10,0,0,0,0,0,0,0,0,,0,5,3,58,19.33,1,12.0,14.8,13.3,,69,,1.2
397,Cody Latimer,DEN,WR,23.0,14,1,0,0,0,0,0,2,1,0.5,0,11,6,59,9.83,1,12.0,18.0,15.0,,164,,0.86
398,Cameron Meredith,CHI,WR,23.0,11,0,0,0,0,0,0,0,0,,0,16,11,120,10.91,0,12.0,26.0,17.5,,163,,1.09
399,Brandon Tate,CIN,WR,28.0,16,0,0,0,0,0,0,0,0,,0,3,2,59,29.5,1,12.0,13.9,12.9,,165,,0.75
400,Marcus Easley,BUF,WR,28.0,13,0,0,0,0,0,0,0,0,,0,3,1,58,58.0,1,12.0,12.8,12.3,,166,,0.92
401,Darius Jennings,CLE,WR,23.0,4,1,0,0,0,0,0,0,0,,0,21,14,117,8.36,0,12.0,28.7,18.7,,167,,3.0
402,Matt McGloin,OAK,QB,26.0,2,0,23,32,142,2,1,0,0,,0,0,0,0,,0,12.0,11.7,10.7,,53,,6.0
403,Will Tukuafu,SEA,RB,31.0,14,1,0,0,0,0,0,4,1,0.25,1,1,1,7,7.0,1,11.0,12.8,11.3,,114,,0.79
404,Kendall Gaskins,SFO,RB,25.0,9,0,0,0,0,0,0,16,38,2.38,0,10,8,69,8.63,0,11.0,18.7,14.7,,115,,1.22
405,Jerome Simpson,SFO,WR,29.0,5,1,0,0,0,0,0,0,0,,0,19,5,54,10.8,1,11.0,16.4,13.9,,168,,2.2
406,Michael Campanaro,BAL,WR,24.0,4,0,0,0,0,0,0,2,17,8.5,1,6,5,35,7.0,0,11.0,16.2,13.7,,170,,2.75
407,Marlon Brown,BAL,WR,24.0,10,2,0,0,0,0,0,0,0,,0,30,14,112,8.0,0,11.0,28.2,18.2,,169,,1.1
408,Russell Shepard,TAM,WR,25.0,13,1,0,0,0,0,0,0,0,,0,9,3,28,9.33,1,11.0,11.8,10.3,,171,,0.85
409,Gavin Escobar,DAL,TE,24.0,14,4,0,0,0,0,0,0,0,,0,13,8,64,8.0,1,10.0,19.4,14.4,,70,,0.71
410,Michael Burton,DET,TE,23.0,16,7,0,0,0,0,0,4,2,0.5,0,6,6,39,6.5,1,10.0,16.1,13.1,,71,,0.62
411,Ryan Hewitt,CIN,TE,24.0,15,12,0,0,0,0,0,0,0,,0,12,8,99,12.38,0,10.0,17.9,13.9,,72,,0.67
412,Will Johnson,PIT,RB,26.0,16,4,0,0,0,0,0,4,7,1.75,1,4,2,16,8.0,0,10.0,12.3,11.3,,116,,0.62
413,Juwan Thompson,DEN,RB,23.0,15,1,0,0,0,0,0,18,48,2.67,0,9,6,51,8.5,0,10.0,15.9,12.9,,118,,0.67
414,Austin Johnson,NOR,RB,26.0,10,1,0,0,0,0,0,4,9,2.25,1,8,5,30,6.0,0,10.0,14.9,12.4,,117,,1.0
415,Mike Davis,SFO,RB,22.0,6,0,0,0,0,0,0,35,58,1.66,0,13,7,38,5.43,0,10.0,16.6,13.1,,119,,1.67
416,Lucky Whitehead,DAL,WR,23.0,15,1,0,0,0,0,0,10,107,10.7,0,8,6,16,2.67,0,10.0,20.3,13.3,,172,,0.67
417,Wes Welker,STL,WR,34.0,8,0,0,0,0,0,0,0,0,,0,22,13,102,7.85,0,10.0,26.2,16.7,,173,,1.25
418,Brian Quick,STL,WR,26.0,13,3,0,0,0,0,0,0,0,,0,32,10,102,10.2,0,10.0,23.2,15.2,,174,,0.77
419,Brenton Bersin,CAR,WR,25.0,9,2,0,0,0,0,0,0,0,,0,11,9,119,13.22,0,10.0,22.9,14.4,,175,,1.11
420,Josh Freeman,IND,QB,27.0,1,1,15,28,149,1,1,8,24,3.0,0,0,0,0,,0,10.0,11.4,11.4,,54,,10.0
421,Dan Orlovsky,DET,QB,32.0,3,0,22,40,201,1,1,0,0,,0,0,0,0,,0,10.0,11.0,11.0,,55,,3.33
422,Garrett Graham,HOU,TE,29.0,8,2,0,0,0,0,0,0,0,,0,19,4,30,7.5,1,9.0,13.0,11.0,,73,,1.12
423,MyCole Pruitt,MIN,TE,23.0,16,3,0,0,0,0,0,0,0,,0,16,10,89,8.9,0,9.0,18.9,13.9,,74,,0.56
424,James O'Shaughnessy,KAN,TE,23.0,7,3,0,0,0,0,0,0,0,,0,9,6,87,14.5,0,9.0,14.7,11.7,,75,,1.29
425,Stevan Ridley,NYJ,RB,26.0,9,1,0,0,0,0,0,36,90,2.5,0,5,4,-2,-0.5,0,9.0,12.8,10.8,,120,,1.0
426,Colt McCoy,WAS,QB,29.0,1,0,7,11,128,1,0,3,-3,-1.0,0,0,0,0,,0,9.0,8.8,8.8,,56,,9.0
427,James Hanna,DAL,TE,26.0,14,7,0,0,0,0,0,0,0,,0,14,9,79,8.78,0,8.0,16.9,12.4,,76,,0.57
428,Kellen Davis,NYJ,TE,30.0,16,9,0,0,0,0,0,0,0,,0,11,3,18,6.0,1,8.0,10.8,9.3,,77,,0.5
429,Jeff Cumberland,NYJ,TE,28.0,15,6,0,0,0,0,0,0,0,,0,14,5,77,15.4,0,8.0,12.7,10.2,,78,,0.53
430,Zurlon Tipton,IND,RB,25.0,10,0,0,0,0,0,0,5,20,4.0,0,8,5,57,11.4,0,8.0,12.7,10.2,,121,,0.8
431,Deonte Thompson,CHI,WR,26.0,7,0,0,0,0,0,0,0,0,,0,3,2,81,40.5,0,8.0,10.1,9.1,,176,,1.14
432,Chris Owusu,NYJ,WR,25.0,3,2,0,0,0,0,0,0,0,,0,13,6,80,13.33,0,8.0,14.0,11.0,,177,,2.67
433,Jeff Janis,GNB,WR,24.0,16,0,0,0,0,0,0,0,0,,0,12,2,79,39.5,0,8.0,9.9,8.9,,178,,0.5
434,Tre McBride,TEN,WR,23.0,7,0,0,0,0,0,0,1,8,8.0,0,4,2,8,4.0,1,8.0,9.6,8.6,,179,,1.14
435,Alex Tanney,TEN,QB,28.0,1,0,10,14,99,1,0,0,0,,0,0,0,0,,0,8.0,8.0,8.0,,57,,8.0
436,Zach Zenner,DET,RB,24.0,6,1,0,0,0,0,0,17,60,3.53,0,3,2,11,5.5,0,7.0,9.1,8.1,,122,,1.17
437,Toby Gerhart,JAX,RB,28.0,7,1,0,0,0,0,0,20,44,2.2,0,5,3,23,7.67,0,7.0,9.7,8.2,,123,,1.0
438,Bradley Marquez,STL,WR,23.0,16,1,0,0,0,0,0,0,0,,0,22,13,88,6.77,0,7.0,20.8,13.3,,180,,0.44
439,Ryan Nassib,NYG,QB,25.0,1,0,5,5,68,1,0,0,0,,0,0,0,0,,0,7.0,6.7,6.7,,58,,7.0
440,Levine Toilolo,ATL,TE,24.0,16,15,0,0,0,0,0,0,0,,0,12,7,44,6.29,0,6.0,13.4,9.9,,79,,0.38
441,Jim Dray,CLE,TE,29.0,16,10,0,0,0,0,0,0,0,,0,16,6,61,10.17,0,6.0,12.1,9.1,,80,,0.38
442,Daniel Fells,NYG,TE,32.0,2,1,0,0,0,0,0,0,0,,0,7,6,60,10.0,0,6.0,12.0,9.0,,81,,3.0
443,Jerome Cunningham,NYG,TE,24.0,9,3,0,0,0,0,0,0,0,,0,16,8,59,7.38,0,6.0,13.9,9.9,,82,,0.67
444,Fitzgerald Toussaint,PIT,RB,25.0,5,0,0,0,0,0,0,18,42,2.33,0,0,0,0,,0,6.0,6.2,6.2,,124,,1.2
445,Stepfan Taylor,ARI,RB,24.0,16,0,0,0,0,0,0,17,58,3.41,0,3,1,4,4.0,0,6.0,7.2,6.7,,125,,0.38
446,Jarryd Hayne,SFO,RB,27.0,8,1,0,0,0,0,0,17,52,3.06,0,7,6,27,4.5,0,6.0,12.9,8.9,,126,,0.75
447,Tommy Bohanon,NYJ,RB,25.0,16,4,0,0,0,0,0,2,2,1.0,0,8,4,56,14.0,0,6.0,9.8,7.8,,127,,0.38
448,Daniel Brown,BAL,WR,23.0,6,1,0,0,0,0,0,0,0,,0,11,6,64,10.67,0,6.0,12.4,9.4,,181,,1.0
449,Kevin Smith,SEA,WR,24.0,7,1,0,0,0,0,0,0,0,,0,5,3,43,14.33,0,6.0,7.3,5.8,,182,,0.86
450,Corey Fuller,DET,WR,25.0,12,0,0,0,0,0,0,0,0,,0,9,4,76,19.0,0,6.0,10.6,7.6,,183,,0.5
451,Kellen Clemens,SDG,QB,32.0,2,0,5,6,63,1,0,1,-1,-1.0,0,0,0,0,,0,6.0,6.4,6.4,,59,,3.0
452,Ryan Lindley,IND,QB,26.0,1,0,6,10,58,1,0,0,0,,0,0,0,0,,0,6.0,6.3,6.3,,60,,6.0
453,Trey Burton,PHI,TE,24.0,16,0,0,0,0,0,0,0,0,,0,4,3,54,18.0,0,5.0,8.4,6.9,,83,,0.31
454,Anthony Sherman,KAN,RB,27.0,16,2,0,0,0,0,0,1,0,0.0,0,5,4,34,8.5,0,5.0,7.4,5.4,,128,,0.31
455,Josh Robinson,IND,RB,23.0,5,0,0,0,0,0,0,17,39,2.29,0,6,6,33,5.5,0,5.0,12.2,8.2,,129,,1.0
456,Jacquizz Rodgers,CHI,RB,25.0,5,0,0,0,0,0,0,14,41,2.93,0,3,1,10,10.0,0,5.0,6.1,5.6,,131,,1.0
457,Joey Iosefa,NWE,RB,24.0,2,0,0,0,0,0,0,15,51,3.4,0,0,0,0,,0,5.0,5.1,5.1,,130,,2.5
458,Reggie Bush,SFO,RB,30.0,5,1,0,0,0,0,0,8,28,3.5,0,10,4,19,4.75,0,5.0,8.7,6.7,,132,,1.0
459,Hakeem Nicks,NYG,WR,27.0,6,2,0,0,0,0,0,0,0,,0,14,7,54,7.71,0,5.0,12.4,8.9,,184,,0.83
460,Dwayne Bowe,CLE,WR,31.0,7,0,0,0,0,0,0,0,0,,0,13,5,53,10.6,0,5.0,10.3,7.8,,185,,0.71
461,Nick O'Leary,BUF,TE,23.0,4,0,0,0,0,0,0,0,0,,0,3,1,37,37.0,0,4.0,4.7,4.2,,84,,1.0
462,Terrelle Pryor,CLE,WR,26.0,3,2,0,0,0,0,0,1,-1,-1.0,0,8,1,42,42.0,0,4.0,5.1,4.6,,186,,1.33
463,Greg Salas,BUF,WR,27.0,2,0,0,0,0,0,0,0,0,,0,5,3,41,13.67,0,4.0,7.1,5.6,,187,,2.0
464,Preston Parker,NYG,WR,28.0,2,1,0,0,0,0,0,0,0,,0,12,5,40,8.0,0,4.0,9.0,6.5,,188,,2.0
465,Paul Richardson,SEA,WR,23.0,1,0,0,0,0,0,0,0,0,,0,1,1,40,40.0,0,4.0,5.0,4.5,,189,,4.0
466,Charlie Whitehurst,2TM,QB,33.0,5,0,16,32,150,0,1,2,1,0.5,0,0,0,0,,0,4.0,5.1,5.1,,61,,0.8
467,Rob Housler,2TM,TE,27.0,10,0,0,0,0,0,0,0,0,,0,7,4,33,8.25,0,3.0,7.3,5.3,,85,,0.3
468,Jake Fisher,CIN,TE,22.0,14,1,0,0,0,0,0,0,0,,0,5,1,31,31.0,0,3.0,4.1,3.6,,86,,0.21
469,Andrew Quarless,GNB,TE,27.0,5,1,0,0,0,0,0,0,0,,0,5,4,31,7.75,0,3.0,7.1,5.1,,87,,0.6
470,Cory Harkey,STL,TE,25.0,16,6,0,0,0,0,0,0,0,,0,6,5,26,5.2,0,3.0,7.6,5.1,,88,,0.19
471,Jay Prosch,HOU,RB,23.0,16,2,0,0,0,0,0,6,33,5.5,0,1,0,0,,0,3.0,3.3,3.3,,133,,0.19
472,Darrel Young,WAS,RB,28.0,16,3,0,0,0,0,0,6,10,1.67,0,6,6,22,3.67,0,3.0,9.2,6.2,,134,,0.19
473,Derrick Coleman,SEA,RB,25.0,14,3,0,0,0,0,0,8,32,4.0,0,1,1,0,0.0,0,3.0,4.2,3.7,,135,,0.21
474,Jeremy Ross,2TM,WR,27.0,11,0,0,0,0,0,0,1,2,2.0,0,14,9,88,9.78,0,3.0,15.0,7.5,,190,,0.27
475,Rod Streater,OAK,WR,27.0,1,0,0,0,0,0,0,0,0,,0,1,1,8,8.0,0,3.0,1.8,1.3,,191,,3.0
476,B.J. Daniels,2TM,WR,26.0,8,0,1,2,7,0,0,6,6,1.0,0,2,2,18,9.0,0,3.0,4.7,3.7,,192,,0.38
477,Michael Williams,NWE,WR,25.0,15,9,0,0,0,0,0,0,0,,0,6,3,26,8.67,0,3.0,5.6,4.1,,193,,0.2
478,Andrew Turzilli,TEN,WR,,3,0,0,0,0,0,0,0,0,,0,2,2,25,12.5,0,3.0,4.5,3.5,,194,,1.0
479,Matt LaCosse,NYG,TE,23.0,2,0,0,0,0,0,0,0,0,,0,3,3,22,7.33,0,2.0,5.2,3.7,,89,,1.0
480,Jordan Todman,PIT,RB,25.0,11,0,0,0,0,0,0,4,22,5.5,0,2,0,0,,0,2.0,2.2,2.2,,136,,0.18
481,John Crockett,GNB,RB,23.0,2,0,0,0,0,0,0,9,21,2.33,0,0,0,0,,0,2.0,2.1,2.1,,137,,1.0
482,Tyler Varga,IND,RB,22.0,3,0,0,0,0,0,0,1,2,2.0,0,2,1,18,18.0,0,2.0,3.0,2.5,,138,,0.67
483,Alonzo Harris,GNB,RB,23.0,6,0,0,0,0,0,0,4,19,4.75,0,1,0,0,,0,2.0,1.9,1.9,,139,,0.33
484,Aaron Ripkowski,GNB,RB,23.0,15,0,0,0,0,0,0,0,0,,0,1,1,18,18.0,0,2.0,2.8,2.3,,141,,0.13
485,Bernard Pierce,JAX,RB,24.0,7,0,0,0,0,0,0,6,11,1.83,0,5,3,7,2.33,0,2.0,4.8,3.3,,140,,0.29
486,Roosevelt Nix,PIT,RB,23.0,15,3,0,0,0,0,0,0,0,,0,3,2,16,8.0,0,2.0,3.6,2.6,,142,,0.13
487,Malcolm Brown,STL,RB,,1,0,0,0,0,0,0,4,17,4.25,0,1,1,-2,-2.0,0,2.0,2.5,2.0,,143,,2.0
488,Malcolm Johnson,CLE,RB,23.0,12,5,0,0,0,0,0,0,0,,0,6,4,15,3.75,0,2.0,5.5,3.5,,144,,0.17
489,Marquise Goodwin,BUF,WR,25.0,2,0,0,0,0,0,0,0,0,,0,2,2,24,12.0,0,2.0,4.4,3.4,,196,,1.0
490,T.J. Graham,NOR,WR,26.0,4,0,0,0,0,0,0,0,0,,0,4,4,24,6.0,0,2.0,6.4,4.4,,195,,0.5
491,Vincent Brown,SDG,WR,26.0,1,0,0,0,0,0,0,0,0,,0,2,1,22,22.0,0,2.0,3.2,2.7,,197,,2.0
492,Geremy Davis,NYG,WR,23.0,10,0,0,0,0,0,0,0,0,,0,3,2,21,10.5,0,2.0,4.1,3.1,,198,,0.2
493,Darren Waller,BAL,WR,23.0,6,1,0,0,0,0,0,0,0,,0,6,2,18,9.0,0,2.0,3.8,2.8,,200,,0.33
494,DeAndrew White,SFO,WR,,4,0,0,0,0,0,0,0,0,,0,2,2,18,9.0,0,2.0,3.8,2.8,,199,,0.5
495,Tyler Murphy,PIT,WR,23.0,2,0,0,0,0,0,0,0,0,,0,1,1,16,16.0,0,2.0,2.6,2.1,,201,,1.0
496,Mario Alford,CIN,WR,23.0,1,0,0,0,0,0,0,0,0,,0,1,1,15,15.0,0,2.0,2.5,2.0,,202,,2.0
497,Eric Weems,ATL,WR,30.0,16,0,0,0,0,0,0,1,4,4.0,0,1,1,11,11.0,0,2.0,2.5,2.0,,203,,0.12
498,Phillip Supernaw,TEN,TE,25.0,16,1,0,0,0,0,0,0,0,,0,4,3,32,10.67,0,1.0,5.2,2.7,,90,,0.06
499,Scott Simonson,CAR,TE,23.0,9,0,0,0,0,0,0,0,0,,0,1,1,10,10.0,0,1.0,2.0,1.5,,91,,0.11
500,Matt Spaeth,PIT,TE,32.0,13,7,0,0,0,0,0,0,0,,0,3,2,10,5.0,0,1.0,3.0,2.0,,92,,0.08
501,Kendall Lamm,HOU,TE,23.0,15,4,0,0,0,0,0,0,0,,0,1,1,7,7.0,0,1.0,1.7,1.2,,95,,0.07
502,Khari Lee,CHI,TE,23.0,16,7,0,0,0,0,0,0,0,,0,3,1,7,7.0,0,1.0,1.7,1.2,,93,,0.06
503,E.J. Bibbs,CLE,TE,24.0,7,0,0,0,0,0,0,0,0,,0,2,1,7,7.0,0,1.0,1.7,1.2,,94,,0.14
504,Brian Parker,KAN,TE,23.0,9,0,0,0,0,0,0,0,0,,0,2,1,6,6.0,0,1.0,1.6,1.1,,97,,0.11
505,Nic Jacobs,JAX,TE,24.0,11,3,0,0,0,0,0,0,0,,0,3,1,6,6.0,0,1.0,1.6,1.1,,96,,0.09
506,Jerome Felton,BUF,RB,29.0,16,8,0,0,0,0,0,1,2,2.0,0,2,1,12,12.0,0,1.0,2.4,1.9,,146,,0.06
507,Bobby Rainey,TAM,RB,28.0,16,0,0,0,0,0,0,5,18,3.6,0,3,3,16,5.33,0,1.0,5.4,2.9,,145,,0.06
508,Jorvorskie Lane,TAM,RB,28.0,16,6,0,0,0,0,0,1,0,0.0,0,2,2,13,6.5,0,1.0,3.3,2.3,,147,,0.06
509,Trey Williams,IND,RB,23.0,2,0,0,0,0,0,0,2,12,6.0,0,0,0,0,,0,1.0,1.2,1.2,,148,,0.5
510,Antone Smith,CHI,RB,30.0,5,0,0,0,0,0,0,1,11,11.0,0,0,0,0,,0,1.0,1.1,1.1,,149,,0.2
511,Rod Smith,2TM,RB,23.0,11,0,0,0,0,0,0,2,5,2.5,0,2,1,6,6.0,0,1.0,2.1,1.6,,150,,0.09
512,Terrence Magee,BAL,RB,22.0,3,0,0,0,0,0,0,2,5,2.5,0,1,1,2,2.0,0,1.0,1.7,1.2,,151,,0.33
513,Chandler Worthy,HOU,WR,22.0,3,0,0,0,0,0,0,0,0,,0,4,3,14,4.67,0,1.0,4.4,2.9,,204,,0.33
514,Kasen Williams,SEA,WR,,2,0,0,0,0,0,0,1,5,5.0,0,1,1,8,8.0,0,1.0,2.3,1.8,,205,,0.5
515,Jonathan Krause,PHI,WR,23.0,2,0,0,0,0,0,0,0,0,,0,4,2,11,5.5,0,1.0,3.1,2.1,,206,,0.5
516,Sammie Coates,PIT,WR,22.0,7,0,0,0,0,0,0,0,0,,0,2,1,11,11.0,0,1.0,2.1,1.6,,207,,0.14
517,Ben Edwards,NYG,WR,23.0,2,0,0,0,0,0,0,0,0,,0,2,1,9,9.0,0,1.0,1.9,1.4,,208,,0.5
518,Tony Washington,JAX,WR,25.0,4,0,0,0,0,0,0,1,8,8.0,0,0,0,0,,0,1.0,0.8,0.8,,209,,0.25
519,Damaris Johnson,NWE,WR,26.0,1,0,0,0,0,0,0,1,6,6.0,0,0,0,0,,0,1.0,0.6,0.6,,210,,1.0
520,Cordarrelle Patterson,MIN,WR,24.0,16,1,0,0,0,0,0,2,15,7.5,0,2,2,10,5.0,0,1.0,15.5,13.5,,212,,0.06
521,Brittan Golden,ARI,WR,27.0,16,0,0,0,0,0,0,0,0,,0,1,1,5,5.0,0,1.0,1.5,1.0,,211,,0.06
522,Derek Anderson,CAR,QB,32.0,3,0,4,6,36,0,0,7,-2,-0.29,0,0,0,0,,0,1.0,1.2,1.2,,63,,0.33
523,Sean Mannion,STL,QB,23.0,1,0,6,7,31,0,0,0,0,,0,0,0,0,,0,1.0,1.2,1.2,,62,,1.0
524,Tarvaris Jackson,SEA,QB,32.0,4,0,4,6,37,0,0,8,-8,-1.0,0,0,0,0,,0,1.0,0.7,0.7,,64,,0.25
525,David Johnson,SDG,TE,28.0,16,4,0,0,0,0,0,2,4,2.0,0,2,1,4,4.0,0,-1.0,0.8,-0.7,,119,,-0.06
526,Corey Grant,JAX,RB,24.0,6,0,0,0,0,0,0,6,2,0.33,0,3,2,13,6.5,0,-1.0,2.5,0.5,,164,,-0.17
527,Chris Harper,NWE,WR,22.0,5,0,0,0,0,0,0,0,0,,0,3,1,6,6.0,0,-1.0,0.6,-0.9,,230,,-0.2
528,Drew Stanton,ARI,QB,31.0,7,0,11,25,104,0,2,13,-13,-1.0,0,0,0,0,,0,-1.0,0.9,0.9,,73,,-0.14
529,Isaiah Pead,STL,RB,26.0,2,0,0,0,0,0,0,2,3,1.5,0,0,0,0,,0,-2.0,-0.7,-1.7,,165,,-1.0
530,Marcus Murphy,NOR,RB,24.0,13,0,0,0,0,0,0,1,0,0.0,0,0,0,0,,0,-2.0,5.0,4.0,,166,,-0.15
531,Raheem Mostert,3TM,,23.0,11,0,0,0,0,0,0,0,0,,0,0,0,0,,0,-2.0,-1.0,-2.0,,167,,-0.18
532,Frankie Hammond,KAN,,25.0,10,0,0,0,0,0,0,0,0,,0,0,0,0,,0,-2.0,-1.0,-2.0,,231,,-0.2
533,Glenn Winston,CLE,RB,26.0,3,0,0,0,0,0,0,1,-8,-8.0,0,0,0,0,,0,-3.0,-1.8,-2.8,,168,,-1.0
534,Marcus Thigpen,2TM,WR,29.0,9,0,0,0,0,0,0,1,-1,-1.0,0,0,0,0,,0,-4.0,-2.1,-4.1,,232,,-0.44
535,Richie Brockel,CAR,,29.0,2,0,0,0,0,0,0,0,0,,0,0,0,0,,0,,,,,3,77.0,
536,Toben Opurum,NOR,,25.0,2,0,0,0,0,0,0,0,0,,0,0,0,0,,0,,,,,2,,
537,Nikita Whitlock,NYG,,24.0,14,5,0,0,0,0,0,0,0,,0,0,0,0,,0,,,,,1,,
538,C.J. Uzomah,CIN,TE,22.0,5,0,0,0,0,0,0,0,0,,0,1,1,4,4.0,0,,1.4,0.9,,99,,
539,Brian Leonhardt,SFO,TE,25.0,4,0,0,0,0,0,0,0,0,,0,1,1,4,4.0,0,,1.4,0.9,,98,,
540,Matthew Mulligan,BUF,TE,30.0,12,5,0,0,0,0,0,0,0,,0,1,1,2,2.0,0,,1.2,0.7,,100,,
541,MarQueis Gray,BUF,TE,26.0,4,0,0,0,0,0,0,0,0,,0,1,1,2,2.0,0,,1.2,0.7,,101,,
542,Asante Cleveland,NWE,TE,23.0,4,1,0,0,0,0,0,0,0,,0,1,1,1,1.0,0,,1.1,0.6,,102,,
543,Anthony McCoy,2TM,,28.0,8,3,0,0,0,0,0,0,0,,0,0,0,0,,0,,,,,116,,
544,Mike Leach,ARI,,39.0,16,0,0,0,0,0,0,0,0,,0,0,0,0,,0,,,,,115,,
545,Marcel Jensen,WAS,,25.0,1,0,0,0,0,0,0,0,0,,0,0,0,0,,0,,,,,111,,
546,Mickey Shuler,ATL,,29.0,1,0,0,0,0,0,0,0,0,,0,0,0,0,,0,,,,,109,,
547,Clark Harris,CIN,,31.0,16,0,0,0,0,0,0,0,0,,0,0,0,0,,0,,,,,105,,
548,Wes Saxton,NYJ,,22.0,1,0,0,0,0,0,0,0,0,,0,0,0,0,,0,,,,,106,,
549,Anthony Denham,HOU,,24.0,1,0,0,0,0,0,0,0,0,,0,0,0,0,,0,,,,,104,,
550,Brandon Williams,2TM,,28.0,6,0,0,0,0,0,0,0,0,,0,0,0,0,,0,,,,,113,,
