Rk,Name,Tm,FantPos,Age,G,GS,Cmp,PassAtt,PassYds,PassTD,Int,RushAtt,RushYds,Y/A,RushTD,Tgt,Rec,RecYds,Y/R,RecTD,FantPprPt,DKPt,FDPt,VBD,PosRank,OvRank,FantPprPtpg
1,Aaron Rodgers,GNB,QB,31,16,16.0,341.0,520.0,4381.0,38.0,5.0,43.0,269.0,6.26,2.0,0.0,0.0,0.0,,0.0,358.0,367.1,359.1,93.0,1,12.0,22.38
2,Andrew Luck,IND,QB,25,16,16.0,380.0,616.0,4761.0,40.0,16.0,64.0,273.0,4.27,3.0,0.0,0.0,0.0,,0.0,356.0,379.7,367.7,90.0,2,13.0,22.25
3,Russell Wilson,SEA,QB,26,16,16.0,285.0,452.0,3475.0,20.0,7.0,118.0,849.0,7.19,6.0,1.0,1.0,17.0,17.0,0.0,333.0,343.6,337.1,66.0,3,21.0,20.81
4,Peyton Manning,DEN,QB,38,16,16.0,395.0,597.0,4727.0,39.0,15.0,24.0,-24.0,-1.0,0.0,0.0,0.0,0.0,,0.0,313.0,332.7,327.7,47.0,4,32.0,19.56
5,Ben Roethlisberger,PIT,QB,32,16,16.0,408.0,608.0,4952.0,32.0,9.0,33.0,27.0,0.82,0.0,0.0,0.0,-6.0,,0.0,310.0,323.2,315.2,45.0,5,35.0,19.38
6,Drew Brees,NOR,QB,35,16,16.0,456.0,659.0,4952.0,33.0,17.0,27.0,68.0,2.52,1.0,1.0,1.0,1.0,1.0,0.0,306.0,327.0,320.5,39.0,6,39.0,19.12
7,DeMarco Murray,DAL,RB,26,16,16.0,0.0,0.0,0.0,0.0,0.0,392.0,1845.0,4.71,13.0,64.0,57.0,416.0,7.3,0.0,351.0,362.1,322.6,173.0,1,1.0,21.94
8,Le'Veon Bell,PIT,RB,22,16,16.0,0.0,0.0,0.0,0.0,0.0,290.0,1361.0,4.69,8.0,105.0,83.0,854.0,10.29,3.0,371.0,376.5,329.0,167.0,2,2.0,23.19
9,Matt Ryan,ATL,QB,29,16,16.0,415.0,628.0,4694.0,28.0,14.0,29.0,145.0,5.0,0.0,0.0,0.0,0.0,,0.0,284.0,306.3,298.3,19.0,7,54.0,17.75
10,Tom Brady,NWE,QB,37,16,16.0,373.0,582.0,4109.0,33.0,9.0,36.0,57.0,1.58,0.0,0.0,0.0,0.0,,0.0,280.0,293.1,287.1,14.0,8,58.0,17.5
11,Ryan Tannehill,MIA,QB,26,16,16.0,392.0,590.0,4045.0,27.0,12.0,56.0,311.0,5.55,1.0,1.0,1.0,-4.0,-4.0,0.0,280.0,299.5,291.0,13.0,9,61.0,17.5
12,Eli Manning,NYG,QB,33,16,16.0,379.0,601.0,4410.0,30.0,14.0,12.0,31.0,2.58,1.0,0.0,0.0,0.0,,0.0,270.0,290.5,283.5,4.0,10,69.0,16.88
13,Tony Romo,DAL,QB,34,15,15.0,324.3,464.0,3952.0,36.3,9.6,27.7,65.1,2.35,0.0,0.0,0.0,0.0,,0.0,283.7,281.3,275.3,1.0,11,73.0,17.73
14,Philip Rivers,SDG,QB,33,16,16.0,379.0,570.0,4286.0,31.0,18.0,37.0,102.0,2.76,0.0,0.0,0.0,0.0,,0.0,266.0,291.6,283.6,,12,75.0,16.62
15,Marshawn Lynch,SEA,RB,28,16,14.0,0.0,0.0,0.0,0.0,0.0,280.0,1306.0,4.66,13.0,48.0,37.0,367.0,9.92,4.0,302.0,310.3,283.8,144.0,3,3.0,18.88
16,Joe Flacco,BAL,QB,29,16,16.0,344.0,554.0,3986.0,27.0,12.0,39.0,70.0,1.79,2.0,0.0,0.0,0.0,,0.0,262.0,277.4,274.4,,13,,16.38
17,Jay Cutler,CHI,QB,31,15,15.0,394.7,598.4,4066.1,29.9,19.2,41.6,203.7,4.9,2.1,0.0,0.0,0.0,,0.0,273.1,285.6,273.6,,14,,17.07
18,Matthew Stafford,DET,QB,26,16,16.0,363.0,602.0,4257.0,22.0,12.0,43.0,93.0,2.16,2.0,0.0,0.0,0.0,,0.0,254.0,269.6,263.6,,15,,15.88
19,Antonio Brown,PIT,WR,26,16,16.0,2.0,2.0,20.0,1.0,0.0,4.0,13.0,3.25,0.0,181.0,129.0,1698.0,13.16,13.0,381.0,391.9,322.4,130.0,1,4.0,23.81
20,Colin Kaepernick,SFO,QB,27,16,16.0,289.0,478.0,3369.0,19.0,10.0,104.0,639.0,6.14,1.0,0.0,0.0,0.0,,0.0,251.0,271.7,260.7,,16,,15.69
21,Cam Newton,CAR,QB,25,14,14.0,299.4,512.0,3573.7,20.6,13.7,117.7,616.0,5.23,5.7,0.0,0.0,0.0,,0.0,284.6,272.0,261.0,,17,,17.79
22,Matt Forte,CHI,RB,29,16,16.0,0.0,0.0,0.0,0.0,0.0,266.0,1038.0,3.9,6.0,130.0,102.0,808.0,7.92,4.0,347.0,354.6,295.6,124.0,4,5.0,21.69
23,Arian Foster,HOU,RB,28,13,13.0,1.2,1.2,6.2,1.2,0.0,320.0,1533.5,4.79,9.8,72.6,46.8,402.5,8.61,6.2,337.2,281.5,254.5,115.0,5,6.0,21.08
24,Eddie Lacy,GNB,RB,24,16,16.0,0.0,0.0,0.0,0.0,0.0,246.0,1139.0,4.63,9.0,55.0,42.0,427.0,10.17,4.0,273.0,280.6,251.6,110.0,6,7.0,17.06
25,Jordy Nelson,GNB,WR,29,16,16.0,0.0,0.0,0.0,0.0,0.0,0.0,0.0,,0.0,151.0,98.0,1519.0,15.5,13.0,328.0,330.9,278.9,108.0,2,8.0,20.5
26,Demaryius Thomas,DEN,WR,27,16,16.0,0.0,0.0,0.0,0.0,0.0,0.0,0.0,,0.0,184.0,111.0,1619.0,14.59,11.0,341.0,343.9,285.4,108.0,3,9.0,21.31
27,Dez Bryant,DAL,WR,26,16,16.0,0.0,0.0,0.0,0.0,0.0,0.0,0.0,,0.0,136.0,88.0,1320.0,15.0,16.0,316.0,319.0,272.0,106.0,4,10.0,19.75
28,Andy Dalton,CIN,QB,27,16,16.0,309.0,481.0,3398.0,19.0,17.0,60.0,169.0,2.82,4.0,1.0,1.0,18.0,18.0,1.0,226.0,250.6,242.1,,18,,14.12
29,Alex Smith,KAN,QB,30,15,15.0,323.2,494.9,3482.7,19.2,6.4,52.3,270.9,5.18,1.1,0.0,0.0,0.0,,0.0,238.9,233.0,226.0,,19,,14.93
30,Jamaal Charles,KAN,RB,28,15,15.0,0.0,0.0,0.0,0.0,0.0,219.7,1101.9,5.01,9.6,62.9,42.7,310.4,7.28,5.3,266.7,259.4,230.4,89.0,7,14.0,16.67
31,Justin Forsett,BAL,RB,29,16,14.0,0.0,0.0,0.0,0.0,0.0,235.0,1266.0,5.39,8.0,59.0,44.0,263.0,5.98,0.0,249.0,252.9,224.9,84.0,8,15.0,15.56
32,Odell Beckham,NYG,WR,22,12,11.0,0.0,1.3,0.0,0.0,0.0,9.3,46.7,5.0,0.0,173.3,121.3,1740.0,14.34,16.0,393.3,299.0,249.5,82.0,5,16.0,24.58
33,Randall Cobb,GNB,WR,24,16,16.0,0.0,0.0,0.0,0.0,0.0,11.0,37.0,3.36,0.0,127.0,91.0,1287.0,14.14,12.0,293.0,298.4,247.9,81.0,6,17.0,18.31
34,Emmanuel Sanders,DEN,WR,27,16,16.0,0.0,0.0,0.0,0.0,0.0,8.0,44.0,5.5,0.0,141.0,101.0,1404.0,13.9,9.0,302.0,304.8,251.3,79.0,7,18.0,18.88
35,Julio Jones,ATL,WR,25,15,15.0,0.0,0.0,0.0,0.0,0.0,1.1,1.1,1.0,0.0,173.9,110.9,1699.2,15.32,6.4,316.8,301.4,245.4,72.0,8,19.0,19.8
36,Jeremy Maclin,PHI,WR,26,16,16.0,0.0,0.0,0.0,0.0,0.0,0.0,0.0,,0.0,143.0,85.0,1318.0,15.51,10.0,277.0,279.8,234.3,70.0,9,20.0,17.31
37,Derek Carr,OAK,QB,23,16,16.0,348.0,599.0,3270.0,21.0,12.0,29.0,92.0,3.17,0.0,1.0,0.0,0.0,,0.0,192.0,211.0,204.0,,20,,12.0
38,Lamar Miller,MIA,RB,23,16,16.0,0.0,0.0,0.0,0.0,0.0,216.0,1099.0,5.09,8.0,52.0,38.0,275.0,7.24,1.0,223.0,232.4,204.4,64.0,9,22.0,13.94
39,Rob Gronkowski,NWE,TE,25,15,10.0,0.0,0.0,0.0,0.0,0.0,0.0,0.0,,0.0,139.7,87.5,1198.9,13.71,12.8,283.7,269.4,225.4,94.0,1,11.0,17.73
40,Jeremy Hill,CIN,RB,22,16,8.0,0.0,0.0,0.0,0.0,0.0,222.0,1124.0,5.06,9.0,32.0,27.0,215.0,7.96,0.0,211.0,218.9,197.4,63.0,10,24.0,13.19
41,Ryan Fitzpatrick,HOU,QB,32,12,12.0,262.7,416.0,3310.7,22.7,10.7,66.7,245.3,3.68,2.7,0.0,0.0,0.0,,0.0,240.0,194.7,187.7,,21,,15.0
42,Teddy Bridgewater,MIN,QB,22,13,12.0,318.8,494.8,3592.6,17.2,14.8,57.8,257.2,4.45,1.2,0.0,0.0,0.0,,0.0,221.5,197.7,191.7,,22,,13.85
43,T.Y. Hilton,IND,WR,25,15,15.0,0.0,0.0,0.0,0.0,0.0,2.1,21.3,10.0,0.0,139.7,87.5,1434.7,16.4,7.5,278.4,262.5,217.5,57.0,10,25.0,17.4
44,C.J. Anderson,DEN,RB,23,15,7.0,0.0,0.0,0.0,0.0,0.0,190.9,905.6,4.74,8.5,46.9,36.3,345.6,9.53,2.1,225.1,217.3,194.3,56.0,11,26.0,14.07
45,Mike Evans,TAM,WR,21,15,15.0,0.0,0.0,0.0,0.0,0.0,0.0,0.0,,0.0,130.1,72.5,1121.1,15.46,12.8,261.3,248.1,211.1,56.0,11,27.0,16.33
46,Alshon Jeffery,CHI,WR,24,16,16.0,0.0,0.0,0.0,0.0,0.0,6.0,33.0,5.5,0.0,145.0,85.0,1133.0,13.33,10.0,262.0,264.6,219.1,55.0,12,28.0,16.38
47,Kyle Orton,BUF,QB,32,12,12.0,382.7,596.0,4024.0,24.0,13.3,20.0,18.7,0.93,1.3,0.0,0.0,0.0,,0.0,234.7,192.1,186.1,,23,,14.67
48,Blake Bortles,JAX,QB,22,14,13.0,320.0,542.9,3323.4,12.6,19.4,64.0,478.9,7.48,0.0,0.0,0.0,0.0,,0.0,198.9,192.2,185.2,,24,,12.43
49,LeSean McCoy,PHI,RB,26,16,16.0,0.0,0.0,0.0,0.0,0.0,312.0,1319.0,4.23,5.0,37.0,28.0,155.0,5.54,0.0,199.0,208.4,185.4,50.0,12,30.0,12.44
50,Alfred Morris,WAS,RB,26,16,16.0,0.0,0.0,0.0,0.0,0.0,265.0,1074.0,4.05,8.0,26.0,17.0,155.0,9.12,0.0,188.0,193.9,179.4,50.0,13,31.0,11.75
51,Joique Bell,DET,RB,28,15,6.0,0.0,0.0,0.0,0.0,0.0,237.9,917.3,3.86,7.5,56.5,36.3,343.5,9.47,1.1,213.3,205.2,181.2,45.0,14,34.0,13.33
52,Mark Ingram,NOR,RB,25,13,9.0,0.0,0.0,0.0,0.0,0.0,278.2,1186.5,4.27,11.1,44.3,35.7,178.5,5.0,0.0,236.3,198.9,177.4,42.0,15,36.0,14.77
53,Golden Tate,DET,WR,26,16,16.0,0.0,0.0,0.0,0.0,0.0,5.0,30.0,6.0,0.0,144.0,99.0,1331.0,13.44,4.0,261.0,262.1,209.6,41.0,13,38.0,16.31
54,Brian Hoyer,CLE,QB,29,14,13.0,276.6,500.6,3801.1,13.7,14.9,27.4,44.6,1.63,0.0,0.0,0.0,0.0,,0.0,181.7,173.9,169.9,,25,,11.36
55,Geno Smith,NYJ,QB,24,14,13.0,250.3,419.4,2885.7,14.9,14.9,67.4,272.0,4.03,1.1,1.1,0.0,0.0,,0.0,179.4,172.8,163.8,,26,,11.21
56,Calvin Johnson,DET,WR,29,13,13.0,0.0,0.0,0.0,0.0,0.0,0.0,0.0,,0.0,157.5,87.4,1325.5,15.17,9.8,279.4,229.7,191.2,34.0,14,41.0,17.46
57,DeAndre Hopkins,HOU,WR,22,16,16.0,0.0,0.0,0.0,0.0,0.0,0.0,0.0,,0.0,127.0,76.0,1210.0,15.92,6.0,231.0,235.0,193.0,33.0,15,42.0,14.44
58,Kelvin Benjamin,CAR,WR,23,16,15.0,0.0,0.0,0.0,0.0,0.0,0.0,0.0,,0.0,145.0,73.0,1008.0,13.81,9.0,228.0,229.8,189.3,33.0,16,43.0,14.25
59,Antonio Gates,SDG,TE,34,16,14.0,0.0,0.0,0.0,0.0,0.0,0.0,0.0,,0.0,98.0,69.0,821.0,11.9,12.0,223.0,226.1,188.6,64.0,2,23.0,13.94
60,DeSean Jackson,WAS,WR,28,15,13.0,0.0,0.0,0.0,0.0,0.0,4.3,7.5,1.75,0.0,101.3,59.7,1246.9,20.88,6.4,224.0,212.6,181.6,32.0,17,44.0,14.0
61,Matt Asiata,MIN,RB,27,15,9.0,0.0,0.0,0.0,0.0,0.0,174.9,608.0,3.48,9.6,67.2,46.9,332.8,7.09,1.1,206.9,201.2,172.2,29.0,16,46.0,12.93
62,Frank Gore,SFO,RB,31,16,16.0,0.0,0.0,0.0,0.0,0.0,255.0,1106.0,4.34,4.0,19.0,11.0,111.0,10.09,1.0,159.0,166.7,153.2,27.0,17,47.0,9.94
63,Mike Wallace,MIA,WR,28,16,16.0,0.0,1.0,0.0,0.0,0.0,4.0,16.0,4.0,0.0,115.0,67.0,862.0,12.87,10.0,213.0,216.8,179.3,24.0,18,48.0,13.31
64,Jimmy Graham,NOR,TE,28,16,13.0,0.0,0.0,0.0,0.0,0.0,0.0,0.0,,0.0,125.0,85.0,889.0,10.46,10.0,230.0,234.9,187.4,55.0,3,29.0,14.38
65,Giovani Bernard,CIN,RB,23,13,9.0,0.0,0.0,0.0,0.0,0.0,206.8,836.9,4.05,6.2,72.6,52.9,429.5,8.12,2.5,231.4,193.9,166.4,24.0,18,49.0,14.46
66,Torrey Smith,BAL,WR,25,16,16.0,0.0,0.0,0.0,0.0,0.0,0.0,0.0,,0.0,92.0,49.0,767.0,15.65,11.0,192.0,194.7,167.2,21.0,19,51.0,12.0
67,Steve Smith,BAL,WR,35,16,16.0,0.0,0.0,0.0,0.0,0.0,0.0,0.0,,0.0,134.0,79.0,1065.0,13.48,6.0,220.0,223.5,180.0,19.0,20,53.0,13.75
68,Mark Sanchez,PHI,QB,28,9,8.0,352.0,549.3,4298.7,24.9,19.6,60.4,154.7,2.56,1.8,0.0,0.0,0.0,,0.0,247.1,156.4,150.4,,27,,15.44
69,Greg Olsen,CAR,TE,29,16,16.0,0.0,0.0,0.0,0.0,0.0,0.0,0.0,,0.0,123.0,84.0,1008.0,12.0,6.0,221.0,223.8,178.8,47.0,4,33.0,13.81
70,Anquan Boldin,SFO,WR,34,16,16.0,0.0,1.0,0.0,0.0,0.0,1.0,4.0,4.0,0.0,130.0,83.0,1062.0,12.8,5.0,220.0,222.6,178.1,15.0,22,55.0,13.75
71,Brandon LaFell,NWE,WR,28,16,13.0,0.0,0.0,0.0,0.0,0.0,2.0,13.0,6.5,0.0,119.0,74.0,953.0,12.88,7.0,211.0,214.6,173.6,15.0,21,56.0,13.19
72,A.J. Green,CIN,WR,26,13,13.0,0.0,0.0,0.0,0.0,0.0,2.5,2.5,1.0,0.0,144.0,84.9,1281.2,15.09,7.4,252.3,210.3,170.8,15.0,23,57.0,15.77
73,Jordan Matthews,PHI,WR,22,16,10.0,0.0,0.0,0.0,0.0,0.0,0.0,0.0,,0.0,103.0,67.0,872.0,13.01,8.0,202.0,205.2,168.7,14.0,24,59.0,12.62
74,Chris Ivory,NYJ,RB,26,16,10.0,0.0,0.0,0.0,0.0,0.0,198.0,821.0,4.15,6.0,27.0,18.0,123.0,6.83,1.0,152.0,159.4,143.4,13.0,19,60.0,9.5
75,Sammy Watkins,BUF,WR,21,16,16.0,0.0,0.0,0.0,0.0,0.0,2.0,8.0,4.0,0.0,128.0,65.0,982.0,15.11,6.0,198.0,202.0,165.5,11.0,25,62.0,12.38
76,Julian Edelman,NWE,WR,28,14,13.0,0.0,0.0,0.0,0.0,0.0,11.4,107.4,9.4,0.0,153.1,105.1,1110.9,10.57,4.6,257.1,231.6,182.6,11.0,26,63.0,16.07
77,Martellus Bennett,CHI,TE,27,16,15.0,0.0,0.0,0.0,0.0,0.0,0.0,0.0,,0.0,128.0,90.0,916.0,10.18,6.0,222.0,224.6,176.6,41.0,5,37.0,13.88
78,Roddy White,ATL,WR,33,14,14.0,0.0,0.0,0.0,0.0,0.0,0.0,0.0,,0.0,142.9,91.4,1052.6,11.51,8.0,242.3,216.1,172.1,11.0,27,64.0,15.14
79,Andre Ellington,ARI,RB,25,12,12.0,0.0,0.0,0.0,0.0,0.0,268.0,880.0,3.28,4.0,85.3,61.3,526.7,8.59,2.7,237.3,185.5,154.5,11.0,20,65.0,14.83
80,Andre Williams,NYG,RB,22,16,7.0,0.0,0.0,0.0,0.0,0.0,217.0,721.0,3.32,7.0,37.0,18.0,130.0,7.22,0.0,145.0,151.1,136.1,6.0,21,67.0,9.06
81,Josh McCown,TAM,QB,35,11,11.0,267.6,475.6,3208.7,16.0,20.4,36.4,184.7,5.08,4.4,0.0,0.0,0.0,,0.0,184.7,150.9,140.9,,28,,11.55
82,Eric Decker,NYJ,WR,27,15,15.0,0.0,0.0,0.0,0.0,0.0,0.0,0.0,,0.0,122.7,78.9,1026.1,13.0,5.3,213.3,203.2,163.2,5.0,28,68.0,13.33
83,Coby Fleener,IND,TE,26,16,12.0,0.0,0.0,0.0,0.0,0.0,0.0,0.0,,0.0,92.0,51.0,774.0,15.18,8.0,176.0,179.4,150.9,35.0,6,40.0,11.0
84,Mohamed Sanu,CIN,WR,25,16,13.0,3.0,3.0,79.0,1.0,0.0,7.0,51.0,7.29,0.0,98.0,56.0,790.0,14.11,5.0,179.0,182.3,151.3,2.0,29,71.0,11.19
85,Fred Jackson,BUF,RB,33,14,9.0,0.0,1.1,0.0,0.0,0.0,161.1,600.0,3.72,2.3,102.9,75.4,572.6,7.59,1.1,216.0,194.6,155.6,2.0,22,72.0,13.5
86,Steven Jackson,ATL,RB,31,15,15.0,0.0,0.0,0.0,0.0,0.0,202.7,754.1,3.72,6.4,28.8,21.3,157.9,7.4,0.0,151.5,147.5,131.5,1.0,23,74.0,9.47
87,Malcom Floyd,SDG,WR,33,16,16.0,0.0,0.0,0.0,0.0,0.0,0.0,0.0,,0.0,92.0,52.0,856.0,16.46,6.0,174.0,176.6,147.6,,30,,10.88
88,Julius Thomas,DEN,TE,26,13,10.0,0.0,0.0,0.0,0.0,0.0,0.0,0.0,,0.0,76.3,52.9,601.8,11.37,14.8,201.8,166.9,142.4,31.0,7,45.0,12.62
89,Jonathan Stewart,CAR,RB,27,13,8.0,0.0,0.0,0.0,0.0,0.0,215.4,995.7,4.62,3.7,38.2,30.8,222.8,7.24,1.2,179.7,153.0,133.5,,24,78.0,11.23
90,Tre Mason,STL,RB,21,12,9.0,0.0,0.0,0.0,0.0,0.0,238.7,1020.0,4.27,5.3,34.7,21.3,197.3,9.25,1.3,180.0,142.3,127.3,,25,,11.25
91,Eddie Royal,SDG,WR,28,16,11.0,0.0,0.0,0.0,0.0,0.0,3.0,14.0,4.67,0.0,91.0,62.0,778.0,12.55,7.0,181.0,185.2,150.2,,31,,11.31
92,Nick Foles,PHI,QB,25,8,8.0,372.0,622.0,4326.0,26.0,20.0,32.0,136.0,4.25,0.0,0.0,0.0,0.0,,0.0,238.0,135.3,129.3,,29,,14.88
93,Michael Floyd,ARI,WR,25,16,14.0,0.0,0.0,0.0,0.0,0.0,1.0,2.0,2.0,0.0,99.0,47.0,841.0,17.89,6.0,165.0,169.3,141.8,,32,,10.31
94,Marques Colston,NOR,WR,31,16,13.0,0.0,0.0,0.0,0.0,0.0,0.0,0.0,,0.0,100.0,59.0,902.0,15.29,5.0,177.0,181.2,147.7,,33,,11.06
95,Brandon Marshall,CHI,WR,30,13,13.0,0.0,0.0,0.0,0.0,0.0,0.0,0.0,,0.0,130.5,75.1,887.4,11.82,9.8,220.3,183.1,148.6,,34,,13.77
96,Ahmad Bradshaw,IND,RB,28,10,1.0,0.0,0.0,0.0,0.0,0.0,144.0,680.0,4.72,3.2,75.2,60.8,480.0,7.89,9.6,248.0,162.5,135.5,,26,,15.5
97,Shane Vereen,NWE,RB,25,16,6.0,0.0,0.0,0.0,0.0,0.0,96.0,391.0,4.07,2.0,77.0,52.0,447.0,8.6,3.0,166.0,171.8,139.8,,27,,10.38
98,Delanie Walker,TEN,TE,30,15,14.0,0.0,0.0,0.0,0.0,0.0,0.0,0.0,,0.0,113.1,67.2,949.3,14.13,4.3,187.7,179.0,144.5,23.0,8,50.0,11.73
99,Isaiah Crowell,CLE,RB,21,16,4.0,0.0,0.0,0.0,0.0,0.0,148.0,607.0,4.1,8.0,14.0,9.0,87.0,9.67,0.0,122.0,127.4,117.9,,28,,7.62
100,Rueben Randle,NYG,WR,23,16,13.0,0.0,0.0,0.0,0.0,0.0,0.0,0.0,,0.0,127.0,71.0,938.0,13.21,3.0,183.0,185.8,147.3,,35,,11.44
101,Kenny Stills,NOR,WR,22,15,7.0,0.0,0.0,0.0,0.0,0.0,1.1,-2.1,-2.0,0.0,88.5,67.2,993.1,14.78,3.2,185.6,176.9,142.4,,36,,11.6
102,Kendall Wright,TEN,WR,25,14,11.0,0.0,0.0,0.0,0.0,0.0,4.6,61.7,13.5,0.0,106.3,65.1,817.1,12.54,6.9,192.0,171.9,139.4,,37,,12.0
103,Travis Kelce,KAN,TE,25,16,11.0,0.0,0.0,0.0,0.0,0.0,0.0,0.0,,0.0,87.0,67.0,862.0,12.87,5.0,177.0,189.2,149.7,20.0,9,52.0,11.06
104,Vincent Jackson,TAM,WR,31,16,16.0,0.0,0.0,0.0,0.0,0.0,0.0,0.0,,0.0,142.0,70.0,1002.0,14.31,2.0,180.0,184.2,145.2,,39,,11.25
105,Greg Jennings,MIN,WR,31,16,13.0,0.0,0.0,0.0,0.0,0.0,0.0,0.0,,0.0,92.0,59.0,742.0,12.58,6.0,169.0,172.2,139.7,,38,,10.56
106,Terrance Williams,DAL,WR,25,16,16.0,0.0,0.0,0.0,0.0,0.0,0.0,0.0,,0.0,66.0,37.0,621.0,16.78,8.0,147.0,150.1,128.6,,40,,9.19
107,Branden Oliver,SDG,RB,23,14,7.0,0.0,0.0,0.0,0.0,0.0,182.9,665.1,3.64,3.4,51.4,41.1,309.7,7.53,1.1,165.7,151.3,127.3,,29,,10.36
108,Rashad Jennings,NYG,RB,29,11,9.0,0.0,0.0,0.0,0.0,0.0,242.9,929.5,3.83,5.8,59.6,43.6,328.7,7.53,0.0,202.2,145.5,123.5,,30,,12.64
109,Austin Davis,STL,QB,25,10,8.0,288.0,454.4,3201.6,19.2,14.4,25.6,57.6,2.25,0.0,0.0,0.0,0.0,,0.0,172.8,122.6,116.6,,30,,10.8
110,Darren Sproles,PHI,RB,31,15,0.0,0.0,0.0,0.0,0.0,0.0,60.8,350.9,5.77,6.4,66.1,42.7,412.8,9.68,0.0,155.7,164.6,137.6,,31,,9.73
111,Andre Johnson,HOU,WR,33,15,15.0,0.0,0.0,0.0,0.0,0.0,0.0,0.0,,0.0,155.7,90.7,998.4,11.01,3.2,203.7,196.6,148.1,,41,,12.73
112,Carson Palmer,ARI,QB,35,6,6.0,376.0,597.3,4336.0,29.3,8.0,21.3,66.7,3.13,0.0,2.7,0.0,0.0,,0.0,282.7,110.5,106.5,,31,,17.67
113,Martavis Bryant,PIT,WR,23,10,3.0,0.0,0.0,0.0,0.0,0.0,4.8,19.2,4.0,0.0,76.8,41.6,878.4,21.12,12.8,208.0,133.1,117.1,,42,,13.0
114,Allen Hurns,JAX,WR,23,16,8.0,0.0,0.0,0.0,0.0,0.0,0.0,0.0,,0.0,97.0,51.0,677.0,13.27,6.0,155.0,157.7,129.2,,43,,9.69
115,Terrance West,CLE,RB,23,14,6.0,0.0,0.0,0.0,0.0,0.0,195.4,769.1,3.94,4.6,14.9,12.6,73.1,5.82,1.1,129.1,116.7,107.2,,32,,8.07
116,Doug Baldwin,SEA,WR,26,16,16.0,0.0,0.0,0.0,0.0,0.0,1.0,8.0,8.0,0.0,98.0,66.0,825.0,12.5,3.0,167.0,170.3,134.3,,44,,10.44
117,James Jones,OAK,WR,30,16,10.0,0.0,0.0,0.0,0.0,0.0,0.0,0.0,,0.0,112.0,73.0,666.0,9.12,6.0,174.0,177.6,137.1,,45,,10.88
118,Jason Witten,DAL,TE,32,16,16.0,0.0,0.0,0.0,0.0,0.0,0.0,0.0,,0.0,90.0,64.0,703.0,10.98,5.0,164.0,167.3,132.3,10.0,10,66.0,10.25
119,Robert Woods,BUF,WR,22,16,15.0,0.0,0.0,0.0,0.0,0.0,0.0,0.0,,0.0,104.0,65.0,699.0,10.75,5.0,165.0,168.9,132.4,,46,,10.31
120,Knile Davis,KAN,RB,23,16,1.0,0.0,0.0,0.0,0.0,0.0,134.0,463.0,3.46,6.0,25.0,16.0,147.0,9.19,1.0,115.0,129.0,113.0,,33,,7.19
121,John Brown,ARI,WR,24,16,5.0,0.0,0.0,0.0,0.0,0.0,3.0,-6.0,-2.0,0.0,102.0,48.0,696.0,14.5,5.0,147.0,150.0,123.0,,47,,9.19
122,Keenan Allen,SDG,WR,22,14,14.0,0.0,0.0,0.0,0.0,0.0,0.0,0.0,,0.0,138.3,88.0,894.9,10.17,4.6,200.0,180.3,136.8,,48,,12.5
123,Jarvis Landry,MIA,WR,22,16,11.0,0.0,0.0,0.0,0.0,0.0,2.0,-4.0,-2.0,0.0,112.0,84.0,758.0,9.02,5.0,181.0,188.4,139.4,,49,,11.31
124,Andrew Hawkins,CLE,WR,28,15,15.0,0.0,0.0,0.0,0.0,0.0,3.2,16.0,5.0,0.0,119.5,67.2,878.9,13.08,2.1,169.6,161.9,127.4,,50,,10.6
125,Drew Stanton,ARI,QB,30,9,8.0,234.7,426.7,3041.8,12.4,8.9,44.4,112.0,2.52,0.0,0.0,0.0,0.0,,0.0,168.9,102.7,99.7,,32,,10.56
126,Heath Miller,PIT,TE,32,16,16.0,0.0,0.0,0.0,0.0,0.0,0.0,0.0,,0.0,91.0,66.0,761.0,11.53,3.0,160.0,164.1,127.1,4.0,11,70.0,10.0
127,Michael Crabtree,SFO,WR,27,16,16.0,0.0,0.0,0.0,0.0,0.0,1.0,4.0,4.0,0.0,108.0,68.0,698.0,10.26,4.0,162.0,165.2,128.2,,52,,10.12
128,Kenny Britt,STL,WR,26,16,13.0,0.0,0.0,0.0,0.0,0.0,2.0,14.0,7.0,0.0,84.0,48.0,748.0,15.58,3.0,142.0,145.2,118.2,,51,,8.88
129,Andre Holmes,OAK,WR,26,16,13.0,0.0,0.0,0.0,0.0,0.0,0.0,0.0,,0.0,99.0,47.0,693.0,14.74,4.0,140.0,143.3,116.8,,53,,8.75
130,Pierre Garcon,WAS,WR,28,16,14.0,0.0,1.0,0.0,0.0,0.0,0.0,0.0,,0.0,105.0,68.0,752.0,11.06,3.0,161.0,164.2,127.2,,54,,10.06
131,Chris Johnson,NYJ,RB,29,16,6.0,0.0,0.0,0.0,0.0,0.0,155.0,663.0,4.28,1.0,34.0,24.0,151.0,6.29,1.0,115.0,122.4,103.4,,34,,7.19
132,Trent Richardson,IND,RB,24,15,12.0,0.0,0.0,0.0,0.0,0.0,169.6,553.6,3.26,3.2,36.3,28.8,244.3,8.48,0.0,125.9,124.8,104.3,,35,,7.87
133,Denard Robinson,JAX,WR,24,13,9.0,0.0,1.2,0.0,0.0,0.0,166.2,716.3,4.31,4.9,38.2,28.3,152.6,5.39,0.0,140.3,121.6,102.1,,55,,8.77
134,Larry Donnell,NYG,TE,26,16,12.0,0.0,0.0,0.0,0.0,0.0,0.0,0.0,,0.0,92.0,63.0,623.0,9.89,6.0,153.0,160.3,121.8,,12,77.0,9.56
135,Larry Fitzgerald,ARI,WR,31,14,13.0,0.0,0.0,0.0,0.0,0.0,0.0,0.0,,0.0,117.7,72.0,896.0,12.44,2.3,174.9,155.4,119.9,,56,,10.93
136,Reggie Wayne,IND,WR,36,15,15.0,0.0,0.0,0.0,0.0,0.0,0.0,0.0,,0.0,123.7,68.3,830.9,12.17,2.1,164.3,155.9,119.9,,57,,10.27
137,Mike Glennon,TAM,QB,25,6,5.0,312.0,541.3,3778.7,26.7,16.0,26.7,130.7,4.9,0.0,0.0,0.0,0.0,,0.0,240.0,98.6,95.6,,33,,15.0
138,Robert Griffin,WAS,QB,24,9,7.0,261.3,380.4,3011.6,7.1,10.7,67.6,312.9,4.63,1.8,0.0,0.0,0.0,,0.0,158.2,103.4,93.4,,34,,9.89
139,Shaun Hill,STL,QB,34,9,8.0,257.8,407.1,2945.8,14.2,12.4,17.8,17.8,1.0,1.8,1.8,1.8,0.0,0.0,0.0,160.0,101.3,96.8,,35,,10.0
140,Dwayne Allen,IND,TE,24,13,13.0,0.0,0.0,0.0,0.0,0.0,0.0,0.0,,0.0,61.5,35.7,486.2,13.62,9.8,144.0,119.5,102.0,,13,,9.0
141,LeGarrette Blount,2TM,RB,28,16,1.0,0.0,0.0,0.0,0.0,0.0,125.0,547.0,4.38,5.0,12.0,10.0,54.0,5.4,0.0,98.0,102.1,93.1,,36,,6.12
142,Kirk Cousins,WAS,QB,26,6,5.0,336.0,544.0,4560.0,26.7,24.0,18.7,53.3,2.86,0.0,0.0,0.0,0.0,,0.0,234.7,102.4,97.4,,36,,14.67
143,Charlie Whitehurst,TEN,QB,32,7,5.0,240.0,422.9,3030.9,16.0,4.6,45.7,205.7,4.5,0.0,0.0,0.0,22.9,,0.0,198.9,92.0,89.0,,37,,12.43
144,Brandin Cooks,NOR,WR,21,10,7.0,0.0,0.0,0.0,0.0,0.0,11.2,116.8,10.43,1.6,110.4,84.8,880.0,10.38,4.8,222.4,142.3,112.8,,58,,13.9
145,Zach Ertz,PHI,WR,24,16,5.0,0.0,0.0,0.0,0.0,0.0,0.0,0.0,,0.0,89.0,58.0,702.0,12.1,3.0,144.0,148.2,115.2,,59,,9.0
146,Roy Helu,WAS,WR,26,14,0.0,0.0,0.0,0.0,0.0,0.0,45.7,246.9,5.4,1.1,53.7,48.0,545.1,11.36,2.3,145.1,134.3,106.3,,60,,9.07
147,Darren McFadden,OAK,RB,27,16,12.0,0.0,1.0,0.0,0.0,0.0,155.0,534.0,3.45,2.0,56.0,36.0,212.0,5.89,0.0,121.0,127.6,102.6,,37,,7.56
148,Alfred Blue,HOU,RB,23,16,3.0,0.0,0.0,0.0,0.0,0.0,169.0,528.0,3.12,2.0,18.0,15.0,113.0,7.53,1.0,97.0,103.1,89.6,,38,,6.06
149,Jared Cook,STL,TE,27,16,6.0,0.0,0.0,0.0,0.0,0.0,1.0,0.0,0.0,0.0,99.0,52.0,634.0,12.19,3.0,133.0,136.4,107.4,,14,,8.31
150,Ronnie Hillman,DEN,RB,23,8,4.0,0.0,0.0,0.0,0.0,0.0,212.0,868.0,4.09,6.0,68.0,42.0,278.0,6.62,2.0,204.0,108.3,91.8,,39,,12.75
151,Benny Cunningham,STL,RB,24,16,2.0,0.0,0.0,0.0,0.0,0.0,66.0,246.0,3.73,3.0,52.0,45.0,352.0,7.82,1.0,125.0,132.8,102.3,,40,,7.81
152,Charles Clay,MIA,TE,25,14,14.0,0.0,0.0,0.0,0.0,0.0,0.0,0.0,,0.0,96.0,66.3,691.4,10.43,3.4,156.6,139.5,107.5,,15,,9.79
153,Percy Harvin,2TM,WR,26,13,12.0,0.0,0.0,0.0,0.0,0.0,40.6,248.6,6.12,1.2,96.0,62.8,594.5,9.47,1.2,160.0,136.5,104.0,,61,,10.0
154,Bishop Sankey,TEN,RB,22,16,9.0,0.0,0.0,0.0,0.0,0.0,152.0,569.0,3.74,2.0,23.0,18.0,133.0,7.39,0.0,96.0,104.2,87.2,,41,,6.0
155,Bobby Rainey,TAM,RB,27,15,5.0,0.0,1.1,0.0,0.0,0.0,100.3,433.1,4.32,1.1,48.0,35.2,336.0,9.55,1.1,118.4,120.1,94.6,,42,,7.4
156,Pierre Thomas,NOR,RB,30,11,3.0,0.0,0.0,0.0,0.0,0.0,65.5,322.9,4.93,2.9,80.0,65.5,549.8,8.4,1.5,178.9,129.0,100.5,,43,,11.18
157,Markus Wheaton,PIT,WR,23,16,11.0,0.0,0.0,0.0,0.0,0.0,4.0,19.0,4.75,0.0,86.0,53.0,644.0,12.15,2.0,131.0,134.3,104.8,,62,,8.19
158,Jarius Wright,MIN,WR,25,16,7.0,0.0,0.0,0.0,0.0,0.0,5.0,71.0,14.2,0.0,62.0,42.0,588.0,14.0,2.0,120.0,122.9,98.9,,63,,7.5
159,Owen Daniels,BAL,TE,32,15,13.0,0.0,0.0,0.0,0.0,0.0,0.0,0.0,,0.0,84.3,51.2,562.1,10.98,4.3,133.3,127.7,100.7,,16,,8.33
160,Dwayne Bowe,KAN,WR,30,15,15.0,0.0,0.0,0.0,0.0,0.0,0.0,0.0,,0.0,101.3,64.0,804.3,12.57,0.0,146.1,138.4,105.4,,64,,9.13
161,Nate Washington,TEN,WR,31,16,11.0,0.0,0.0,0.0,0.0,0.0,0.0,0.0,,0.0,72.0,40.0,647.0,16.18,2.0,117.0,119.7,96.7,,65,,7.31
162,Jermaine Gresham,CIN,TE,26,15,15.0,0.0,0.0,0.0,0.0,0.0,0.0,0.0,,0.0,84.3,66.1,490.7,7.42,5.3,147.2,141.0,107.0,,17,,9.2
163,Mychal Rivera,OAK,TE,24,16,10.0,0.0,0.0,0.0,0.0,0.0,0.0,0.0,,0.0,99.0,58.0,534.0,9.21,4.0,133.0,137.4,104.4,,18,,8.31
164,Riley Cooper,PHI,WR,27,16,16.0,0.0,0.0,0.0,0.0,0.0,0.0,0.0,,0.0,95.0,55.0,577.0,10.49,3.0,129.0,132.7,101.2,,66,,8.06
165,Jonas Gray,NWE,RB,24,8,3.0,0.0,0.0,0.0,0.0,0.0,178.0,824.0,4.63,10.0,6.0,2.0,14.0,7.0,0.0,146.0,75.9,72.4,,44,,9.12
166,Zach Mettenberger,TEN,QB,23,7,6.0,244.6,409.1,3227.4,18.3,16.0,11.4,9.1,0.8,0.0,0.0,0.0,0.0,,0.0,162.3,82.9,77.9,,38,,10.14
167,Ben Tate,3TM,RB,26,11,7.0,0.0,0.0,0.0,0.0,0.0,180.4,567.3,3.15,5.8,17.5,16.0,100.4,6.27,0.0,117.8,83.9,75.4,,45,,7.36
168,Devin Hester,ATL,WR,32,16,1.0,0.0,0.0,0.0,0.0,0.0,6.0,36.0,6.0,1.0,59.0,38.0,504.0,13.26,2.0,108.0,118.0,95.0,,67,,6.75
169,Harry Douglas,ATL,WR,30,12,6.0,0.0,0.0,0.0,0.0,0.0,0.0,0.0,,0.0,98.7,68.0,741.3,10.9,2.7,161.3,123.6,95.1,,68,,10.08
170,Latavius Murray,OAK,RB,24,15,3.0,0.0,0.0,0.0,0.0,0.0,87.5,452.3,5.17,2.1,24.5,18.1,152.5,8.41,0.0,91.7,91.7,77.2,,46,,5.73
171,Taylor Gabriel,CLE,WR,23,16,2.0,0.0,0.0,0.0,0.0,0.0,4.0,10.0,2.5,0.0,72.0,36.0,621.0,17.25,1.0,105.0,108.1,87.1,,69,,6.56
172,Miles Austin,CLE,WR,30,12,11.0,0.0,0.0,0.0,0.0,0.0,0.0,0.0,,0.0,97.3,62.7,757.3,12.09,2.7,154.7,118.8,92.3,,70,,9.67
173,Allen Robinson,JAX,WR,21,10,8.0,0.0,0.0,0.0,0.0,0.0,0.0,0.0,,0.0,129.6,76.8,876.8,11.42,3.2,187.2,119.8,92.8,,71,,11.7
174,Scott Chandler,BUF,TE,29,16,5.0,0.0,0.0,0.0,0.0,0.0,0.0,0.0,,0.0,70.0,47.0,497.0,10.57,3.0,115.0,117.7,91.2,,19,,7.19
175,Doug Martin,TAM,RB,25,11,11.0,0.0,0.0,0.0,0.0,0.0,194.9,718.5,3.69,2.9,29.1,18.9,93.1,4.92,0.0,117.8,83.8,74.3,,47,,7.36
176,Justin Hunter,TEN,WR,23,12,8.0,0.0,0.0,0.0,0.0,0.0,0.0,0.0,,0.0,89.3,37.3,664.0,17.79,4.0,128.0,98.8,81.8,,72,,8.0
177,Jerick McKinnon,MIN,RB,22,11,6.0,0.0,0.0,0.0,0.0,0.0,164.4,782.5,4.76,0.0,59.6,39.3,196.4,5.0,0.0,136.7,100.3,80.8,,48,,8.55
178,Reggie Bush,DET,RB,29,11,9.0,0.0,0.0,0.0,0.0,0.0,110.5,432.0,3.91,2.9,81.5,58.2,368.0,6.33,0.0,155.6,113.0,87.0,,49,,9.73
179,Cecil Shorts,JAX,WR,27,13,12.0,2.5,2.5,39.4,1.2,0.0,0.0,0.0,,0.0,135.4,65.2,685.5,10.51,1.2,147.7,122.0,91.5,,73,,9.23
180,Jerricho Cotchery,CAR,WR,32,15,13.0,0.0,0.0,0.0,0.0,0.0,0.0,0.0,,0.0,83.2,51.2,618.7,12.08,1.1,121.6,117.0,90.0,,74,,7.6
181,Antone Smith,ATL,RB,29,10,0.0,0.0,0.0,0.0,0.0,0.0,36.8,230.4,6.26,3.2,24.0,20.8,355.2,17.08,4.8,124.8,84.6,71.1,,50,,7.8
182,Lorenzo Taliaferro,BAL,RB,23,13,0.0,0.0,0.0,0.0,0.0,0.0,83.7,359.4,4.29,4.9,12.3,9.8,140.3,14.25,0.0,89.8,77.6,66.6,,51,,5.62
183,Hakeem Nicks,IND,WR,26,16,6.0,0.0,0.0,0.0,0.0,0.0,0.0,0.0,,0.0,68.0,38.0,405.0,10.66,4.0,103.0,105.5,83.5,,75,,6.44
184,Donte Moncrief,IND,WR,21,16,2.0,0.0,0.0,0.0,0.0,0.0,4.0,17.0,4.25,0.0,49.0,32.0,444.0,13.88,3.0,96.0,99.1,80.1,,76,,6.0
185,Jermaine Kearse,SEA,WR,24,15,14.0,1.1,1.1,18.1,0.0,0.0,2.1,16.0,7.5,0.0,73.6,40.5,572.8,14.13,1.1,108.8,102.9,80.9,,77,,6.8
186,Jake Locker,TEN,QB,26,7,5.0,196.6,333.7,2269.7,11.4,16.0,50.3,324.6,6.45,2.3,0.0,0.0,0.0,,0.0,146.3,77.9,70.9,,39,,9.14
187,Davante Adams,GNB,WR,22,16,11.0,0.0,0.0,0.0,0.0,0.0,0.0,0.0,,0.0,66.0,38.0,446.0,11.74,3.0,101.0,103.6,81.6,,78,,6.31
188,Chris Hogan,BUF,WR,26,16,2.0,0.0,0.0,0.0,0.0,0.0,0.0,0.0,,0.0,61.0,41.0,426.0,10.39,4.0,104.0,108.6,83.1,,79,,6.5
189,Colt McCoy,WAS,QB,28,5,4.0,291.2,409.6,3382.4,12.8,9.6,51.2,211.2,4.13,3.2,0.0,0.0,0.0,,0.0,201.6,69.9,65.9,,40,,12.6
190,Carlos Hyde,SFO,RB,23,14,0.0,0.0,0.0,0.0,0.0,0.0,94.9,380.6,4.01,4.6,18.3,13.7,77.7,5.67,0.0,84.6,78.1,68.1,,52,,5.29
191,Cole Beasley,DAL,WR,25,16,2.0,0.0,0.0,0.0,0.0,0.0,0.0,0.0,,0.0,49.0,37.0,420.0,11.35,4.0,99.0,104.0,80.5,,80,,6.19
192,Tim Wright,NWE,WR,24,16,2.0,0.0,0.0,0.0,0.0,0.0,1.0,-2.0,-2.0,0.0,33.0,26.0,259.0,9.96,6.0,88.0,90.7,74.7,,81,,5.5
193,Steve Johnson,SFO,WR,28,13,1.0,0.0,0.0,0.0,0.0,0.0,0.0,0.0,,0.0,61.5,43.1,535.4,12.43,3.7,119.4,99.5,79.0,,82,,7.46
194,Toby Gerhart,JAX,RB,27,14,7.0,0.0,0.0,0.0,0.0,0.0,115.4,372.6,3.23,2.3,27.4,22.9,212.6,9.3,0.0,92.6,88.2,71.2,,53,,5.79
195,Theo Riddick,DET,RB,23,14,2.0,0.0,0.0,0.0,0.0,0.0,22.9,58.3,2.55,0.0,57.1,38.9,361.1,9.29,4.6,108.6,97.7,77.7,,54,,6.79
196,Anthony Dixon,BUF,RB,27,16,0.0,0.0,0.0,0.0,0.0,0.0,105.0,432.0,4.11,2.0,9.0,8.0,49.0,6.13,0.0,68.0,71.1,64.1,,55,,4.25
197,Charles Johnson,MIN,WR,25,12,6.0,0.0,0.0,0.0,0.0,0.0,1.3,-14.7,-11.0,0.0,78.7,41.3,633.3,15.32,2.7,121.3,94.4,75.9,,83,,7.58
198,Robert Turbin,SEA,RB,25,16,3.0,0.0,0.0,0.0,0.0,0.0,74.0,310.0,4.19,0.0,20.0,16.0,186.0,11.63,2.0,76.0,82.6,67.6,,56,,4.75
199,Cordarrelle Patterson,MIN,WR,23,16,7.0,0.0,0.0,0.0,0.0,0.0,10.0,117.0,11.7,1.0,67.0,33.0,384.0,11.64,1.0,93.0,100.1,76.6,,84,,5.81
200,Jeremy Kerley,NYJ,WR,26,16,7.0,0.0,1.0,0.0,0.0,0.0,4.0,86.0,21.5,0.0,75.0,38.0,409.0,10.76,1.0,98.0,96.5,74.5,,85,,6.12
201,James Starks,GNB,RB,28,16,0.0,0.0,0.0,0.0,0.0,0.0,85.0,333.0,3.92,2.0,29.0,18.0,140.0,7.78,0.0,77.0,83.3,68.3,,57,,4.81
202,Brian Hartline,MIA,WR,28,16,16.0,0.0,0.0,0.0,0.0,0.0,0.0,0.0,,0.0,63.0,39.0,474.0,12.15,2.0,98.0,101.4,78.9,,86,,6.12
203,Tavon Austin,STL,WR,23,15,8.0,0.0,0.0,0.0,0.0,0.0,38.4,238.9,6.22,2.1,46.9,33.1,258.1,7.81,0.0,96.0,101.6,80.1,,87,,6.0
204,EJ Manuel,BUF,QB,24,5,4.0,243.2,419.2,2681.6,16.0,9.6,51.2,166.4,3.25,3.2,0.0,0.0,0.0,,0.0,188.8,64.7,61.7,,41,,11.8
205,Ryan Mathews,SDG,RB,27,6,6.0,0.0,0.0,0.0,0.0,0.0,197.3,880.0,4.46,8.0,26.7,24.0,184.0,7.67,0.0,178.7,69.9,62.4,,58,,11.17
206,Wes Welker,DEN,WR,33,14,8.0,0.0,0.0,0.0,0.0,0.0,0.0,0.0,,0.0,73.1,56.0,530.3,9.47,2.3,122.3,110.4,82.9,,88,,7.64
207,Devonta Freeman,ATL,RB,22,16,0.0,0.0,0.0,0.0,0.0,0.0,65.0,248.0,3.82,1.0,37.0,30.0,225.0,7.5,1.0,87.0,94.3,72.3,,59,,5.44
208,Khiry Robinson,NOR,RB,25,10,3.0,0.0,0.0,0.0,0.0,0.0,121.6,579.2,4.76,4.8,17.6,12.8,100.8,7.88,0.0,104.0,69.5,60.5,,60,,6.5
209,Luke Willson,SEA,TE,24,15,10.0,0.0,0.0,0.0,0.0,0.0,0.0,0.0,,0.0,42.7,23.5,386.1,16.45,3.2,83.2,79.2,65.2,,20,,5.2
210,Lance Kendricks,STL,WR,26,16,14.0,0.0,0.0,0.0,0.0,0.0,0.0,0.0,,0.0,38.0,27.0,259.0,9.59,5.0,83.0,85.9,69.4,,89,,5.19
211,Brian Quick,STL,WR,25,7,7.0,0.0,0.0,0.0,0.0,0.0,0.0,0.0,,0.0,89.1,57.1,857.1,15.0,6.9,185.1,83.5,68.0,,90,,11.57
212,Andre Roberts,WAS,WR,26,16,4.0,0.0,0.0,0.0,0.0,0.0,2.0,21.0,10.5,0.0,73.0,36.0,453.0,12.58,2.0,91.0,96.4,73.4,,91,,5.69
213,Stepfan Taylor,ARI,RB,23,14,4.0,0.0,0.0,0.0,0.0,0.0,72.0,237.7,3.3,1.1,17.1,12.6,90.3,7.18,3.4,75.4,68.7,60.2,,61,,4.71
214,Niles Paul,WAS,WR,25,16,7.0,0.0,0.0,0.0,0.0,0.0,0.0,0.0,,0.0,52.0,39.0,507.0,13.0,1.0,94.0,97.7,74.2,,92,,5.88
215,Jordan Cameron,CLE,TE,26,10,9.0,0.0,0.0,0.0,0.0,0.0,0.0,0.0,,0.0,76.8,38.4,678.4,17.67,3.2,124.8,81.4,66.4,,21,,7.8
216,Andrew Quarless,GNB,TE,26,16,11.0,0.0,0.0,0.0,0.0,0.0,0.0,0.0,,0.0,46.0,29.0,323.0,11.14,3.0,83.0,82.3,64.8,,22,,5.19
217,Dan Herron,IND,RB,25,16,3.0,0.0,0.0,0.0,0.0,0.0,78.0,351.0,4.5,1.0,26.0,21.0,173.0,8.24,0.0,75.0,83.4,64.9,,62,,4.69
218,Jacquizz Rodgers,ATL,RB,24,16,1.0,0.0,0.0,0.0,0.0,0.0,58.0,217.0,3.74,1.0,40.0,29.0,173.0,5.97,1.0,82.0,86.0,65.5,,63,,5.12
219,Preston Parker,NYG,WR,27,16,7.0,0.0,0.0,0.0,0.0,0.0,0.0,0.0,,0.0,56.0,36.0,418.0,11.61,2.0,88.0,91.8,69.8,,93,,5.5
220,Derek Anderson,CAR,QB,31,6,2.0,173.3,258.7,1869.3,13.3,0.0,21.3,64.0,3.0,0.0,0.0,0.0,0.0,,0.0,138.7,53.4,50.4,,42,,8.67
221,Joseph Randle,DAL,RB,23,16,0.0,0.0,0.0,0.0,0.0,0.0,51.0,343.0,6.73,3.0,5.0,4.0,23.0,5.75,0.0,55.0,59.6,52.6,,64,,3.44
222,Shonn Greene,TEN,RB,29,13,5.0,0.0,0.0,0.0,0.0,0.0,115.7,482.5,4.17,2.5,3.7,1.2,16.0,13.0,0.0,64.0,55.5,51.0,,65,,4.0
223,Stedman Bailey,STL,WR,24,14,3.0,0.0,0.0,0.0,0.0,0.0,1.1,14.9,13.0,0.0,52.6,34.3,497.1,14.5,1.1,92.6,89.8,71.8,,94,,5.79
224,Travis Benjamin,CLE,WR,25,16,0.0,0.0,0.0,0.0,0.0,0.0,3.0,11.0,3.67,0.0,46.0,18.0,314.0,17.44,3.0,69.0,71.5,59.5,,95,,4.31
225,Jordan Todman,JAX,RB,24,16,1.0,0.0,0.0,0.0,0.0,0.0,32.0,186.0,5.81,1.0,37.0,25.0,198.0,7.92,1.0,75.0,81.4,62.9,,66,,4.69
226,Louis Murphy,TAM,WR,27,11,3.0,0.0,0.0,0.0,0.0,0.0,0.0,0.0,,0.0,81.5,45.1,552.7,12.26,2.9,117.8,84.0,65.5,,96,,7.36
227,Anthony Fasano,KAN,TE,30,15,13.0,0.0,0.0,0.0,0.0,0.0,0.0,0.0,,0.0,38.4,26.7,241.1,9.04,4.3,78.9,74.6,59.1,,23,,4.93
228,Marqise Lee,JAX,WR,23,13,8.0,0.0,0.0,0.0,0.0,0.0,3.7,11.1,3.0,0.0,84.9,45.5,519.4,11.41,1.2,105.8,89.1,67.6,,97,,6.62
229,Corey Brown,CAR,WR,23,13,3.0,0.0,0.0,0.0,0.0,0.0,9.8,116.9,11.88,0.0,44.3,25.8,364.3,14.1,2.5,86.2,80.1,65.6,,98,,5.38
230,Jace Amaro,NYJ,WR,22,14,4.0,0.0,0.0,0.0,0.0,0.0,0.0,0.0,,0.0,60.6,43.4,394.3,9.08,2.3,99.4,87.5,65.5,,99,,6.21
231,Josh Hill,NOR,TE,24,16,3.0,0.0,0.0,0.0,0.0,0.0,0.0,0.0,,0.0,20.0,14.0,176.0,12.57,5.0,62.0,64.6,54.6,,24,,3.88
232,Stevan Ridley,NWE,RB,25,6,5.0,0.0,0.0,0.0,0.0,0.0,250.7,906.7,3.62,5.3,13.3,10.7,53.3,5.0,0.0,138.7,55.0,50.0,,67,,8.67
233,Bernard Pierce,BAL,RB,23,13,2.0,0.0,0.0,0.0,0.0,0.0,114.5,450.5,3.94,2.5,7.4,2.5,16.0,6.5,0.0,61.5,53.9,48.9,,68,,3.85
234,Juwan Thompson,DEN,RB,22,15,0.0,0.0,0.0,0.0,0.0,0.0,57.6,290.1,5.04,3.2,7.5,4.3,26.7,6.25,0.0,55.5,54.7,49.7,,69,,3.47
235,Zac Stacy,STL,RB,23,13,5.0,0.0,0.0,0.0,0.0,0.0,93.5,360.6,3.86,1.2,28.3,22.2,187.1,8.44,0.0,80.0,72.5,55.5,,70,,5.0
236,C.J. Spiller,BUF,RB,27,9,5.0,0.0,0.0,0.0,0.0,0.0,138.7,533.3,3.85,0.0,39.1,33.8,222.2,6.58,1.8,117.3,78.5,62.0,,71,,7.33
237,Jordan Reed,WAS,TE,24,11,2.0,0.0,0.0,0.0,0.0,0.0,0.0,0.0,,0.0,94.5,72.7,676.4,9.3,0.0,138.2,98.5,69.5,,25,,8.64
238,Kamar Aiken,BAL,WR,25,16,0.0,0.0,0.0,0.0,0.0,0.0,0.0,0.0,,0.0,32.0,24.0,267.0,11.13,3.0,69.0,71.7,56.7,,100,,4.31
239,Michael Vick,NYJ,QB,34,10,3.0,102.4,193.6,966.4,4.8,3.2,41.6,244.8,5.88,0.0,0.0,0.0,0.0,,0.0,72.0,53.5,45.5,,43,,4.5
240,John Carlson,ARI,TE,30,16,12.0,0.0,0.0,0.0,0.0,0.0,0.0,0.0,,0.0,55.0,33.0,350.0,10.61,1.0,76.0,79.0,59.5,,26,,4.75
241,Jeff Cumberland,NYJ,TE,27,16,14.0,0.0,0.0,0.0,0.0,0.0,0.0,0.0,,0.0,47.0,23.0,247.0,10.74,3.0,66.0,68.7,54.2,,27,,4.12
242,Donald Brown,SDG,RB,27,13,3.0,0.0,0.0,0.0,0.0,0.0,104.6,274.5,2.62,0.0,50.5,35.7,259.7,7.28,0.0,88.6,78.4,57.9,,72,,5.54
243,Chris Polk,PHI,RB,25,14,0.0,0.0,0.0,0.0,0.0,0.0,52.6,196.6,3.74,4.6,3.4,2.3,18.3,8.0,0.0,51.4,53.8,49.8,,73,,3.21
244,Charles Sims,TAM,RB,24,8,0.0,0.0,0.0,0.0,0.0,0.0,132.0,370.0,2.8,2.0,54.0,38.0,380.0,10.0,0.0,122.0,67.5,51.0,,74,,7.62
245,Daniel Fells,NYG,TE,31,16,9.0,0.0,0.0,0.0,0.0,0.0,0.0,0.0,,0.0,20.0,16.0,188.0,11.75,4.0,57.0,60.8,48.8,,28,,3.56
246,Daniel Thomas,MIA,RB,27,12,0.0,0.0,0.0,0.0,0.0,0.0,58.7,224.0,3.82,2.7,25.3,17.3,161.3,9.31,0.0,72.0,60.9,47.4,,75,,4.5
247,Jason Avant,2TM,WR,31,16,0.0,0.0,0.0,0.0,0.0,0.0,1.0,1.0,1.0,0.0,62.0,34.0,353.0,10.38,1.0,75.0,78.4,58.4,,101,,4.69
248,Damaris Johnson,HOU,WR,25,16,8.0,0.0,0.0,0.0,0.0,0.0,5.0,19.0,3.8,0.0,49.0,31.0,331.0,10.68,1.0,72.0,75.0,56.5,,102,,4.5
249,Darrel Young,WAS,RB,27,16,10.0,0.0,0.0,0.0,0.0,0.0,9.0,22.0,2.44,3.0,14.0,11.0,81.0,7.36,2.0,51.0,51.3,45.8,,76,,3.19
250,Dion Sims,MIA,WR,23,14,2.0,0.0,0.0,0.0,0.0,0.0,0.0,0.0,,0.0,41.1,27.4,324.6,11.83,2.3,73.1,67.4,52.4,,103,,4.57
251,Brice Butler,OAK,WR,24,15,0.0,0.0,0.0,0.0,0.0,0.0,0.0,0.0,,0.0,37.3,22.4,298.7,13.33,2.1,65.1,64.0,50.5,,104,,4.07
252,Victor Cruz,NYG,WR,28,6,6.0,0.0,0.0,0.0,0.0,0.0,0.0,0.0,,0.0,109.3,61.3,898.7,14.65,2.7,168.0,65.7,51.2,,105,,10.5
253,Marcel Reece,OAK,RB,29,15,15.0,0.0,0.0,0.0,0.0,0.0,22.4,90.7,4.05,0.0,62.9,39.5,282.7,7.16,1.1,81.1,80.0,57.5,,77,,5.07
254,Brent Celek,PHI,TE,29,16,15.0,0.0,0.0,0.0,0.0,0.0,0.0,0.0,,0.0,51.0,32.0,340.0,10.63,1.0,70.0,74.0,54.0,,29,,4.38
255,Clay Harbor,JAX,TE,27,13,8.0,0.0,0.0,0.0,0.0,0.0,0.0,0.0,,0.0,43.1,32.0,355.7,11.12,1.2,77.5,63.9,47.9,,31,,4.85
256,Vernon Davis,SFO,TE,30,14,14.0,0.0,0.0,0.0,0.0,0.0,1.1,4.6,4.0,0.0,57.1,29.7,280.0,9.42,2.3,72.0,65.9,49.9,,30,,4.5
257,Damien Williams,MIA,RB,22,16,0.0,0.0,0.0,0.0,0.0,0.0,36.0,122.0,3.39,0.0,27.0,21.0,187.0,8.9,1.0,58.0,63.9,47.4,,78,,3.62
258,Dexter McCluster,TEN,RB,26,14,2.0,0.0,0.0,0.0,0.0,0.0,45.7,149.7,3.28,0.0,41.1,29.7,225.1,7.58,1.1,72.0,69.8,49.8,,79,,4.5
259,Brandon Gibson,MIA,WR,27,14,5.0,0.0,0.0,0.0,0.0,0.0,0.0,0.0,,0.0,58.3,33.1,337.1,10.17,1.1,74.3,67.5,50.0,,106,,4.64
260,Kyle Rudolph,MIN,TE,25,9,8.0,0.0,0.0,0.0,0.0,0.0,0.0,0.0,,0.0,60.4,42.7,410.7,9.63,3.6,104.9,62.1,47.1,,32,,6.56
261,Marcedes Lewis,JAX,TE,30,8,8.0,0.0,0.0,0.0,0.0,0.0,0.0,0.0,,0.0,62.0,36.0,412.0,11.44,4.0,106.0,53.6,41.6,,33,,6.62
262,Richard Rodgers,GNB,TE,22,16,5.0,0.0,0.0,0.0,0.0,0.0,0.0,0.0,,0.0,30.0,20.0,225.0,11.25,2.0,55.0,57.5,44.5,,34,,3.44
263,Gavin Escobar,DAL,TE,23,16,1.0,0.0,0.0,0.0,0.0,0.0,0.0,0.0,,0.0,13.0,9.0,105.0,11.67,4.0,44.0,46.5,39.0,,35,,2.75
264,Brandon Lloyd,SFO,WR,33,14,3.0,0.0,0.0,0.0,0.0,0.0,0.0,0.0,,0.0,40.0,16.0,336.0,21.0,1.1,56.0,52.4,42.4,,107,,3.5
265,Travaris Cadet,NOR,RB,25,15,1.0,0.0,0.0,0.0,0.0,0.0,10.7,34.1,3.2,0.0,54.4,40.5,315.7,7.79,1.1,77.9,77.8,53.8,,80,,4.87
266,Jaron Brown,ARI,WR,24,16,2.0,0.0,0.0,0.0,0.0,0.0,0.0,0.0,,0.0,32.0,22.0,229.0,10.41,2.0,57.0,59.9,45.9,,108,,3.56
267,Levine Toilolo,ATL,TE,23,16,16.0,0.0,0.0,0.0,0.0,0.0,0.0,0.0,,0.0,54.0,31.0,238.0,7.68,2.0,65.0,68.8,49.3,,36,,4.06
268,Leon Washington,TEN,RB,32,16,0.0,0.0,0.0,0.0,0.0,0.0,13.0,57.0,4.38,0.0,31.0,22.0,159.0,7.23,2.0,56.0,57.6,42.6,,81,,3.5
269,Lance Moore,PIT,WR,31,14,2.0,0.0,0.0,0.0,0.0,0.0,0.0,0.0,,0.0,29.7,16.0,226.3,14.14,2.3,54.9,50.8,40.8,,109,,3.43
270,Jeremy Ross,DET,WR,26,16,13.0,0.0,0.0,0.0,0.0,0.0,2.0,-1.0,-0.5,0.0,35.0,24.0,314.0,13.08,1.0,57.0,62.3,45.3,,110,,3.56
271,Paul Richardson,SEA,WR,22,15,6.0,0.0,0.0,0.0,0.0,0.0,0.0,0.0,,0.0,46.9,30.9,289.1,9.34,1.1,66.1,65.1,47.6,,111,,4.13
272,Fozzy Whittaker,CAR,RB,25,10,1.0,0.0,0.0,0.0,0.0,0.0,51.2,232.0,4.53,1.6,9.6,8.0,96.0,12.0,1.6,60.8,40.5,35.0,,82,,3.8
273,De'Anthony Thomas,KAN,WR,21,12,3.0,0.0,0.0,0.0,0.0,0.0,18.7,150.7,8.07,1.3,41.3,30.7,208.0,6.78,0.0,74.7,67.9,50.4,,112,,4.67
274,Austin Seferian-Jenkins,TAM,TE,22,9,9.0,0.0,0.0,0.0,0.0,0.0,0.0,0.0,,0.0,67.6,37.3,392.9,10.52,3.6,94.2,57.1,42.6,,37,,5.89
275,Chase Ford,MIN,TE,24,11,5.0,0.0,0.0,0.0,0.0,0.0,0.0,0.0,,0.0,50.9,33.5,375.3,11.22,1.5,80.0,57.8,43.3,,38,,5.0
276,Lance Dunbar,DAL,RB,24,16,0.0,0.0,0.0,0.0,0.0,0.0,29.0,99.0,3.41,0.0,22.0,18.0,217.0,12.06,0.0,50.0,52.6,40.6,,83,,3.12
277,Ricardo Lockette,SEA,WR,28,16,0.0,0.0,0.0,0.0,0.0,0.0,1.0,2.0,2.0,0.0,15.0,11.0,195.0,17.73,2.0,43.0,45.7,37.2,,113,,2.69
278,Eric Ebron,DET,TE,21,13,7.0,0.0,0.0,0.0,0.0,0.0,0.0,0.0,,0.0,57.8,30.8,305.2,9.92,1.2,68.9,58.8,43.3,,39,,4.31
279,Cooper Helfet,SEA,TE,25,10,2.0,0.0,0.0,0.0,0.0,0.0,0.0,0.0,,0.0,38.4,19.2,296.0,15.42,3.2,68.8,45.5,36.5,,40,,4.3
280,Derek Hagan,TEN,WR,30,16,3.0,0.0,0.0,0.0,0.0,0.0,0.0,0.0,,0.0,34.0,19.0,254.0,13.37,1.0,50.0,53.4,40.9,,114,,3.12
281,Jim Dray,CLE,TE,28,16,8.0,0.0,0.0,0.0,0.0,0.0,0.0,0.0,,0.0,27.0,17.0,242.0,14.24,1.0,47.0,50.2,38.7,,41,,2.94
282,Bruce Miller,SFO,RB,27,16,8.0,0.0,0.0,0.0,0.0,0.0,6.0,9.0,1.5,0.0,25.0,18.0,189.0,10.5,2.0,48.0,51.8,38.8,,84,,3.0
283,Josh Gordon,CLE,WR,23,5,5.0,0.0,3.2,0.0,0.0,0.0,0.0,0.0,,0.0,150.4,76.8,969.6,12.63,0.0,172.8,57.3,42.3,,115,,10.8
284,Chad Henne,JAX,QB,29,3,3.0,224.0,416.0,2624.0,16.0,5.3,21.3,133.3,6.25,0.0,0.0,0.0,0.0,,0.0,160.0,35.2,31.2,,44,,10.0
285,Rhett Ellison,MIN,TE,26,16,13.0,0.0,0.0,0.0,0.0,0.0,0.0,0.0,,0.0,26.0,19.0,208.0,10.95,1.0,48.0,50.8,38.3,,42,,3.0
286,Bilal Powell,NYJ,RB,26,15,1.0,0.0,0.0,0.0,0.0,0.0,35.2,150.4,4.27,1.1,16.0,11.7,98.1,8.36,0.0,42.7,43.3,34.8,,85,,2.67
287,Ben Watson,NOR,TE,34,16,8.0,0.0,0.0,0.0,0.0,0.0,0.0,0.0,,0.0,31.0,20.0,136.0,6.8,2.0,48.0,48.6,35.6,,43,,3.0
288,Bryce Brown,BUF,RB,23,7,2.0,0.0,0.0,0.0,0.0,0.0,82.3,288.0,3.5,0.0,57.1,36.6,402.3,11.0,0.0,100.6,51.2,36.2,,86,,6.29
289,Montee Ball,DEN,RB,24,5,3.0,0.0,0.0,0.0,0.0,0.0,176.0,550.4,3.13,3.2,41.6,28.8,198.4,6.89,0.0,115.2,40.4,31.9,,87,,7.2
290,Bruce Ellington,SFO,WR,23,13,0.0,0.0,0.0,0.0,0.0,0.0,7.4,34.5,4.67,1.2,14.8,7.4,76.3,10.33,2.5,40.6,33.0,30.0,,116,,2.54
291,Kenbrell Thompkins,2TM,WR,26,14,7.0,0.0,0.0,0.0,0.0,0.0,2.3,5.7,2.5,0.0,54.9,24.0,299.4,12.48,0.0,54.9,50.7,37.2,,117,,3.43
292,Garrett Graham,HOU,TE,28,11,9.0,0.0,0.0,0.0,0.0,0.0,0.0,0.0,,0.0,40.7,26.2,286.5,10.94,1.5,64.0,46.7,34.7,,44,,4.0
293,Kerwynn Williams,ARI,RB,23,5,0.0,0.0,0.0,0.0,0.0,0.0,169.6,787.2,4.64,0.0,19.2,6.4,35.2,5.5,0.0,89.6,30.7,26.7,,88,,5.6
294,Albert Wilson,KAN,WR,22,12,2.0,0.0,0.0,0.0,0.0,0.0,0.0,0.0,,0.0,37.3,21.3,346.7,16.25,0.0,56.0,45.0,34.0,,119,,3.5
295,Danny Amendola,NWE,WR,29,16,4.0,0.0,0.0,0.0,0.0,0.0,0.0,0.0,,0.0,42.0,27.0,200.0,7.41,1.0,53.0,56.0,39.5,,118,,3.31
296,Nick Toon,NOR,WR,26,8,2.0,0.0,0.0,0.0,0.0,0.0,2.0,8.0,4.0,0.0,46.0,34.0,430.0,12.65,2.0,86.0,46.9,34.4,,120,,5.38
297,Rishard Matthews,MIA,WR,25,14,0.0,0.0,0.0,0.0,0.0,0.0,1.1,3.4,3.0,0.0,25.1,13.7,154.3,11.25,2.3,43.4,40.8,31.8,,121,,2.71
298,Marlon Brown,BAL,WR,23,14,1.0,0.0,0.0,0.0,0.0,0.0,0.0,0.0,,0.0,35.4,27.4,291.4,10.63,0.0,57.1,52.5,37.5,,122,,3.57
299,Brandon Tate,CIN,WR,27,16,4.0,0.0,0.0,0.0,0.0,0.0,3.0,21.0,7.0,0.0,26.0,17.0,193.0,11.35,1.0,42.0,46.4,33.9,,123,,2.62
300,Corey Fuller,DET,WR,24,16,2.0,0.0,0.0,0.0,0.0,0.0,0.0,0.0,,0.0,31.0,14.0,212.0,15.14,1.0,39.0,43.2,32.2,,124,,2.44
301,Greg Salas,NYJ,WR,26,10,2.0,0.0,0.0,0.0,0.0,0.0,1.6,32.0,20.0,1.6,36.8,12.8,267.2,20.88,0.0,52.8,35.7,28.7,,125,,3.3
302,Jack Doyle,IND,TE,24,16,1.0,0.0,0.0,0.0,0.0,0.0,0.0,0.0,,0.0,22.0,18.0,118.0,6.56,2.0,42.0,44.8,32.8,,45,,2.62
303,DeAngelo Williams,CAR,RB,31,6,6.0,0.0,0.0,0.0,0.0,0.0,165.3,584.0,3.53,0.0,16.0,13.3,117.3,8.8,0.0,77.3,33.3,26.8,,89,,4.83
304,Silas Redd,WAS,RB,22,15,0.0,0.0,0.0,0.0,0.0,0.0,17.1,80.0,4.69,1.1,10.7,8.5,114.1,13.38,0.0,34.1,35.2,28.2,,90,,2.13
305,Jonathan Grimes,HOU,RB,25,16,0.0,0.0,0.0,0.0,0.0,0.0,39.0,153.0,3.92,0.0,8.0,6.0,86.0,14.33,0.0,30.0,32.9,26.9,,91,,1.88
306,Ladarius Green,SDG,TE,24,14,4.0,0.0,0.0,0.0,0.0,0.0,0.0,0.0,,0.0,28.6,21.7,258.3,11.89,0.0,48.0,44.6,32.1,,46,,3.0
307,Case Keenum,HOU,QB,26,2,2.0,360.0,616.0,3480.0,16.0,16.0,80.0,280.0,3.5,0.0,0.0,0.0,0.0,,0.0,184.0,28.9,24.9,,45,,11.5
308,Matt Cassel,MIN,QB,32,3,3.0,218.7,378.7,2266.7,16.0,21.3,48.0,96.0,2.0,0.0,0.0,0.0,0.0,,0.0,122.7,29.8,26.8,,46,,7.67
309,Chris Givens,STL,WR,25,14,0.0,0.0,0.0,0.0,0.0,0.0,1.1,4.6,4.0,0.0,22.9,12.6,181.7,14.45,1.1,37.7,36.3,27.8,,126,,2.36
310,Eric Weems,ATL,WR,29,16,0.0,0.0,0.0,0.0,0.0,0.0,0.0,0.0,,0.0,11.0,10.0,102.0,10.2,2.0,32.0,35.2,27.2,,127,,2.0
311,Knowshon Moreno,MIA,RB,27,3,0.0,0.0,0.0,0.0,0.0,0.0,165.3,789.3,4.77,5.3,5.3,5.3,42.7,8.0,0.0,122.7,25.6,22.1,,92,,7.67
312,Chris Owusu,2TM,WR,24,8,0.0,0.0,0.0,0.0,0.0,0.0,2.0,46.0,23.0,2.0,12.0,12.0,156.0,13.0,2.0,56.0,28.1,25.1,,128,,3.5
313,Ka'Deem Carey,CHI,RB,22,14,0.0,0.0,0.0,0.0,0.0,0.0,41.1,180.6,4.39,0.0,6.9,5.7,65.1,11.4,0.0,30.9,29.5,24.0,,93,,1.93
314,Ryan Lindley,ARI,QB,25,3,2.0,240.0,496.0,2997.3,10.7,21.3,0.0,0.0,,0.0,0.0,0.0,0.0,,0.0,117.3,29.5,26.5,,47,,7.33
315,Jacob Tamme,DEN,TE,29,15,0.0,0.0,0.0,0.0,0.0,0.0,0.0,0.0,,0.0,29.9,14.9,116.3,7.79,2.1,37.3,38.9,27.9,,47,,2.33
316,Brenton Bersin,CAR,WR,24,15,1.0,0.0,0.0,0.0,0.0,0.0,0.0,0.0,,0.0,21.3,13.9,161.1,11.62,1.1,36.3,37.1,27.6,,129,,2.27
317,Kyle Juszczyk,BAL,RB,23,16,14.0,0.0,0.0,0.0,0.0,0.0,0.0,0.0,,0.0,27.0,19.0,182.0,9.58,1.0,39.0,44.2,29.7,,95,,2.44
318,Storm Johnson,JAX,RB,22,6,1.0,0.0,0.0,0.0,0.0,0.0,77.3,229.3,2.97,5.3,2.7,2.7,-10.7,-4.0,0.0,56.0,21.2,20.7,,96,,3.5
319,Peyton Hillis,NYG,RB,28,9,0.0,0.0,0.0,0.0,0.0,0.0,46.2,204.4,4.42,0.0,28.4,17.8,154.7,8.7,0.0,53.3,33.2,25.2,,94,,3.33
320,Mike Williams,BUF,WR,27,9,0.0,0.0,0.0,0.0,0.0,0.0,0.0,0.0,,0.0,33.8,14.2,252.4,17.75,1.8,49.8,31.2,24.2,,130,,3.11
321,Marquess Wilson,CHI,WR,22,7,6.0,0.0,0.0,0.0,0.0,0.0,0.0,0.0,,0.0,73.1,38.9,320.0,8.24,2.3,84.6,40.0,28.5,,131,,5.29
322,Ted Ginn,ARI,WR,29,16,0.0,1.0,1.0,10.0,0.0,0.0,3.0,6.0,2.0,0.0,26.0,14.0,190.0,13.57,0.0,34.0,43.0,33.0,,132,,2.12
323,Adam Thielen,MIN,WR,24,16,2.0,0.0,0.0,0.0,0.0,0.0,0.0,0.0,,0.0,13.0,8.0,137.0,17.13,1.0,28.0,30.7,23.7,,133,,1.75
324,Brandon Weeden,DAL,QB,31,5,1.0,76.8,131.2,969.6,9.6,6.4,19.2,-3.2,-0.17,0.0,0.0,0.0,0.0,,0.0,64.0,25.0,22.0,,48,,4.0
325,Ryan Mallett,HOU,QB,26,3,2.0,218.7,400.0,2133.3,10.7,10.7,32.0,-10.7,-0.33,0.0,0.0,0.0,0.0,,0.0,106.7,24.8,21.8,,49,,6.67
326,Tony Moeaki,SEA,TE,27,6,2.0,0.0,0.0,0.0,0.0,0.0,0.0,0.0,,0.0,34.7,21.3,357.3,16.75,2.7,72.0,30.4,23.4,,48,,4.5
327,Christine Michael,SEA,RB,24,10,0.0,0.0,0.0,0.0,0.0,0.0,54.4,280.0,5.15,0.0,3.2,1.6,19.2,12.0,0.0,32.0,22.7,19.2,,98,,2.0
328,Joe McKnight,KAN,RB,26,2,0.0,0.0,0.0,0.0,0.0,0.0,8.0,24.0,3.0,0.0,56.0,48.0,512.0,10.67,16.0,200.0,24.7,21.7,,97,,12.5
329,Brandon Myers,TAM,WR,29,14,6.0,0.0,0.0,0.0,0.0,0.0,0.0,0.0,,0.0,36.6,25.1,217.1,8.64,0.0,46.9,44.0,30.0,,134,,2.93
330,Crockett Gillmore,BAL,TE,23,15,1.0,0.0,0.0,0.0,0.0,0.0,0.0,0.0,,0.0,16.0,10.7,129.1,12.1,1.1,29.9,31.1,23.1,,49,,1.87
331,James Casey,PHI,TE,30,16,2.0,0.0,0.0,0.0,0.0,0.0,0.0,0.0,,0.0,3.0,3.0,59.0,19.67,2.0,21.0,20.9,19.4,,50,,1.31
332,Austin Pettis,2TM,WR,26,9,0.0,0.0,0.0,0.0,0.0,0.0,0.0,0.0,,0.0,30.2,21.3,209.8,9.83,1.8,53.3,32.8,23.8,,135,,3.33
333,Ed Dickson,CAR,WR,27,16,10.0,0.0,0.0,0.0,0.0,0.0,0.0,0.0,,0.0,17.0,10.0,115.0,11.5,1.0,28.0,30.5,22.5,,136,,1.75
334,Mike Tolbert,CAR,RB,29,8,6.0,0.0,0.0,0.0,0.0,0.0,74.0,156.0,2.11,0.0,34.0,24.0,186.0,7.75,0.0,58.0,29.1,23.1,,99,,3.62
335,John Kuhn,GNB,RB,32,16,2.0,0.0,0.0,0.0,0.0,0.0,24.0,85.0,3.54,1.0,4.0,4.0,23.0,5.75,0.0,21.0,20.8,18.8,,100,,1.31
336,Maurice Jones-Drew,OAK,RB,29,12,1.0,0.0,0.0,0.0,0.0,0.0,57.3,128.0,2.23,0.0,21.3,14.7,94.7,6.45,0.0,37.3,27.7,22.2,,101,,2.33
337,Matt Hasselbeck,IND,QB,39,4,0.0,120.0,176.0,1204.0,8.0,0.0,32.0,-44.0,-1.38,0.0,0.0,0.0,0.0,,0.0,68.0,20.9,16.9,,50,,4.25
338,Gary Barnidge,CLE,TE,29,13,2.0,0.0,0.0,0.0,0.0,0.0,0.0,0.0,,0.0,30.8,16.0,192.0,12.0,0.0,35.7,31.6,22.1,,51,,2.23
339,Jonathan Dwyer,ARI,RB,25,2,0.0,0.0,0.0,0.0,0.0,0.0,128.0,408.0,3.19,8.0,24.0,16.0,64.0,4.0,0.0,144.0,13.9,12.9,,102,,9.0
340,Brandon Bolden,NWE,RB,24,16,2.0,0.0,0.0,0.0,0.0,0.0,28.0,89.0,3.18,1.0,6.0,2.0,8.0,4.0,0.0,18.0,17.7,16.7,,103,,1.12
341,Michael Campanaro,BAL,WR,23,4,0.0,0.0,0.0,0.0,0.0,0.0,0.0,0.0,,0.0,36.0,28.0,408.0,14.57,4.0,92.0,26.2,19.7,,137,,5.75
342,Josh Morgan,CHI,WR,29,14,7.0,0.0,0.0,0.0,0.0,0.0,2.3,34.3,15.0,0.0,21.7,11.4,80.0,7.0,1.1,29.7,26.0,21.0,,138,,1.86
343,Joe Morgan,NOR,WR,26,5,2.0,0.0,0.0,0.0,0.0,0.0,3.2,214.4,67.0,0.0,32.0,12.8,294.4,23.0,0.0,64.0,19.9,17.9,,139,,4.0
344,Dontrelle Inman,SDG,WR,25,7,0.0,0.0,0.0,0.0,0.0,0.0,0.0,0.0,,0.0,38.9,27.4,361.1,13.17,0.0,64.0,30.8,21.8,,140,,4.0
345,Donnie Avery,KAN,WR,30,6,3.0,0.0,0.0,0.0,0.0,0.0,0.0,0.0,,0.0,69.3,40.0,469.3,11.73,0.0,82.7,34.6,23.1,,141,,5.17
346,Jimmy Clausen,CHI,QB,27,4,1.0,104.0,192.0,892.0,8.0,4.0,12.0,36.0,3.0,0.0,0.0,0.0,0.0,,0.0,64.0,16.8,16.8,,51,,4.0
347,Joseph Fauria,DET,TE,24,7,0.0,0.0,0.0,0.0,0.0,0.0,0.0,0.0,,0.0,27.4,13.7,169.1,12.33,2.3,48.0,21.4,18.4,,52,,3.0
348,Ryan Griffin,HOU,TE,24,16,2.0,0.0,0.0,0.0,0.0,0.0,0.0,0.0,,0.0,16.0,10.0,91.0,9.1,1.0,25.0,25.1,20.1,,53,,1.56
349,Robert Hughes,ARI,RB,25,16,4.0,0.0,0.0,0.0,0.0,0.0,7.0,11.0,1.57,0.0,12.0,8.0,140.0,17.5,0.0,23.0,26.1,19.1,,104,,1.44
350,Joe Banyard,MIN,RB,26,15,0.0,0.0,0.0,0.0,0.0,0.0,22.4,93.9,4.19,0.0,11.7,9.6,66.1,6.89,0.0,25.6,24.0,19.5,,105,,1.6
351,Zurlon Tipton,IND,RB,24,6,0.0,0.0,0.0,0.0,0.0,0.0,26.7,48.0,1.8,0.0,16.0,16.0,181.3,11.33,2.7,56.0,20.6,17.6,,106,,3.5
352,T.J. Graham,NYJ,WR,25,12,0.0,0.0,0.0,0.0,0.0,0.0,0.0,0.0,,0.0,10.7,4.0,116.0,29.0,1.3,24.0,17.7,16.2,,142,,1.5
353,Virgil Green,DEN,TE,26,13,9.0,0.0,0.0,0.0,0.0,0.0,2.5,3.7,1.5,0.0,7.4,7.4,91.1,12.33,1.2,24.6,19.7,16.7,,54,,1.54
354,Cory Harkey,STL,TE,24,16,13.0,0.0,0.0,0.0,0.0,0.0,0.0,0.0,,0.0,11.0,8.0,55.0,6.88,1.0,22.0,21.5,17.5,,55,,1.38
355,Anthony Sherman,KAN,RB,26,16,6.0,0.0,0.0,0.0,0.0,0.0,2.0,8.0,4.0,0.0,14.0,10.0,71.0,7.1,1.0,24.0,23.9,18.9,,107,,1.5
356,Rod Streater,OAK,WR,26,3,3.0,0.0,0.0,0.0,0.0,0.0,0.0,0.0,,0.0,69.3,48.0,448.0,9.33,5.3,122.7,23.4,18.9,,143,,7.67
357,Jamize Olawale,OAK,RB,25,16,0.0,0.0,0.0,0.0,0.0,0.0,2.0,0.0,0.0,0.0,6.0,5.0,18.0,3.6,2.0,19.0,18.8,16.3,,108,,1.19
358,Brian Tyms,NWE,WR,25,11,2.0,0.0,0.0,0.0,0.0,0.0,0.0,0.0,,0.0,16.0,7.3,119.3,16.4,1.5,27.6,19.2,16.7,,144,,1.73
359,Rex Burkhead,CIN,RB,24,9,0.0,0.0,0.0,0.0,0.0,0.0,16.0,48.0,3.0,1.8,17.8,12.4,87.1,7.0,0.0,37.3,20.6,17.1,,109,,2.33
360,MarQueis Gray,2TM,TE,25,13,5.0,0.0,0.0,0.0,0.0,0.0,0.0,0.0,,0.0,13.5,11.1,164.9,14.89,0.0,27.1,25.4,17.9,,56,,1.69
361,Rob Housler,ARI,TE,26,15,7.0,0.0,0.0,0.0,0.0,0.0,1.1,1.1,1.0,0.0,18.1,9.6,137.6,14.33,0.0,23.5,25.0,17.5,,57,,1.47
362,Dennis Pitta,BAL,TE,29,3,3.0,0.0,0.0,0.0,0.0,0.0,0.0,0.0,,0.0,112.0,85.3,666.7,7.81,0.0,154.7,31.5,20.5,,58,,9.67
363,Orleans Darkwa,2TM,RB,22,11,0.0,0.0,0.0,0.0,0.0,0.0,13.1,33.5,2.56,1.5,8.7,7.3,69.8,9.6,0.0,26.2,18.1,15.6,,110,,1.64
364,Marion Grice,ARI,RB,23,10,0.0,0.0,1.6,0.0,0.0,0.0,24.0,65.6,2.73,1.6,17.6,11.2,46.4,4.14,0.0,32.0,20.0,16.5,,111,,2.0
365,Matt Spaeth,PIT,WR,31,15,8.0,0.0,0.0,0.0,0.0,0.0,0.0,0.0,,0.0,4.3,3.2,49.1,15.33,1.1,17.1,15.6,14.1,,145,,1.07
366,Chase Coffman,TEN,TE,28,13,3.0,0.0,0.0,0.0,0.0,0.0,0.0,0.0,,0.0,17.2,7.4,78.8,10.67,1.2,22.2,18.4,15.4,,59,,1.38
367,Dante Rosario,CHI,TE,30,16,3.0,0.0,0.0,0.0,0.0,0.0,0.0,0.0,,0.0,22.0,16.0,116.0,7.25,0.0,28.0,31.6,19.6,,60,,1.75
368,Patrick DiMarco,ATL,RB,25,16,7.0,0.0,0.0,0.0,0.0,0.0,0.0,0.0,,0.0,14.0,9.0,62.0,6.89,1.0,21.0,21.2,16.7,,112,,1.31
369,Jed Collins,DET,RB,28,16,2.0,0.0,0.0,0.0,0.0,0.0,8.0,19.0,2.38,0.0,6.0,5.0,39.0,7.8,1.0,17.0,16.8,14.3,,113,,1.06
370,John Conner,NYJ,RB,27,12,3.0,0.0,0.0,0.0,0.0,0.0,8.0,26.7,3.33,0.0,4.0,2.7,46.7,17.5,1.3,18.7,13.5,12.5,,114,,1.17
371,James Wright,CIN,WR,23,11,0.0,0.0,0.0,0.0,0.0,0.0,4.4,43.6,10.0,0.0,23.3,7.3,132.4,18.2,0.0,24.7,17.1,14.6,,146,,1.55
372,Vincent Brown,OAK,WR,25,7,0.0,0.0,0.0,0.0,0.0,0.0,0.0,0.0,,0.0,48.0,27.4,269.7,9.83,0.0,54.9,26.8,17.8,,149,,3.43
373,Robert Herron,TAM,WR,22,8,0.0,0.0,0.0,0.0,0.0,0.0,2.0,0.0,0.0,0.0,24.0,12.0,116.0,9.67,2.0,36.0,17.8,14.8,,148,,2.25
374,Logan Paulsen,WAS,WR,27,16,12.0,0.0,0.0,0.0,0.0,0.0,0.0,0.0,,0.0,16.0,13.0,78.0,6.0,1.0,25.0,25.8,18.3,,147,,1.56
375,Santana Moss,WAS,WR,35,10,0.0,0.0,0.0,0.0,0.0,0.0,0.0,0.0,,0.0,24.0,16.0,185.6,11.6,0.0,35.2,24.6,16.6,,150,,2.2
376,Christian Ponder,MIN,QB,26,2,1.0,176.0,352.0,1776.0,0.0,16.0,32.0,128.0,4.0,8.0,0.0,0.0,0.0,,0.0,96.0,14.5,14.5,,52,,6.0
377,Jimmy Garoppolo,NWE,QB,23,6,0.0,50.7,72.0,485.3,2.7,0.0,26.7,24.0,0.9,0.0,0.0,0.0,0.0,,0.0,32.0,12.2,12.2,,53,,2.0
378,Johnny Manziel,CLE,QB,22,5,2.0,57.6,112.0,560.0,0.0,6.4,28.8,92.8,3.22,3.2,0.0,0.0,0.0,,0.0,38.4,13.9,13.9,,54,,2.4
379,Adrien Robinson,NYG,TE,26,16,1.0,0.0,0.0,0.0,0.0,0.0,0.0,0.0,,0.0,7.0,5.0,50.0,10.0,1.0,16.0,16.0,13.5,,61,,1.0
380,Derek Carrier,SFO,TE,24,11,1.0,0.0,0.0,0.0,0.0,0.0,1.5,2.9,2.0,0.0,20.4,13.1,152.7,11.67,0.0,29.1,22.7,15.2,,62,,1.82
381,Chris Ogbonnaya,2TM,RB,28,7,0.0,0.0,0.0,0.0,0.0,0.0,32.0,114.3,3.57,2.3,2.3,0.0,0.0,,0.0,25.1,11.0,11.0,,115,,1.57
382,Darrin Reaves,CAR,RB,21,6,1.0,0.0,0.0,0.0,0.0,0.0,82.7,208.0,2.52,0.0,21.3,13.3,82.7,6.2,0.0,42.7,15.9,13.4,,116,,2.67
383,Robert Meachem,NOR,WR,30,11,2.0,0.0,0.0,0.0,0.0,0.0,0.0,0.0,,0.0,29.1,10.2,165.8,16.29,0.0,26.2,21.4,14.9,,151,,1.64
384,Ronnie Brown,2TM,RB,33,10,0.0,0.0,0.0,0.0,0.0,0.0,32.0,100.8,3.15,0.0,12.8,8.0,70.4,8.8,0.0,25.6,15.7,13.2,,117,,1.6
385,Corey Washington,NYG,WR,23,14,0.0,0.0,0.0,0.0,0.0,0.0,0.0,0.0,,0.0,9.1,5.7,59.4,10.4,1.1,18.3,16.2,13.7,,152,,1.14
386,Chris Gragg,BUF,WR,24,10,5.0,0.0,0.0,0.0,0.0,0.0,0.0,0.0,,0.0,16.0,11.2,76.8,6.86,1.6,28.8,17.8,14.3,,154,,1.8
387,Junior Hemingway,KAN,WR,26,14,1.0,0.0,0.0,0.0,0.0,0.0,0.0,0.0,,0.0,25.1,13.7,123.4,9.0,0.0,26.3,25.8,16.8,,153,,1.64
388,Jacoby Jones,BAL,WR,30,16,0.0,0.0,0.0,0.0,0.0,0.0,3.0,16.0,5.33,0.0,18.0,9.0,131.0,14.56,0.0,20.0,30.7,21.2,,155,,1.25
389,Lee Smith,BUF,TE,27,14,10.0,0.0,0.0,0.0,0.0,0.0,0.0,0.0,,0.0,9.1,8.0,48.0,6.0,1.1,19.4,17.2,13.7,,63,,1.21
390,Brian Leonhardt,OAK,TE,24,12,3.0,0.0,0.0,0.0,0.0,0.0,0.0,0.0,,0.0,10.7,8.0,46.7,5.83,1.3,21.3,15.5,12.5,,64,,1.33
391,Chris Thompson,WAS,RB,24,2,0.0,0.0,0.0,0.0,0.0,0.0,24.0,96.0,4.0,0.0,56.0,48.0,216.0,4.5,8.0,128.0,15.9,12.9,,118,,8.0
392,Austin Johnson,NOR,RB,25,7,1.0,0.0,0.0,0.0,0.0,0.0,18.3,50.3,2.75,0.0,4.6,4.6,34.3,7.5,2.3,27.4,11.7,10.7,,120,,1.71
393,Jackie Battle,TEN,RB,31,16,1.0,0.0,0.0,0.0,0.0,0.0,5.0,9.0,1.8,1.0,5.0,5.0,28.0,5.6,0.0,15.0,14.7,12.2,,119,,0.94
394,Kevin Norwood,SEA,WR,25,9,2.0,0.0,0.0,0.0,0.0,0.0,0.0,0.0,,0.0,17.8,16.0,181.3,11.33,0.0,33.8,22.2,14.7,,156,,2.11
395,Denarius Moore,OAK,WR,26,10,2.0,0.0,0.0,0.0,0.0,0.0,1.6,1.6,1.0,0.0,43.2,19.2,184.0,9.58,0.0,35.2,25.6,15.6,,157,,2.2
396,C.J. Fiedorowicz,HOU,TE,23,15,8.0,0.0,0.0,0.0,0.0,0.0,0.0,0.0,,0.0,7.5,4.3,29.9,7.0,1.1,13.9,12.8,10.8,,65,,0.87
397,Ryan Hewitt,CIN,TE,23,16,11.0,0.0,0.0,0.0,0.0,0.0,1.0,0.0,0.0,0.0,15.0,10.0,86.0,8.6,0.0,19.0,18.6,13.6,,66,,1.19
398,Zach Sudfeld,NYJ,TE,25,16,3.0,0.0,0.0,0.0,0.0,0.0,0.0,0.0,,0.0,7.0,5.0,85.0,17.0,0.0,14.0,13.5,11.0,,67,,0.88
399,Adrian Peterson,MIN,RB,29,1,1.0,0.0,0.0,0.0,0.0,0.0,336.0,1200.0,3.57,0.0,48.0,32.0,288.0,9.0,0.0,176.0,11.3,10.3,,121,,11.0
400,Cyrus Gray,KAN,RB,25,9,0.0,0.0,0.0,0.0,0.0,0.0,14.2,55.1,3.88,1.8,0.0,0.0,0.0,,0.0,16.0,9.1,9.1,,122,,1.0
401,Derrick Coleman,SEA,RB,24,5,1.0,0.0,0.0,0.0,0.0,0.0,0.0,0.0,,0.0,6.4,6.4,92.8,14.5,3.2,35.2,10.9,9.9,,123,,2.2
402,Frank Summers,BUF,RB,29,10,6.0,0.0,0.0,0.0,0.0,0.0,9.6,27.2,2.83,1.6,12.8,8.0,14.4,1.8,0.0,22.4,13.6,11.1,,124,,1.4
403,A.J. Jenkins,KAN,WR,25,9,2.0,0.0,0.0,0.0,0.0,0.0,3.6,-3.6,-1.0,0.0,26.7,16.0,165.3,10.33,0.0,32.0,18.1,13.6,,158,,2.0
404,Josh Huff,PHI,WR,23,12,0.0,0.0,0.0,0.0,0.0,0.0,1.3,9.3,7.0,0.0,24.0,10.7,130.7,12.25,0.0,22.7,23.5,18.5,,160,,1.42
405,David Nelson,NYJ,WR,28,6,5.0,0.0,0.0,0.0,0.0,0.0,0.0,0.0,,0.0,42.7,21.3,173.3,8.13,0.0,45.3,14.5,10.5,,159,,2.83
406,Zach Miller,SEA,TE,29,3,3.0,0.0,0.0,0.0,0.0,0.0,0.0,0.0,,0.0,37.3,32.0,405.3,12.67,0.0,74.7,13.6,10.6,,69,,4.67
407,Nic Jacobs,JAX,TE,23,13,4.0,0.0,0.0,0.0,0.0,0.0,0.0,0.0,,0.0,3.7,2.5,19.7,8.0,1.2,12.3,9.6,8.6,,68,,0.77
408,Will Ta'ufo'ou,JAX,RB,28,16,4.0,0.0,0.0,0.0,0.0,0.0,0.0,0.0,,0.0,8.0,7.0,81.0,11.57,0.0,15.0,15.1,11.6,,125,,0.94
409,Dane Sanzenbacher,CIN,WR,26,10,1.0,0.0,0.0,0.0,0.0,0.0,1.6,-1.6,-1.0,0.0,24.0,14.4,168.0,11.67,0.0,27.2,21.4,12.9,,161,,1.7
410,Dwayne Harris,DAL,WR,27,16,0.0,0.0,0.0,0.0,0.0,0.0,4.0,7.0,1.75,0.0,12.0,7.0,116.0,16.57,0.0,15.0,20.3,11.8,,162,,0.94
411,DuJuan Harris,GNB,RB,26,15,0.0,0.0,0.0,0.0,0.0,0.0,17.1,68.3,4.0,0.0,2.1,1.1,11.7,11.0,0.0,9.6,8.5,8.0,,126,,0.6
412,Keshawn Martin,HOU,WR,24,16,0.0,0.0,0.0,0.0,0.0,0.0,0.0,0.0,,0.0,12.0,6.0,78.0,13.0,0.0,14.0,13.8,10.8,,163,,0.88
413,Chase Daniel,KAN,QB,28,3,1.0,85.3,149.3,837.3,0.0,0.0,21.3,80.0,3.75,0.0,0.0,0.0,0.0,,0.0,42.7,7.8,7.8,,55,,2.67
414,Darren Fells,ARI,TE,28,10,5.0,0.0,0.0,0.0,0.0,0.0,0.0,0.0,,0.0,19.2,8.0,113.6,14.2,0.0,19.2,12.1,9.6,,70,,1.2
415,Brandon Pettigrew,DET,TE,29,14,9.0,0.0,0.0,0.0,0.0,0.0,0.0,0.0,,0.0,17.1,11.4,80.0,7.0,0.0,19.4,17.0,12.0,,71,,1.21
416,George Winn,DET,RB,24,12,0.0,0.0,0.0,0.0,0.0,0.0,25.3,97.3,3.84,0.0,4.0,0.0,0.0,,0.0,9.3,7.3,7.3,,127,,0.58
417,Danny Woodhead,SDG,RB,29,3,0.0,0.0,0.0,0.0,0.0,0.0,80.0,202.7,2.53,0.0,32.0,26.7,181.3,6.8,0.0,64.0,12.2,9.7,,128,,4.0
418,Erik Lorig,NOR,RB,28,10,6.0,0.0,0.0,0.0,0.0,0.0,4.8,6.4,1.33,0.0,16.0,14.4,43.2,3.0,1.6,25.6,17.1,11.6,,129,,1.6
419,Cedric Peerman,CIN,RB,28,16,0.0,0.0,0.0,0.0,0.0,0.0,15.0,43.0,2.87,0.0,5.0,3.0,27.0,9.0,0.0,10.0,10.0,8.5,,130,,0.62
420,Justin Brown,PIT,WR,23,8,1.0,0.0,0.0,0.0,0.0,0.0,0.0,0.0,,0.0,42.0,24.0,188.0,7.83,0.0,38.0,20.4,13.4,,164,,2.38
421,Greg Little,CIN,WR,25,6,1.0,0.0,0.0,0.0,0.0,0.0,0.0,0.0,,0.0,32.0,16.0,184.0,11.5,0.0,34.7,12.9,9.9,,165,,2.17
422,Mike Brown,JAX,WR,25,5,1.0,0.0,0.0,0.0,0.0,0.0,0.0,0.0,,0.0,48.0,22.4,281.6,12.57,0.0,44.8,14.8,10.3,,166,,2.8
423,Ryan Grant,WAS,WR,24,16,2.0,0.0,0.0,0.0,0.0,0.0,0.0,0.0,,0.0,15.0,7.0,68.0,9.71,0.0,14.0,13.8,10.3,,167,,0.88
424,Santonio Holmes,CHI,WR,30,9,2.0,0.0,0.0,0.0,0.0,0.0,0.0,0.0,,0.0,24.9,14.2,119.1,8.38,0.0,26.7,14.7,10.7,,168,,1.67
425,Logan Thomas,ARI,QB,23,2,0.0,8.0,72.0,648.0,8.0,0.0,0.0,0.0,,0.0,0.0,0.0,0.0,,0.0,56.0,7.2,7.2,,56,,3.5
426,Brandon Bostick,GNB,TE,25,13,0.0,0.0,0.0,0.0,0.0,0.0,0.0,0.0,,0.0,4.9,2.5,3.7,1.5,1.2,9.8,8.3,7.3,,72,,0.62
427,Bear Pascoe,ATL,TE,28,16,2.0,0.0,0.0,0.0,0.0,0.0,0.0,0.0,,0.0,2.0,2.0,3.0,1.5,1.0,8.0,8.3,7.3,,73,,0.5
428,John Phillips,SDG,TE,27,16,1.0,0.0,0.0,0.0,0.0,0.0,0.0,0.0,,0.0,1.0,1.0,1.0,1.0,1.0,7.0,7.1,6.6,,75,,0.44
429,Michael Palmer,PIT,TE,26,15,1.0,0.0,0.0,0.0,0.0,0.0,0.0,0.0,,0.0,2.1,1.1,1.1,1.0,1.1,7.5,7.1,6.6,,74,,0.47
430,James White,NWE,RB,22,3,0.0,0.0,0.0,0.0,0.0,0.0,48.0,202.7,4.22,0.0,26.7,26.7,122.7,4.6,0.0,58.7,11.1,8.6,,131,,3.67
431,Jorvorskie Lane,TAM,RB,27,9,4.0,0.0,0.0,0.0,0.0,0.0,5.3,103.1,19.33,0.0,1.8,1.8,5.3,3.0,0.0,12.4,7.1,6.6,,132,,0.78
432,Dri Archer,PIT,WR,23,12,0.0,0.0,0.0,0.0,0.0,0.0,13.3,53.3,4.0,0.0,13.3,9.3,30.7,3.29,0.0,17.3,13.3,9.8,,169,,1.08
433,Russell Shepard,TAM,WR,24,16,0.0,0.0,0.0,0.0,0.0,0.0,0.0,0.0,,0.0,8.0,4.0,63.0,15.75,0.0,10.0,10.3,8.3,,170,,0.62
434,Bryan Walters,SEA,WR,27,13,0.0,0.0,0.0,0.0,0.0,0.0,1.2,-2.5,-2.0,0.0,13.5,7.4,70.2,9.5,0.0,14.8,11.5,8.5,,171,,0.92
435,Brock Osweiler,DEN,QB,24,4,0.0,16.0,40.0,208.0,4.0,0.0,32.0,0.0,0.0,0.0,0.0,0.0,0.0,,0.0,24.0,6.1,6.1,,57,,1.5
436,Blaine Gabbert,SFO,QB,25,1,0.0,48.0,112.0,608.0,16.0,0.0,16.0,80.0,5.0,0.0,0.0,0.0,0.0,,0.0,96.0,6.0,6.0,,58,,6.0
437,Garrett Celek,SFO,TE,26,3,1.0,0.0,0.0,0.0,0.0,0.0,0.0,0.0,,0.0,10.7,10.7,282.7,26.5,0.0,37.3,7.3,6.3,,76,,2.33
438,James Hanna,DAL,TE,25,16,12.0,0.0,0.0,0.0,0.0,0.0,0.0,0.0,,0.0,6.0,4.0,48.0,12.0,0.0,9.0,8.8,6.8,,77,,0.56
439,Kris Durham,TEN,WR,26,4,0.0,0.0,0.0,0.0,0.0,0.0,0.0,0.0,,0.0,44.0,24.0,216.0,9.0,0.0,44.0,11.4,8.4,,172,,2.75
440,James Develin,NWE,RB,26,16,4.0,0.0,0.0,0.0,0.0,0.0,3.0,5.0,1.67,0.0,8.0,6.0,43.0,7.17,0.0,11.0,10.8,7.8,,133,,0.69
441,Trey Watts,STL,RB,23,14,0.0,0.0,0.0,0.0,0.0,0.0,8.0,34.3,4.29,0.0,4.6,3.4,20.6,6.0,0.0,9.1,7.8,6.3,,134,,0.57
442,Marquise Goodwin,BUF,WR,24,10,0.0,0.0,0.0,0.0,0.0,0.0,4.8,12.8,2.67,0.0,14.4,1.6,67.2,42.0,0.0,9.6,6.0,5.5,,173,,0.6
443,Kevin Ogletree,NYG,WR,27,7,0.0,0.0,0.0,0.0,0.0,0.0,0.0,0.0,,0.0,20.6,11.4,114.3,10.0,0.0,22.9,10.0,7.5,,174,,1.43
444,Andre Caldwell,DEN,WR,29,16,2.0,0.0,0.0,0.0,0.0,0.0,0.0,0.0,,0.0,15.0,5.0,47.0,9.4,0.0,10.0,9.7,7.2,,175,,0.62
445,Jeff Maehl,PHI,WR,25,8,0.0,0.0,0.0,0.0,0.0,0.0,0.0,0.0,,0.0,10.0,10.0,92.0,9.2,0.0,20.0,9.6,7.1,,176,,1.25
446,Frankie Hammond,KAN,WR,24,16,3.0,0.0,0.0,0.0,0.0,0.0,0.0,0.0,,0.0,11.0,4.0,45.0,11.25,0.0,9.0,8.5,6.5,,178,,0.56
447,Seyi Ajirotutu,SDG,WR,27,16,1.0,0.0,0.0,0.0,0.0,0.0,0.0,0.0,,0.0,12.0,4.0,45.0,11.25,0.0,9.0,8.5,6.5,,177,,0.56
448,Matt McGloin,OAK,QB,25,1,0.0,192.0,304.0,2064.0,16.0,32.0,32.0,48.0,1.5,0.0,0.0,0.0,0.0,,0.0,80.0,7.5,7.5,,59,,5.0
449,Michael Hoomanawanui,NWE,TE,26,16,12.0,0.0,0.0,0.0,0.0,0.0,0.0,0.0,,0.0,6.0,3.0,44.0,14.67,0.0,7.0,7.4,5.9,,78,,0.44
450,Brandon Williams,CAR,TE,27,14,0.0,0.0,0.0,0.0,0.0,0.0,0.0,0.0,,0.0,9.1,4.6,50.3,11.0,0.0,9.1,8.4,6.4,,79,,0.57
451,Troy Niklas,ARI,TE,22,7,2.0,0.0,0.0,0.0,0.0,0.0,0.0,0.0,,0.0,6.9,6.9,86.9,12.67,0.0,16.0,6.8,5.3,,80,,1.0
452,Tyler Eifert,CIN,TE,24,1,1.0,0.0,0.0,0.0,0.0,0.0,0.0,0.0,,0.0,48.0,48.0,592.0,12.33,0.0,112.0,6.7,5.2,,81,,7.0
453,Michael Cox,NYG,RB,26,4,0.0,0.0,0.0,0.0,0.0,0.0,16.0,132.0,8.25,0.0,12.0,8.0,36.0,4.5,0.0,24.0,6.2,5.2,,135,,1.5
454,Will Johnson,PIT,RB,25,16,5.0,0.0,0.0,0.0,0.0,0.0,2.0,0.0,0.0,0.0,9.0,6.0,41.0,6.83,0.0,10.0,10.1,7.1,,136,,0.62
455,Fitzgerald Toussaint,BAL,RB,24,4,0.0,0.0,0.0,0.0,0.0,0.0,24.0,48.0,2.0,0.0,24.0,12.0,108.0,9.0,0.0,28.0,6.9,5.4,,137,,1.75
456,Quinton Patton,SFO,WR,24,4,0.0,0.0,0.0,0.0,0.0,0.0,4.0,80.0,20.0,0.0,32.0,12.0,176.0,14.67,0.0,28.0,8.4,5.9,,179,,1.75
457,Luke Stocker,TAM,WR,26,13,7.0,0.0,0.0,0.0,0.0,0.0,0.0,0.0,,0.0,13.5,8.6,50.5,5.86,0.0,13.5,11.1,7.6,,180,,0.85
458,Aaron Dobson,NWE,WR,23,4,1.0,0.0,0.0,0.0,0.0,0.0,0.0,0.0,,0.0,20.0,12.0,152.0,12.67,0.0,28.0,6.8,5.3,,181,,1.75
459,Jerrel Jernigan,NYG,WR,25,2,1.0,0.0,0.0,0.0,0.0,0.0,8.0,-16.0,-2.0,0.0,72.0,48.0,320.0,6.67,0.0,80.0,9.8,6.8,,182,,5.0
460,Ace Sanders,JAX,WR,23,12,0.0,0.0,0.0,0.0,0.0,0.0,0.0,0.0,,0.0,9.3,8.0,73.3,9.17,0.0,13.3,10.5,6.5,,183,,0.83
461,Connor Shaw,CLE,QB,23,1,1.0,224.0,448.0,2832.0,0.0,16.0,112.0,144.0,1.29,0.0,0.0,0.0,0.0,,0.0,64.0,6.0,5.0,,60,,4.0
462,Phillip Supernaw,2TM,TE,24,8,1.0,0.0,0.0,0.0,0.0,0.0,0.0,0.0,,0.0,6.0,6.0,60.0,10.0,0.0,12.0,6.0,4.5,,82,,0.75
463,Craig Stevens,TEN,TE,30,5,4.0,0.0,0.0,0.0,0.0,0.0,0.0,0.0,,0.0,6.4,6.4,83.2,13.0,0.0,16.0,4.6,3.6,,83,,1.0
464,Tommy Bohanon,NYJ,RB,24,4,2.0,0.0,0.0,0.0,0.0,0.0,4.0,12.0,3.0,0.0,8.0,8.0,120.0,15.0,0.0,20.0,5.3,4.3,,138,,1.25
465,Mike James,TAM,RB,23,11,0.0,0.0,0.0,0.0,0.0,0.0,27.6,53.8,1.95,0.0,1.5,1.5,-7.3,-5.0,0.0,5.8,4.2,3.7,,139,,0.36
466,Alfonso Smith,SFO,RB,27,6,0.0,0.0,0.0,0.0,0.0,0.0,18.7,50.7,2.71,0.0,10.7,8.0,29.3,3.67,0.0,16.0,6.0,4.5,,140,,1.0
467,Jerome Felton,MIN,RB,28,16,3.0,0.0,0.0,0.0,0.0,0.0,4.0,27.0,6.75,0.0,2.0,0.0,0.0,,0.0,3.0,8.7,8.7,,141,,0.19
468,DeVier Posey,HOU,WR,25,1,1.0,0.0,0.0,0.0,0.0,0.0,0.0,0.0,,0.0,16.0,16.0,480.0,30.0,0.0,64.0,4.0,3.5,,184,,4.0
469,Ryan Broyles,DET,WR,26,5,0.0,0.0,0.0,0.0,0.0,0.0,0.0,0.0,,0.0,16.0,6.4,80.0,12.5,0.0,16.0,4.5,3.5,,185,,1.0
470,Taylor Thompson,TEN,TE,25,3,1.0,0.0,0.0,0.0,0.0,0.0,0.0,0.0,,0.0,21.3,10.7,128.0,12.0,0.0,21.3,4.4,3.4,,84,,1.33
471,Gator Hoskins,2TM,TE,23,15,0.0,0.0,0.0,0.0,0.0,0.0,0.0,0.0,,0.0,4.3,3.2,22.4,7.0,0.0,5.3,5.1,3.6,,85,,0.33
472,Kevin Brock,CIN,TE,28,14,2.0,0.0,0.0,0.0,0.0,0.0,0.0,0.0,,0.0,6.9,5.7,24.0,4.2,0.0,8.0,7.1,4.6,,86,,0.5
473,Demetrius Harris,KAN,TE,23,8,3.0,0.0,0.0,0.0,0.0,0.0,0.0,0.0,,0.0,10.0,6.0,40.0,6.67,0.0,10.0,5.0,3.5,,87,,0.62
474,Cameron Brate,TAM,TE,23,5,1.0,0.0,0.0,0.0,0.0,0.0,0.0,0.0,,0.0,3.2,3.2,54.4,17.0,0.0,9.6,2.7,2.2,,88,,0.6
475,Jay Prosch,HOU,RB,22,16,5.0,0.0,0.0,0.0,0.0,0.0,0.0,0.0,,0.0,4.0,1.0,24.0,24.0,0.0,3.0,3.4,2.9,,142,,0.19
476,Jeremy Stewart,DEN,RB,25,6,0.0,0.0,0.0,0.0,0.0,0.0,16.0,58.7,3.67,0.0,0.0,0.0,0.0,,0.0,5.3,2.2,2.2,,143,,0.33
477,Kiero Small,CLE,,25,3,3.0,0.0,0.0,0.0,0.0,0.0,0.0,0.0,,0.0,,0.0,0.0,,0.0,10.7,,,,144,,0.67
478,Shaun Draughn,3TM,RB,27,10,0.0,0.0,0.0,0.0,0.0,0.0,16.0,30.4,1.9,0.0,0.0,0.0,0.0,,0.0,3.2,1.9,1.9,,145,,0.2
479,Jarrett Boykin,GNB,WR,25,13,3.0,0.0,0.0,0.0,0.0,0.0,0.0,0.0,,0.0,14.8,3.7,28.3,7.67,0.0,6.2,5.3,3.8,,186,,0.38
480,Ray Agnew,CLE,RB,23,12,9.0,0.0,0.0,0.0,0.0,0.0,2.7,2.7,1.0,0.0,12.0,4.0,20.0,5.0,0.0,6.7,4.7,3.2,,146,,0.42
481,Cody Latimer,DEN,WR,22,8,0.0,0.0,0.0,0.0,0.0,0.0,0.0,0.0,,0.0,8.0,4.0,46.0,11.5,0.0,8.0,4.3,3.3,,187,,0.5
482,Josh Harris,PIT,RB,23,5,0.0,0.0,0.0,0.0,0.0,0.0,28.8,51.2,1.78,0.0,0.0,0.0,0.0,,0.0,6.4,1.6,1.6,,147,,0.4
483,Brian Leonard,NOR,RB,30,1,0.0,0.0,0.0,0.0,0.0,0.0,0.0,0.0,,0.0,16.0,16.0,240.0,15.0,0.0,48.0,2.5,2.0,,148,,3.0
484,Solomon Patton,2TM,WR,24,13,0.0,0.0,0.0,0.0,0.0,0.0,1.2,23.4,19.0,0.0,0.0,0.0,0.0,,0.0,2.5,1.9,1.9,,188,,0.15
485,Devin Street,DAL,WR,23,16,0.0,0.0,0.0,0.0,0.0,0.0,0.0,0.0,,0.0,7.0,2.0,18.0,9.0,0.0,4.0,3.8,2.8,,189,,0.25
486,Jeff Janis,GNB,WR,23,3,0.0,0.0,0.0,0.0,0.0,0.0,0.0,0.0,,0.0,10.7,10.7,85.3,8.0,0.0,21.3,3.6,2.6,,190,,1.33
487,Ryan Nassib,NYG,QB,24,4,0.0,16.0,20.0,240.0,0.0,0.0,8.0,-12.0,-1.5,0.0,0.0,0.0,0.0,,0.0,8.0,2.1,2.1,,61,,0.5
488,Matt Simms,NYJ,QB,26,1,0.0,48.0,128.0,624.0,0.0,0.0,16.0,32.0,2.0,0.0,0.0,0.0,0.0,,0.0,32.0,1.8,1.8,,62,,2.0
489,Joe Webb,CAR,QB,28,7,0.0,0.0,0.0,0.0,0.0,0.0,0.0,0.0,,0.0,6.9,2.3,36.6,16.0,0.0,6.9,2.6,2.1,,63,,0.43
490,David Ausberry,OAK,TE,27,6,0.0,0.0,0.0,0.0,0.0,0.0,0.0,0.0,,0.0,10.7,5.3,37.3,7.0,0.0,8.0,3.4,2.4,,89,,0.5
491,Trey Burton,PHI,TE,23,15,0.0,0.0,0.0,0.0,0.0,0.0,5.3,10.7,2.0,0.0,0.0,0.0,0.0,,0.0,1.1,1.0,1.0,,90,,0.07
492,Vance McDonald,SFO,TE,24,8,4.0,0.0,0.0,0.0,0.0,0.0,0.0,0.0,,0.0,16.0,4.0,60.0,15.0,0.0,6.0,4.0,2.0,,91,,0.38
493,Marcel Jensen,JAX,TE,24,1,0.0,0.0,0.0,0.0,0.0,0.0,0.0,0.0,,0.0,16.0,16.0,128.0,8.0,0.0,32.0,1.8,1.3,,92,,2.0
494,Henry Hynoski,NYG,RB,26,16,4.0,0.0,0.0,0.0,0.0,0.0,7.0,13.0,1.86,0.0,0.0,0.0,0.0,,0.0,1.0,1.3,1.3,,149,,0.06
495,Antonio Andrews,TEN,RB,23,4,0.0,0.0,0.0,0.0,0.0,0.0,0.0,0.0,,0.0,8.0,8.0,44.0,5.5,0.0,12.0,3.1,2.1,,150,,0.75
496,LaMichael James,2TM,RB,25,3,0.0,0.0,0.0,0.0,0.0,0.0,26.7,48.0,1.8,0.0,5.3,0.0,0.0,,0.0,5.3,0.9,0.9,,151,,0.33
497,Damian Williams,2TM,WR,26,3,0.0,0.0,0.0,0.0,0.0,0.0,0.0,0.0,,0.0,5.3,5.3,74.7,14.0,0.0,10.7,2.4,1.9,,191,,0.67
498,Tavarres King,TAM,WR,24,2,0.0,0.0,0.0,0.0,0.0,0.0,0.0,0.0,,0.0,24.0,16.0,104.0,6.5,0.0,24.0,3.3,2.3,,192,,1.5
499,Darrius Heyward-Bey,PIT,WR,27,16,1.0,0.0,0.0,0.0,0.0,0.0,0.0,0.0,,0.0,5.0,3.0,33.0,11.0,0.0,4.0,5.3,2.8,,193,,0.25
500,Will Tukuafu,SEA,RB,30,9,2.0,0.0,0.0,0.0,0.0,0.0,1.8,3.6,2.0,0.0,3.6,1.8,7.1,4.0,0.0,3.6,1.6,1.1,,152,,0.22
501,Brad Smith,PHI,WR,31,13,0.0,0.0,0.0,0.0,0.0,0.0,0.0,0.0,,0.0,3.7,1.2,13.5,11.0,0.0,2.5,2.1,1.6,,194,,0.15
502,Courtney Roby,ATL,WR,31,4,0.0,0.0,0.0,0.0,0.0,0.0,0.0,0.0,,0.0,8.0,4.0,44.0,11.0,0.0,8.0,2.1,1.6,,195,,0.5
503,Micheal Spurlock,CHI,WR,31,1,0.0,0.0,0.0,0.0,0.0,0.0,0.0,0.0,,0.0,48.0,16.0,128.0,8.0,0.0,32.0,1.8,1.3,,196,,2.0
504,Josh Cribbs,IND,WR,31,6,0.0,0.0,0.0,0.0,0.0,0.0,0.0,0.0,,0.0,2.7,2.7,21.3,8.0,0.0,5.3,1.8,1.3,,197,,0.33
505,Aldrick Robinson,2TM,WR,26,7,0.0,0.0,0.0,0.0,0.0,0.0,0.0,0.0,,0.0,,2.3,13.7,6.0,0.0,4.6,1.6,1.1,,198,,0.29
506,Jason Campbell,CIN,QB,33,4,0.0,44.0,76.0,296.0,0.0,0.0,4.0,4.0,1.0,0.0,0.0,0.0,0.0,,0.0,4.0,2.1,1.1,,64,,0.25
507,Matt Moore,MIA,QB,30,2,0.0,16.0,32.0,168.0,0.0,0.0,16.0,-16.0,-1.0,0.0,0.0,0.0,0.0,,0.0,8.0,0.6,0.6,,65,,0.5
508,T.J. Yates,ATL,QB,27,1,0.0,48.0,64.0,1024.0,0.0,16.0,0.0,0.0,,0.0,0.0,0.0,0.0,,0.0,16.0,1.6,1.6,,66,,1.0
509,Chris Williams,CHI,WR,27,6,6.0,0.0,0.0,0.0,0.0,0.0,2.7,-21.3,-8.0,0.0,,0.0,0.0,,0.0,-2.7,5.2,5.2,,223,,-0.17
510,Pat O'Donnell,CHI,WR,23,16,0.0,0.0,0.0,0.0,0.0,0.0,1.0,-12.0,-12.0,0.0,0.0,0.0,0.0,,0.0,-1.0,-1.2,-1.2,,224,,-0.06
511,Jalen Saunders,4TM,WR,22,15,0.0,0.0,0.0,0.0,0.0,0.0,0.0,0.0,,0.0,1.1,1.1,7.5,7.0,0.0,0.0,0.7,-0.8,,225,,0.0
512,Tauren Poole,3TM,RB,25,3,0.0,0.0,0.0,0.0,0.0,0.0,5.3,0.0,0.0,0.0,0.0,0.0,0.0,,0.0,-10.7,-1.0,-2.0,,165,,-0.67
513,Isaiah Burse,DEN,,23,12,0.0,0.0,0.0,0.0,0.0,0.0,0.0,0.0,,0.0,1.3,0.0,0.0,,0.0,-2.7,-1.0,-2.0,,227,,-0.17
514,Walt Powell,NYJ,,23,4,0.0,0.0,0.0,0.0,0.0,0.0,0.0,0.0,,0.0,0.0,0.0,0.0,,0.0,-8.0,-1.0,-2.0,,226,,-0.5
515,Matt Flynn,GNB,QB,29,7,0.0,18.3,36.6,150.9,0.0,2.3,22.9,-22.9,-1.0,0.0,0.0,0.0,0.0,,0.0,-4.6,-0.4,-1.4,,75,,-0.29
516,Matt Schaub,OAK,QB,33,11,0.0,7.3,14.5,82.9,0.0,2.9,0.0,0.0,,0.0,0.0,0.0,0.0,,0.0,-5.8,-0.7,-1.7,,76,,-0.36
517,Richie Brockel,CAR,,28,4,0.0,0.0,0.0,0.0,0.0,0.0,0.0,0.0,,0.0,,0.0,0.0,,0.0,0.0,,,,1,76.0,0.0
518,Zach Line,MIN,,24,1,0.0,0.0,0.0,0.0,0.0,0.0,0.0,0.0,,0.0,,0.0,0.0,,0.0,0.0,,,,2,,0.0
519,David Johnson,SDG,TE,27,14,2.0,0.0,0.0,0.0,0.0,0.0,0.0,0.0,,0.0,,1.1,4.6,4.0,0.0,1.1,1.4,0.9,,93,,0.07
520,Clark Harris,CIN,,30,16,0.0,0.0,0.0,0.0,0.0,0.0,0.0,0.0,,0.0,,0.0,0.0,,0.0,0.0,,,,106,,0.0
521,Keavon Milton,SEA,,24,1,0.0,0.0,0.0,0.0,0.0,0.0,0.0,0.0,,0.0,,0.0,0.0,,0.0,0.0,,,,101,,0.0
522,Weslye Saunders,IND,,25,1,0.0,0.0,0.0,0.0,0.0,0.0,0.0,0.0,,0.0,,0.0,0.0,,0.0,0.0,,,,97,,0.0
523,Jordan Thompson,DET,,25,2,0.0,0.0,0.0,0.0,0.0,0.0,0.0,0.0,,0.0,8.0,0.0,0.0,,0.0,0.0,,,,103,,0.0
524,Matthew Mulligan,2TM,,29,4,2.0,0.0,0.0,0.0,0.0,0.0,0.0,0.0,,0.0,0.0,0.0,0.0,,0.0,0.0,,,,111,,0.0
525,Asante Cleveland,SFO,,22,6,0.0,0.0,0.0,0.0,0.0,0.0,0.0,0.0,,0.0,2.7,0.0,0.0,,0.0,0.0,,,,107,,0.0
526,Mickey Shuler,JAX,,28,3,1.0,0.0,0.0,0.0,0.0,0.0,0.0,0.0,,0.0,16.0,0.0,0.0,,0.0,0.0,,,,112,,0.0
527,Blake Annen,CHI,,23,5,0.0,0.0,0.0,0.0,0.0,0.0,0.0,0.0,,0.0,,0.0,0.0,,0.0,0.0,,,,95,,0.0
528,Mike Leach,ARI,,38,16,0.0,0.0,0.0,0.0,0.0,0.0,0.0,0.0,,0.0,,0.0,0.0,,0.0,0.0,,,,96,,0.0
529,Evan Rodriguez,TAM,,26,1,0.0,0.0,0.0,0.0,0.0,0.0,0.0,0.0,,0.0,,0.0,0.0,,0.0,0.0,,,,99,,0.0
530,Chris Pantale,NYJ,,24,5,0.0,0.0,0.0,0.0,0.0,0.0,0.0,0.0,,0.0,,0.0,0.0,,0.0,0.0,,,,98,,0.0
531,Rashaun Allen,SEA,,24,1,0.0,0.0,0.0,0.0,0.0,0.0,0.0,0.0,,0.0,,0.0,0.0,,0.0,0.0,,,,108,,0.0
532,Anthony Denham,HOU,,23,4,0.0,0.0,0.0,0.0,0.0,0.0,0.0,0.0,,0.0,0.0,0.0,0.0,,0.0,0.0,,,,104,,0.0
533,Richard Gordon,2TM,,27,5,3.0,0.0,0.0,0.0,0.0,0.0,0.0,0.0,,0.0,3.2,0.0,0.0,,0.0,0.0,,,,100,,0.0
534,Dominique Jones,DEN,,27,1,0.0,0.0,0.0,0.0,0.0,0.0,0.0,0.0,,0.0,,0.0,0.0,,0.0,0.0,,,,102,,0.0
535,Kellen Davis,DET,,29,6,0.0,0.0,0.0,0.0,0.0,0.0,0.0,0.0,,0.0,8.0,0.0,0.0,,0.0,0.0,,,,94,,0.0
536,Alex Bayer,STL,,24,6,0.0,0.0,0.0,0.0,0.0,0.0,0.0,0.0,,0.0,,0.0,0.0,,0.0,0.0,,,,105,,0.0
537,Ryan Taylor,3TM,,27,14,0.0,0.0,0.0,0.0,0.0,0.0,0.0,0.0,,0.0,0.0,0.0,0.0,,0.0,0.0,,,,110,,0.0
538,Alex Smith,CIN,,32,2,0.0,0.0,0.0,0.0,0.0,0.0,0.0,0.0,,0.0,,0.0,0.0,,0.0,0.0,,,,113,,0.0
539,Nate Solder,NWE,,26,16,16.0,0.0,0.0,0.0,0.0,0.0,0.0,0.0,,0.0,0.0,0.0,0.0,,0.0,0.0,,,,109,,0.0
540,Edwin Baker,NOR,RB,23,3,0.0,0.0,0.0,0.0,0.0,0.0,5.3,10.7,2.0,0.0,0.0,0.0,0.0,,0.0,0.0,0.2,0.2,,153,,0.0
541,Tyler Clutts,DAL,RB,30,16,1.0,0.0,0.0,0.0,0.0,0.0,0.0,0.0,,0.0,1.0,1.0,1.0,1.0,0.0,1.0,1.1,0.6,,154,,0.06
542,Michael Hill,IND,,25,0,,,,,,,,,,,,,,,,,,,,157,,
543,Jalen Parmele,ARI,RB,29,1,0.0,0.0,0.0,0.0,0.0,0.0,16.0,0.0,0.0,0.0,0.0,0.0,0.0,,0.0,0.0,,,,160,,0.0
544,Onterio McCalebb,CIN,,25,1,0.0,0.0,0.0,0.0,0.0,0.0,0.0,0.0,,0.0,,0.0,0.0,,0.0,0.0,,,,161,,0.0
545,Allen Bradford,SEA,,26,1,0.0,0.0,0.0,0.0,0.0,0.0,0.0,0.0,,0.0,,0.0,0.0,,0.0,0.0,,,,156,,0.0
546,Jerome Smith,ATL,,23,1,0.0,0.0,0.0,0.0,0.0,0.0,0.0,0.0,,0.0,,0.0,0.0,,0.0,0.0,,,,162,,0.0
547,Montell Owens,2TM,,30,6,0.0,0.0,0.0,0.0,0.0,0.0,0.0,0.0,,0.0,,0.0,0.0,,0.0,0.0,,,,155,,0.0
548,Glenn Winston,CLE,,25,5,0.0,0.0,0.0,0.0,0.0,0.0,0.0,0.0,,0.0,0.0,0.0,0.0,,0.0,0.0,,,,159,,0.0
549,Phillip Tanner,SFO,,26,2,0.0,0.0,0.0,0.0,0.0,0.0,0.0,0.0,,0.0,0.0,0.0,0.0,,0.0,0.0,,,,158,,0.0
550,Tony Fiammetta,CHI,,28,1,0.0,0.0,0.0,0.0,0.0,0.0,0.0,0.0,,0.0,,0.0,0.0,,0.0,0.0,,,,163,,0.0
