Rk,Name,Tm,FantPos,Age,G,GS,Cmp,PassAtt,PassYds,PassTD,Int,RushAtt,RushYds,Y/A,RushTD,Tgt,Rec,RecYds,Y/R,RecTD,FantPt,DKPt,FDPt,VBD,PosRank,OvRank,FantPtpg
1,Cam Newton,CAR,QB,26.0,16,16,296.0,495.0,3837.0,35.0,10.0,132.0,636.0,4.82,10.0,0.0,0.0,0.0,,0.0,391.0,409.1,399.1,106.0,1,6.0,24.44
2,Tom Brady,NWE,QB,38.0,16,16,402.0,624.0,4770.0,36.0,7.0,34.0,53.0,1.56,3.0,1.0,1.0,36.0,36.0,0.0,344.0,356.7,351.2,59.0,2,22.0,21.5
3,Russell Wilson,SEA,QB,27.0,16,16,329.0,483.0,4024.0,34.0,8.0,103.0,553.0,5.37,1.0,0.0,0.0,0.0,,0.0,342.0,353.3,344.3,57.0,3,23.0,21.38
4,Blake Bortles,JAX,QB,23.0,16,16,355.0,606.0,4428.0,35.0,18.0,52.0,310.0,5.96,2.0,0.0,0.0,0.0,,0.0,324.0,345.1,334.1,39.0,4,33.0,20.25
5,Carson Palmer,ARI,QB,36.0,16,16,342.0,537.0,4671.0,35.0,11.0,25.0,24.0,0.96,1.0,0.0,0.0,0.0,,0.0,309.0,325.2,320.2,24.0,5,46.0,19.31
6,Drew Brees,NOR,QB,36.0,15,15,456.5,668.8,5194.7,34.1,11.7,25.6,14.9,0.58,1.1,0.0,0.0,0.0,,0.0,326.4,320.2,315.2,21.0,6,50.0,20.4
7,Aaron Rodgers,GNB,QB,32.0,16,16,347.0,572.0,3821.0,31.0,8.0,58.0,344.0,5.93,1.0,0.0,0.0,0.0,,0.0,305.0,319.2,309.2,20.0,7,52.0,19.06
8,Kirk Cousins,WAS,QB,27.0,16,16,379.0,543.0,4166.0,29.0,11.0,26.0,48.0,1.85,5.0,0.0,0.0,0.0,,0.0,295.0,310.4,304.4,10.0,8,65.0,18.44
9,Matthew Stafford,DET,QB,27.0,16,16,398.0,592.0,4262.0,32.0,13.0,44.0,159.0,3.61,1.0,1.0,1.0,-6.0,-6.0,0.0,292.0,311.8,303.3,7.0,9,69.0,18.25
10,Eli Manning,NYG,QB,34.0,16,16,387.0,618.0,4432.0,35.0,14.0,20.0,61.0,3.05,0.0,0.0,0.0,0.0,,0.0,287.0,308.4,301.4,2.0,10,73.0,17.94
11,Philip Rivers,SDG,QB,34.0,16,16,437.0,661.0,4792.0,29.0,13.0,17.0,28.0,1.65,0.0,0.0,0.0,0.0,,0.0,286.0,302.5,297.5,1.0,11,74.0,17.88
12,Ryan Fitzpatrick,NYJ,QB,33.0,16,16,335.0,562.0,3905.0,31.0,15.0,60.0,270.0,4.5,2.0,0.0,0.0,0.0,,0.0,285.0,308.2,300.2,,12,75.0,17.81
13,Jameis Winston,TAM,QB,21.0,16,16,312.0,535.0,4042.0,22.0,15.0,54.0,213.0,3.94,6.0,0.0,0.0,0.0,,0.0,279.0,298.0,290.0,,13,,17.44
14,Tyrod Taylor,BUF,WR,26.0,14,14,276.6,434.3,3468.6,22.9,6.9,118.9,649.1,5.46,4.6,1.1,1.1,4.6,4.0,0.0,314.3,284.6,277.1,147.0,1,1.0,19.64
15,Derek Carr,OAK,QB,24.0,16,16,350.0,573.0,3987.0,32.0,13.0,33.0,138.0,4.18,0.0,0.0,0.0,0.0,,0.0,273.0,293.3,284.3,,14,,17.06
16,Alex Smith,KAN,QB,31.0,16,16,307.0,470.0,3486.0,20.0,7.0,84.0,498.0,5.93,2.0,0.0,0.0,0.0,,0.0,273.0,284.2,278.2,,15,,17.06
17,Ryan Tannehill,MIA,QB,27.0,16,16,363.0,586.0,4208.0,24.0,12.0,32.0,141.0,4.41,1.0,1.0,1.0,9.0,9.0,0.0,259.0,279.3,269.8,,16,,16.19
18,Antonio Brown,PIT,WR,27.0,16,16,0.0,0.0,0.0,0.0,0.0,3.0,28.0,9.33,0.0,193.0,136.0,1834.0,13.49,10.0,250.0,393.2,320.2,122.0,2,2.0,15.62
19,Andy Dalton,CIN,QB,28.0,13,13,313.8,475.1,4000.0,30.8,8.6,70.2,174.8,2.49,3.7,0.0,0.0,0.0,,0.0,300.3,259.2,251.2,,17,,18.77
20,Devonta Freeman,ATL,RB,23.0,15,13,0.0,0.0,0.0,0.0,0.0,282.7,1126.4,3.98,11.7,103.5,77.9,616.5,7.92,3.2,259.2,324.4,279.9,120.0,1,3.0,16.2
21,Matt Ryan,ATL,QB,30.0,16,16,407.0,614.0,4591.0,21.0,16.0,36.0,63.0,1.75,0.0,0.0,0.0,0.0,,0.0,236.0,257.9,249.9,,18,,14.75
22,Julio Jones,ATL,WR,26.0,16,16,0.0,0.0,0.0,0.0,0.0,0.0,0.0,,0.0,203.0,136.0,1871.0,13.76,8.0,235.0,379.1,307.1,107.0,3,5.0,14.69
23,Ben Roethlisberger,PIT,QB,33.0,12,11,425.3,625.3,5250.7,28.0,21.3,20.0,38.7,1.93,0.0,0.0,0.0,-4.0,,0.0,312.0,247.1,244.1,,19,,19.5
24,Adrian Peterson,MIN,RB,30.0,16,16,0.0,0.0,0.0,0.0,0.0,327.0,1485.0,4.54,11.0,36.0,30.0,222.0,7.4,0.0,231.0,269.7,245.7,107.0,2,4.0,14.44
25,Brandon Marshall,NYJ,WR,31.0,16,16,0.0,0.0,0.0,0.0,0.0,0.0,0.0,,0.0,173.0,109.0,1502.0,13.78,14.0,230.0,344.2,284.7,102.0,4,8.0,14.38
26,Jay Cutler,CHI,QB,32.0,15,15,331.7,515.2,3902.9,22.4,11.7,40.5,214.4,5.29,1.1,0.0,0.0,0.0,,0.0,245.3,248.5,237.5,,20,,15.33
27,Allen Robinson,JAX,WR,22.0,16,16,0.0,0.0,0.0,0.0,0.0,0.0,0.0,,0.0,151.0,80.0,1400.0,17.5,14.0,224.0,307.0,264.0,96.0,5,9.0,14.0
28,Odell Beckham,NYG,WR,23.0,15,15,0.0,0.0,0.0,0.0,0.0,1.1,3.2,3.0,0.0,168.5,102.4,1546.7,15.1,13.9,237.9,322.3,271.3,96.0,6,10.0,14.87
29,DeAndre Hopkins,HOU,WR,23.0,16,16,0.0,0.0,0.0,0.0,0.0,0.0,0.0,,0.0,192.0,111.0,1521.0,13.7,11.0,220.0,334.1,275.6,92.0,7,11.0,13.75
30,Marcus Mariota,TEN,QB,22.0,12,12,306.7,493.3,3757.3,25.3,13.3,45.3,336.0,7.41,2.7,1.3,1.3,54.7,41.0,1.3,280.0,233.0,220.5,,21,,17.5
31,Teddy Bridgewater,MIN,QB,23.0,16,16,292.0,447.0,3231.0,14.0,9.0,44.0,192.0,4.36,3.0,0.0,0.0,0.0,,0.0,200.0,218.4,209.4,,22,,12.5
32,Doug Martin,TAM,RB,26.0,16,16,0.0,0.0,0.0,0.0,0.0,288.0,1402.0,4.87,6.0,44.0,33.0,271.0,8.21,1.0,199.0,243.3,215.8,76.0,3,13.0,12.44
33,Sam Bradford,PHI,QB,28.0,14,14,395.4,608.0,4257.1,21.7,16.0,29.7,44.6,1.5,0.0,0.0,0.0,0.0,,0.0,222.9,214.9,208.9,,23,,13.93
34,DeAngelo Williams,PIT,RB,32.0,16,10,0.0,0.0,0.0,0.0,0.0,200.0,907.0,4.54,11.0,47.0,40.0,367.0,9.18,0.0,191.0,239.4,211.4,68.0,4,16.0,11.94
35,Doug Baldwin,SEA,WR,27.0,16,16,0.0,0.0,0.0,0.0,0.0,0.0,0.0,,0.0,103.0,78.0,1069.0,13.71,14.0,191.0,271.9,229.9,63.0,8,18.0,11.94
36,Todd Gurley,STL,RB,21.0,13,12,0.0,0.0,0.0,0.0,0.0,281.8,1361.2,4.83,12.3,32.0,25.8,231.4,8.95,0.0,232.6,215.4,197.9,66.0,5,17.0,14.54
37,A.J. Green,CIN,WR,27.0,16,16,0.0,0.0,0.0,0.0,0.0,0.0,0.0,,0.0,132.0,86.0,1297.0,15.08,10.0,188.0,277.7,230.7,60.0,9,21.0,11.75
38,Lamar Miller,MIA,RB,24.0,16,16,0.0,0.0,0.0,0.0,0.0,194.0,872.0,4.49,8.0,57.0,47.0,397.0,8.45,2.0,185.0,238.9,208.4,62.0,6,19.0,11.56
39,Rob Gronkowski,NWE,TE,26.0,15,15,0.0,0.0,0.0,0.0,0.0,0.0,0.0,,0.0,128.0,76.8,1254.4,16.33,11.7,196.3,258.6,219.6,104.0,1,7.0,12.27
40,David Johnson,ARI,RB,24.0,16,5,0.0,0.0,0.0,0.0,0.0,125.0,581.0,4.65,8.0,57.0,36.0,457.0,12.69,4.0,174.0,222.8,197.8,51.0,7,24.0,10.88
41,Matt Forte,CHI,RB,30.0,13,13,0.0,0.0,0.0,0.0,0.0,268.3,1105.2,4.12,4.9,71.4,54.2,478.8,8.84,3.7,212.9,221.7,192.7,49.0,8,25.0,13.31
42,Chris Ivory,NYJ,RB,27.0,15,14,0.0,0.0,0.0,0.0,0.0,263.5,1141.3,4.33,7.5,39.5,32.0,231.5,7.23,1.1,184.5,210.7,187.7,49.0,9,26.0,11.53
43,Calvin Johnson,DET,WR,30.0,16,16,0.0,0.0,0.0,0.0,0.0,0.0,0.0,,0.0,149.0,88.0,1214.0,13.8,9.0,173.0,265.4,217.4,46.0,10,27.0,10.81
44,Eric Decker,NYJ,WR,28.0,15,13,0.0,0.0,0.0,0.0,0.0,0.0,0.0,,0.0,140.8,85.3,1095.5,12.84,12.8,184.5,256.7,212.7,45.0,11,28.0,11.53
45,Larry Fitzgerald,ARI,WR,32.0,16,16,0.0,0.0,0.0,0.0,0.0,0.0,0.0,,0.0,145.0,109.0,1215.0,11.15,9.0,172.0,285.5,226.0,44.0,12,29.0,10.75
46,Brandin Cooks,NOR,WR,22.0,16,13,0.0,0.0,0.0,0.0,0.0,8.0,18.0,2.25,0.0,129.0,84.0,1138.0,13.55,9.0,170.0,256.6,211.6,42.0,13,30.0,10.62
47,Brian Hoyer,HOU,QB,30.0,11,9,325.8,536.7,3790.5,27.6,10.2,21.8,64.0,2.93,0.0,0.0,0.0,0.0,,0.0,245.8,178.6,173.6,,24,,15.36
48,Joe Flacco,BAL,QB,30.0,10,10,425.6,660.8,4465.6,22.4,19.2,20.8,36.8,1.77,4.8,0.0,0.0,0.0,,0.0,265.6,178.9,173.9,,25,,16.6
49,Latavius Murray,OAK,RB,25.0,16,16,0.0,0.0,0.0,0.0,0.0,266.0,1066.0,4.01,6.0,53.0,41.0,232.0,5.66,0.0,164.0,211.8,184.3,41.0,10,31.0,10.25
50,Demaryius Thomas,DEN,WR,28.0,16,16,0.0,0.0,0.0,0.0,0.0,0.0,0.0,,0.0,177.0,105.0,1304.0,12.42,6.0,164.0,272.4,214.9,37.0,14,36.0,10.25
51,Danny Woodhead,SDG,RB,30.0,16,1,0.0,0.0,0.0,0.0,0.0,98.0,336.0,3.43,3.0,106.0,80.0,755.0,9.44,6.0,163.0,249.1,203.1,40.0,11,32.0,10.19
52,Allen Hurns,JAX,WR,24.0,15,14,0.0,0.0,0.0,0.0,0.0,0.0,0.0,,0.0,112.0,68.3,1099.7,16.11,10.7,173.9,229.1,193.1,35.0,15,38.0,10.87
53,Frank Gore,IND,RB,32.0,16,16,0.0,0.0,0.0,0.0,0.0,260.0,967.0,3.72,6.0,58.0,34.0,267.0,7.85,1.0,159.0,202.4,176.4,36.0,12,37.0,9.94
54,Jarvis Landry,MIA,WR,23.0,16,14,1.0,1.0,9.0,0.0,0.0,18.0,113.0,6.28,1.0,166.0,110.0,1157.0,10.52,4.0,159.0,281.4,220.4,32.0,16,41.0,9.94
55,Sammy Watkins,BUF,WR,22.0,13,13,0.0,0.0,0.0,0.0,0.0,1.2,1.2,1.0,0.0,118.2,73.8,1288.6,17.45,11.1,195.7,221.8,188.8,31.0,17,42.0,12.23
56,Gary Barnidge,CLE,TE,30.0,16,13,0.0,0.0,0.0,0.0,0.0,0.0,0.0,,0.0,125.0,79.0,1043.0,13.2,9.0,158.0,240.3,197.8,79.0,2,12.0,9.88
57,Jeremy Hill,CIN,RB,23.0,16,15,0.0,0.0,0.0,0.0,0.0,223.0,794.0,3.56,11.0,19.0,15.0,79.0,5.27,1.0,157.0,176.3,162.8,34.0,13,39.0,9.81
58,Jordan Reed,WAS,WR,25.0,14,9,0.0,0.0,0.0,0.0,0.0,0.0,0.0,,0.0,130.3,99.4,1088.0,10.94,12.6,179.4,249.2,200.7,29.0,18,44.0,11.21
59,Darren McFadden,DAL,RB,28.0,16,10,0.0,1.0,0.0,0.0,0.0,239.0,1089.0,4.56,3.0,53.0,40.0,328.0,8.2,0.0,156.0,204.7,175.7,32.0,14,40.0,9.75
60,Jeremy Maclin,KAN,WR,27.0,15,15,0.0,0.0,0.0,0.0,0.0,3.2,14.9,4.67,0.0,132.3,92.8,1160.5,12.51,8.5,166.4,247.2,199.7,28.0,19,45.0,10.4
61,Mark Ingram,NOR,RB,26.0,12,10,0.0,0.0,0.0,0.0,0.0,221.3,1025.3,4.63,8.0,80.0,66.7,540.0,8.1,0.0,204.0,210.4,178.4,30.0,15,43.0,12.75
62,Greg Olsen,CAR,TE,30.0,16,16,0.0,0.0,0.0,0.0,0.0,0.0,0.0,,0.0,124.0,77.0,1104.0,14.34,7.0,150.0,231.4,188.9,71.0,4,14.0,9.38
63,Delanie Walker,TEN,TE,31.0,15,10,0.0,0.0,0.0,0.0,0.0,1.1,38.4,36.0,0.0,141.9,100.3,1160.5,11.57,6.4,160.0,247.4,197.4,71.0,3,15.0,10.0
64,Emmanuel Sanders,DEN,WR,28.0,15,15,0.0,0.0,0.0,0.0,0.0,3.2,30.9,9.67,0.0,145.1,81.1,1210.7,14.93,6.4,157.9,229.4,186.4,21.0,20,51.0,9.87
65,Jonathan Stewart,CAR,RB,28.0,13,13,0.0,0.0,0.0,0.0,0.0,297.8,1217.2,4.09,7.4,25.8,19.7,121.8,6.19,1.2,180.9,167.8,154.8,24.0,16,47.0,11.31
66,LeSean McCoy,BUF,RB,27.0,12,12,0.0,0.0,0.0,0.0,0.0,270.7,1193.3,4.41,4.0,66.7,42.7,389.3,9.13,2.7,196.0,186.7,162.7,23.0,17,48.0,12.25
67,Michael Crabtree,OAK,WR,28.0,16,15,0.0,0.0,0.0,0.0,0.0,0.0,0.0,,0.0,146.0,85.0,922.0,10.85,9.0,146.0,234.2,188.7,18.0,21,53.0,9.12
68,Jordan Matthews,PHI,WR,23.0,16,13,0.0,0.0,0.0,0.0,0.0,0.0,0.0,,0.0,126.0,85.0,997.0,11.73,8.0,146.0,234.7,188.2,18.0,22,54.0,9.12
69,John Brown,ARI,WR,25.0,15,11,0.0,0.0,0.0,0.0,0.0,3.2,23.5,7.33,0.0,107.7,69.3,1069.9,15.43,7.5,152.5,211.5,175.0,15.0,23,56.0,9.53
70,T.Y. Hilton,IND,WR,26.0,16,15,0.0,0.0,0.0,0.0,0.0,0.0,0.0,,0.0,134.0,69.0,1124.0,16.29,5.0,142.0,214.4,176.9,15.0,24,57.0,8.88
71,James Jones,GNB,WR,31.0,16,15,0.0,0.0,0.0,0.0,0.0,0.0,0.0,,0.0,99.0,50.0,890.0,17.8,8.0,141.0,194.0,166.0,13.0,25,60.0,8.81
72,Amari Cooper,OAK,WR,21.0,16,15,0.0,0.0,0.0,0.0,0.0,3.0,-3.0,-1.0,0.0,130.0,72.0,1070.0,14.86,6.0,141.0,216.7,176.7,13.0,27,61.0,8.81
73,Tavon Austin,STL,WR,24.0,16,14,0.0,0.0,0.0,0.0,0.0,52.0,434.0,8.35,4.0,87.0,52.0,473.0,9.1,5.0,141.0,206.7,172.7,13.0,26,62.0,8.81
74,Tyler Eifert,CIN,TE,25.0,13,12,0.0,0.0,0.0,0.0,0.0,0.0,0.0,,0.0,91.1,64.0,756.9,11.83,16.0,172.3,194.5,165.5,60.0,5,20.0,10.77
75,DeMarco Murray,PHI,RB,27.0,15,8,0.0,0.0,0.0,0.0,0.0,205.9,748.8,3.64,6.4,58.7,46.9,343.5,7.32,1.1,149.3,192.4,162.4,17.0,18,55.0,9.33
76,Ted Ginn,CAR,WR,30.0,15,13,0.0,0.0,0.0,0.0,0.0,4.3,64.0,15.0,0.0,103.5,46.9,788.3,16.8,10.7,149.3,186.9,161.9,12.0,28,64.0,9.33
77,Ronnie Hillman,DEN,RB,24.0,16,11,0.0,0.0,0.0,0.0,0.0,207.0,863.0,4.17,7.0,35.0,24.0,111.0,4.63,0.0,137.0,168.4,149.4,14.0,19,58.0,8.56
78,Mike Evans,TAM,WR,22.0,15,14,0.0,0.0,0.0,0.0,0.0,0.0,0.0,,0.0,157.9,78.9,1286.4,16.3,3.2,146.1,214.6,173.6,9.0,29,67.0,9.13
79,Rashad Jennings,NYG,RB,30.0,16,16,0.0,0.0,0.0,0.0,0.0,195.0,863.0,4.43,3.0,40.0,29.0,296.0,10.21,1.0,136.0,172.9,150.4,13.0,20,63.0,8.5
80,Josh McCown,CLE,QB,36.0,8,8,372.0,584.0,4218.0,24.0,8.0,40.0,196.0,4.9,2.0,0.0,0.0,0.0,,0.0,272.0,145.2,136.2,,26,,17.0
81,Andrew Luck,IND,QB,26.0,7,7,370.3,669.7,4299.4,34.3,27.4,75.4,448.0,5.94,0.0,0.0,0.0,0.0,,0.0,304.0,149.8,142.8,,27,,19.0
82,Giovani Bernard,CIN,RB,24.0,16,1,0.0,0.0,0.0,0.0,0.0,154.0,730.0,4.74,2.0,66.0,49.0,472.0,9.63,0.0,132.0,187.2,156.7,9.0,21,66.0,8.25
83,Blaine Gabbert,SFO,QB,26.0,8,8,356.0,564.0,4062.0,20.0,14.0,64.0,370.0,5.78,2.0,0.0,0.0,0.0,,0.0,260.0,143.7,136.7,,28,,16.25
84,Charles Sims,TAM,RB,25.0,16,0,0.0,0.0,0.0,0.0,0.0,107.0,529.0,4.94,0.0,70.0,51.0,561.0,11.0,4.0,129.0,188.0,154.5,6.0,22,70.0,8.06
85,Jeremy Langford,CHI,RB,24.0,16,2,0.0,0.0,0.0,0.0,0.0,148.0,537.0,3.63,6.0,42.0,22.0,279.0,12.68,1.0,128.0,153.6,136.6,4.0,23,71.0,8.0
86,Travis Benjamin,CLE,WR,26.0,16,15,0.0,0.0,0.0,0.0,0.0,4.0,12.0,3.0,0.0,125.0,68.0,966.0,14.21,5.0,128.0,202.8,163.8,,30,,8.0
87,Rueben Randle,NYG,WR,24.0,16,16,0.0,0.0,0.0,0.0,0.0,0.0,0.0,,0.0,90.0,57.0,797.0,13.98,8.0,128.0,187.7,156.2,,31,,8.0
88,Kamar Aiken,BAL,WR,26.0,16,14,0.0,0.0,0.0,0.0,0.0,0.0,0.0,,0.0,127.0,75.0,944.0,12.59,5.0,124.0,201.4,159.9,,32,,7.75
89,Randall Cobb,GNB,WR,25.0,16,15,0.0,0.0,0.0,0.0,0.0,13.0,50.0,3.85,0.0,129.0,79.0,829.0,10.49,6.0,124.0,211.9,169.4,,33,,7.75
90,James Starks,GNB,RB,29.0,16,4,0.0,0.0,0.0,0.0,0.0,148.0,601.0,4.06,2.0,53.0,43.0,392.0,9.12,3.0,123.0,175.3,144.8,,24,76.0,7.69
91,Thomas Rawls,SEA,RB,22.0,13,7,0.0,0.0,0.0,0.0,0.0,180.9,1021.5,5.65,4.9,13.5,11.1,93.5,8.44,1.2,148.9,131.6,123.1,,25,,9.31
92,Eddie Lacy,GNB,RB,25.0,15,12,0.0,0.0,0.0,0.0,0.0,199.5,808.5,4.05,3.2,29.9,21.3,200.5,9.4,2.1,129.1,148.6,130.6,,26,,8.07
93,Golden Tate,DET,WR,27.0,16,16,0.0,0.0,0.0,0.0,0.0,6.0,41.0,6.83,0.0,128.0,90.0,813.0,9.03,6.0,121.0,213.4,164.4,,34,,7.56
94,Michael Floyd,ARI,WR,26.0,15,6,0.0,0.0,0.0,0.0,0.0,0.0,0.0,,0.0,94.9,55.5,905.6,16.33,6.4,129.1,175.9,146.9,,35,,8.07
95,T.J. Yeldon,JAX,RB,22.0,12,12,0.0,0.0,0.0,0.0,0.0,242.7,986.7,4.07,2.7,61.3,48.0,372.0,7.75,1.3,160.0,161.9,137.9,,27,,10.0
96,Martavis Bryant,PIT,WR,24.0,11,5,0.0,0.0,0.0,0.0,0.0,7.3,53.8,7.4,1.5,133.8,72.7,1112.7,15.3,8.7,174.5,174.2,145.2,,36,,10.91
97,Isaiah Crowell,CLE,RB,22.0,16,9,0.0,0.0,0.0,0.0,0.0,185.0,706.0,3.82,4.0,22.0,19.0,182.0,9.58,1.0,119.0,143.8,128.3,,28,,7.44
98,Brock Osweiler,DEN,QB,25.0,8,7,340.0,550.0,3934.0,20.0,12.0,42.0,122.0,2.9,2.0,0.0,0.0,0.0,,0.0,238.0,126.8,122.8,,29,,14.88
99,Travis Kelce,KAN,TE,26.0,16,16,0.0,0.0,0.0,0.0,0.0,0.0,0.0,,0.0,103.0,72.0,875.0,12.15,5.0,118.0,194.5,153.5,38.0,6,34.0,7.38
100,Ben Watson,NOR,TE,35.0,16,16,0.0,0.0,0.0,0.0,0.0,0.0,0.0,,0.0,110.0,74.0,825.0,11.15,6.0,117.0,194.5,153.5,37.0,7,35.0,7.31
101,LeGarrette Blount,NWE,RB,29.0,12,6,0.0,0.0,0.0,0.0,0.0,220.0,937.3,4.26,8.0,9.3,8.0,57.3,7.17,1.3,156.0,125.6,119.6,,29,,9.75
102,C.J. Anderson,DEN,RB,24.0,15,5,0.0,0.0,0.0,0.0,0.0,162.1,768.0,4.74,5.3,38.4,26.7,195.2,7.32,0.0,123.7,149.3,128.8,,30,,7.73
103,Willie Snead,NOR,WR,23.0,15,9,0.0,0.0,0.0,0.0,0.0,0.0,0.0,,0.0,107.7,73.6,1049.6,14.26,3.2,123.7,187.4,148.9,,37,,7.73
104,Pierre Garcon,WAS,WR,29.0,16,16,0.0,0.0,0.0,0.0,0.0,0.0,0.0,,0.0,111.0,72.0,777.0,10.79,6.0,116.0,188.7,149.7,,38,,7.25
105,Karlos Williams,BUF,RB,22.0,11,3,0.0,0.0,0.0,0.0,0.0,135.3,752.0,5.56,10.2,20.4,16.0,139.6,8.73,2.9,164.4,128.3,118.8,,31,,10.27
106,Charcandrick West,KAN,RB,24.0,15,9,0.0,0.0,0.0,0.0,0.0,170.7,676.3,3.96,4.3,36.3,21.3,228.3,10.7,1.1,120.5,139.8,122.8,,32,,7.53
107,Julian Edelman,NWE,WR,29.0,9,9,0.0,0.0,0.0,0.0,0.0,5.3,40.9,7.67,0.0,156.4,108.4,1230.2,11.34,12.4,199.1,176.5,142.0,,39,,12.44
108,Colin Kaepernick,SFO,QB,28.0,9,8,256.0,433.8,2871.1,10.7,8.9,80.0,455.1,5.69,1.8,0.0,0.0,0.0,,0.0,199.1,122.2,115.2,,30,,12.44
109,Donte Moncrief,IND,WR,22.0,16,10,0.0,0.0,0.0,0.0,0.0,0.0,0.0,,0.0,105.0,64.0,733.0,11.45,6.0,109.0,176.3,141.3,,40,,6.81
110,Marvin Jones,CIN,WR,25.0,16,13,0.0,0.0,0.0,0.0,0.0,5.0,33.0,6.6,0.0,103.0,65.0,816.0,12.55,4.0,109.0,176.9,141.4,,42,,6.81
111,Markus Wheaton,PIT,WR,24.0,16,8,0.0,0.0,0.0,0.0,0.0,0.0,0.0,,0.0,79.0,44.0,749.0,17.02,5.0,109.0,153.9,128.9,,41,,6.81
112,Ryan Mathews,PHI,RB,28.0,13,6,0.0,0.0,0.0,0.0,0.0,130.5,663.4,5.08,7.4,34.5,24.6,179.7,7.3,1.2,129.2,133.5,114.5,,33,,8.08
113,Alshon Jeffery,CHI,WR,25.0,9,8,0.0,0.0,0.0,0.0,0.0,0.0,0.0,,0.0,167.1,96.0,1434.7,14.94,7.1,186.7,161.7,131.7,,43,,11.67
114,Duke Johnson,CLE,RB,22.0,16,7,0.0,0.0,0.0,0.0,0.0,104.0,379.0,3.64,0.0,74.0,61.0,534.0,8.75,2.0,103.0,170.3,133.8,,34,,6.44
115,Anquan Boldin,SFO,WR,35.0,14,13,0.0,0.0,0.0,0.0,0.0,0.0,0.0,,0.0,126.9,78.9,901.7,11.43,4.6,117.7,173.9,135.4,,44,,7.36
116,Richard Rodgers,GNB,TE,23.0,16,12,0.0,0.0,0.0,0.0,0.0,1.0,11.0,11.0,0.0,85.0,58.0,510.0,8.79,8.0,102.0,163.1,131.1,23.0,8,49.0,6.38
117,Tyler Lockett,SEA,WR,23.0,16,8,0.0,0.0,0.0,0.0,0.0,5.0,20.0,4.0,0.0,69.0,51.0,664.0,13.02,6.0,102.0,169.4,139.9,,45,,6.38
118,Terrance Williams,DAL,WR,26.0,16,13,0.0,0.0,0.0,0.0,0.0,0.0,0.0,,0.0,93.0,52.0,840.0,16.15,3.0,102.0,157.0,128.0,,46,,6.38
119,Chris Johnson,ARI,RB,30.0,11,9,0.0,0.0,0.0,0.0,0.0,285.1,1184.0,4.15,4.4,18.9,8.7,84.4,9.67,0.0,146.9,112.2,104.2,,35,,9.18
120,Javorius Allen,BAL,RB,24.0,16,6,0.0,0.0,0.0,0.0,0.0,137.0,514.0,3.75,1.0,62.0,45.0,353.0,7.84,2.0,101.0,153.7,123.2,,36,,6.31
121,Jermaine Kearse,SEA,WR,25.0,16,16,0.0,0.0,0.0,0.0,0.0,0.0,0.0,,0.0,68.0,49.0,685.0,13.98,5.0,101.0,150.5,123.0,,47,,6.31
122,Shane Vereen,NYG,RB,26.0,16,0,0.0,0.0,0.0,0.0,0.0,61.0,260.0,4.26,0.0,81.0,59.0,494.0,8.37,4.0,99.0,164.4,128.9,,37,,6.19
123,Theo Riddick,DET,RB,24.0,16,1,0.0,0.0,0.0,0.0,0.0,43.0,133.0,3.09,0.0,99.0,80.0,697.0,8.71,3.0,99.0,186.0,139.0,,38,,6.19
124,Alfred Blue,HOU,RB,24.0,15,9,0.0,0.0,0.0,0.0,0.0,195.2,744.5,3.81,2.1,17.1,16.0,116.3,7.27,1.1,103.5,118.7,104.2,,39,,6.47
125,Stefon Diggs,MIN,WR,22.0,13,9,0.0,0.0,0.0,0.0,0.0,3.7,16.0,4.33,0.0,103.4,64.0,886.2,13.85,4.9,119.4,152.3,123.3,,48,,7.46
126,Keenan Allen,SDG,WR,23.0,8,8,0.0,0.0,0.0,0.0,0.0,0.0,0.0,,0.0,178.0,134.0,1450.0,10.82,8.0,194.0,165.5,128.0,,49,,12.12
127,Nick Foles,STL,QB,26.0,11,11,276.4,490.2,2984.7,10.2,14.5,24.7,29.1,1.18,1.5,0.0,0.0,0.0,,0.0,139.6,111.1,106.1,,31,,8.73
128,Matt Jones,WAS,RB,22.0,13,0,0.0,0.0,0.0,0.0,0.0,177.2,603.1,3.4,3.7,30.8,23.4,374.2,16.0,1.2,116.9,124.4,104.9,,40,,7.31
129,Zach Ertz,PHI,WR,25.0,15,6,0.0,0.0,0.0,0.0,0.0,0.0,0.0,,0.0,119.5,80.0,909.9,11.37,2.1,101.3,174.3,132.8,,50,,6.33
130,Darren Sproles,PHI,WR,32.0,16,4,0.0,0.0,0.0,0.0,0.0,83.0,317.0,3.82,3.0,83.0,55.0,388.0,7.05,1.0,95.0,167.5,134.0,,51,,5.94
131,Peyton Manning,DEN,QB,39.0,10,9,316.8,529.6,3598.4,14.4,27.2,9.6,-9.6,-1.0,0.0,0.0,0.0,0.0,,0.0,152.0,111.4,108.4,,32,,9.5
132,Johnny Manziel,CLE,QB,23.0,10,6,206.4,356.8,2400.0,11.2,8.0,59.2,368.0,6.22,0.0,0.0,0.0,0.0,,0.0,152.0,109.0,100.0,,33,,9.5
133,Antonio Gates,SDG,TE,35.0,11,4,0.0,0.0,0.0,0.0,0.0,0.0,0.0,,0.0,123.6,81.5,916.4,11.25,7.3,135.3,152.0,121.0,14.0,9,59.0,8.45
134,Justin Forsett,BAL,RB,30.0,10,10,0.0,0.0,0.0,0.0,0.0,241.6,1025.6,4.25,3.2,65.6,49.6,244.8,4.94,0.0,148.8,128.4,106.9,,41,,9.3
135,Ameer Abdullah,DET,RB,22.0,16,9,0.0,0.0,0.0,0.0,0.0,143.0,597.0,4.17,2.0,38.0,25.0,183.0,7.32,1.0,92.0,125.0,104.5,,42,,5.75
136,Torrey Smith,SFO,WR,26.0,16,12,0.0,0.0,0.0,0.0,0.0,0.0,0.0,,0.0,62.0,33.0,663.0,20.09,4.0,92.0,128.3,108.8,,52,,5.75
137,Antonio Andrews,TEN,RB,24.0,14,10,1.1,1.1,46.9,1.1,0.0,163.4,594.3,3.64,3.4,33.1,24.0,198.9,8.29,0.0,104.0,119.0,101.5,,43,,6.5
138,Rishard Matthews,MIA,WR,26.0,11,11,0.0,0.0,0.0,0.0,0.0,1.5,5.8,4.0,0.0,88.7,62.5,962.9,15.4,5.8,132.4,136.6,112.1,,53,,8.27
139,Matt Hasselbeck,IND,QB,40.0,8,8,312.0,512.0,3380.0,18.0,10.0,32.0,30.0,0.94,0.0,0.0,0.0,0.0,,0.0,182.0,101.1,96.1,,34,,11.38
140,Nate Washington,HOU,WR,32.0,14,14,0.0,0.0,0.0,0.0,0.0,0.0,0.0,,0.0,107.4,53.7,752.0,14.0,4.6,102.9,139.8,113.3,,54,,6.43
141,Bilal Powell,NYJ,RB,27.0,11,2,0.0,0.0,0.0,0.0,0.0,101.8,455.3,4.47,1.5,91.6,68.4,564.4,8.26,2.9,128.0,141.1,111.6,,44,,8.0
142,Jason Witten,DAL,TE,33.0,16,16,0.0,0.0,0.0,0.0,0.0,0.0,0.0,,0.0,104.0,77.0,713.0,9.26,3.0,87.0,168.3,125.8,8.0,10,68.0,5.44
143,Le'Veon Bell,PIT,RB,23.0,6,6,0.0,0.0,0.0,0.0,0.0,301.3,1482.7,4.92,8.0,69.3,64.0,362.7,5.67,0.0,232.0,117.2,99.2,,45,,14.5
144,Alfred Morris,WAS,RB,27.0,16,16,0.0,0.0,0.0,0.0,0.0,202.0,751.0,3.72,1.0,13.0,10.0,55.0,5.5,0.0,87.0,99.6,91.6,,46,,5.44
145,Joique Bell,DET,RB,29.0,13,5,0.0,0.0,0.0,0.0,0.0,110.8,382.8,3.46,4.9,33.2,27.1,352.0,13.0,0.0,105.8,111.7,94.7,,47,,6.62
146,Kenny Britt,STL,WR,27.0,16,13,0.0,0.0,0.0,0.0,0.0,0.0,0.0,,0.0,72.0,36.0,681.0,18.92,3.0,86.0,125.1,104.1,,55,,5.38
147,Steve Smith,BAL,WR,36.0,7,7,0.0,0.0,0.0,0.0,0.0,0.0,0.0,,0.0,166.9,105.1,1531.4,14.57,6.9,194.3,134.0,108.0,,56,,12.14
148,Eric Ebron,DET,TE,22.0,14,8,0.0,0.0,0.0,0.0,0.0,0.0,0.0,,0.0,80.0,53.7,613.7,11.43,5.7,96.0,133.7,107.2,4.0,11,72.0,6.0
149,Dion Lewis,NWE,RB,25.0,7,6,0.0,0.0,0.0,0.0,0.0,112.0,534.9,4.78,4.6,114.3,82.3,886.9,10.78,4.6,192.0,127.2,102.2,,48,,12.0
150,James White,NWE,RB,23.0,14,1,0.0,0.0,0.0,0.0,0.0,25.1,64.0,2.55,2.3,61.7,45.7,468.6,10.25,4.6,94.9,125.6,102.6,,49,,5.93
151,Danny Amendola,NWE,WR,30.0,14,7,1.1,1.1,41.1,0.0,0.0,2.3,12.6,5.5,0.0,99.4,74.3,740.6,9.97,3.4,94.9,152.3,115.8,,57,,5.93
152,Dorial Green-Beckham,TEN,WR,22.0,16,5,0.0,0.0,0.0,0.0,0.0,0.0,0.0,,0.0,67.0,32.0,549.0,17.16,4.0,81.0,115.9,96.9,,58,,5.06
153,Kyle Rudolph,MIN,TE,26.0,16,16,0.0,0.0,0.0,0.0,0.0,0.0,0.0,,0.0,73.0,49.0,495.0,10.1,5.0,80.0,131.5,104.0,,12,78.0,5.0
154,Jamaal Charles,KAN,RB,29.0,5,5,0.0,0.0,0.0,0.0,0.0,227.2,1164.8,5.13,12.8,92.8,67.2,566.4,8.43,3.2,256.0,109.1,90.6,,50,,16.0
155,Seth Roberts,OAK,WR,24.0,16,5,0.0,0.0,0.0,0.0,0.0,0.0,0.0,,0.0,55.0,32.0,480.0,15.0,5.0,80.0,115.0,96.0,,59,,5.0
156,Cole Beasley,DAL,WR,26.0,16,3,0.0,0.0,0.0,0.0,0.0,0.0,0.0,,0.0,75.0,52.0,536.0,10.31,5.0,80.0,136.6,105.6,,60,,5.0
157,Julius Thomas,JAX,TE,27.0,12,11,0.0,0.0,0.0,0.0,0.0,0.0,0.0,,0.0,106.7,61.3,606.7,9.89,6.7,104.0,124.5,98.5,,13,,6.5
158,Marques Colston,NOR,WR,32.0,13,5,0.0,0.0,0.0,0.0,0.0,0.0,0.0,,0.0,82.5,55.4,640.0,11.56,4.9,96.0,124.0,98.5,,61,,6.0
159,Spencer Ware,KAN,RB,24.0,11,2,0.0,0.0,0.0,0.0,0.0,104.7,586.2,5.6,8.7,8.7,8.7,7.3,0.83,0.0,112.0,85.8,79.8,,51,,7.0
160,Andre Johnson,IND,WR,34.0,16,14,0.0,0.0,0.0,0.0,0.0,0.0,0.0,,0.0,77.0,41.0,503.0,12.27,4.0,76.0,118.3,94.8,,62,,4.75
161,Jimmy Graham,SEA,TE,29.0,11,11,0.0,0.0,0.0,0.0,0.0,0.0,0.0,,0.0,107.6,69.8,880.0,12.6,2.9,109.1,123.5,96.5,,14,,6.82
162,Melvin Gordon,SDG,RB,22.0,14,13,0.0,0.0,0.0,0.0,0.0,210.3,732.6,3.48,0.0,42.3,37.7,219.4,5.82,0.0,85.7,118.3,91.8,,52,,5.36
163,Devin Funchess,CAR,WR,21.0,16,5,0.0,0.0,0.0,0.0,0.0,0.0,0.0,,0.0,63.0,31.0,473.0,15.26,5.0,75.0,110.3,90.8,,63,,4.69
164,DeSean Jackson,WAS,WR,29.0,10,9,0.0,0.0,0.0,0.0,0.0,0.0,0.0,,0.0,78.4,48.0,844.8,17.6,6.4,120.0,108.8,89.8,,64,,7.5
165,Jamison Crowder,WAS,WR,22.0,16,6,0.0,1.0,0.0,0.0,0.0,2.0,2.0,1.0,0.0,78.0,59.0,604.0,10.24,2.0,75.0,137.6,104.1,,65,,4.69
166,Zach Miller,CHI,TE,31.0,15,14,0.0,0.0,0.0,0.0,0.0,0.0,0.0,,0.0,49.1,36.3,468.3,12.91,5.3,78.9,110.9,90.9,,15,,4.93
167,Tim Hightower,NOR,RB,29.0,8,3,0.0,0.0,0.0,0.0,0.0,192.0,750.0,3.91,8.0,26.0,24.0,258.0,10.75,0.0,148.0,92.4,80.4,,53,,9.25
168,Vincent Jackson,TAM,WR,32.0,10,9,0.0,0.0,0.0,0.0,0.0,0.0,0.0,,0.0,99.2,52.8,868.8,16.45,4.8,118.4,110.3,90.8,,66,,7.4
169,Corey Brown,CAR,WR,24.0,14,11,0.0,0.0,0.0,0.0,0.0,6.9,43.4,6.33,0.0,61.7,35.4,510.9,14.42,4.6,83.4,106.5,88.0,,67,,5.21
170,Jacob Tamme,ATL,TE,30.0,15,8,0.0,0.0,0.0,0.0,0.0,0.0,0.0,,0.0,86.4,62.9,700.8,11.14,1.1,76.8,133.7,101.2,,16,,4.8
171,Malcom Floyd,SDG,WR,34.0,15,13,0.0,0.0,0.0,0.0,0.0,0.0,0.0,,0.0,72.5,32.0,598.4,18.7,3.2,76.8,106.1,87.1,,68,,4.8
172,Ladarius Green,SDG,TE,25.0,13,11,0.0,0.0,0.0,0.0,0.0,0.0,0.0,,0.0,77.5,45.5,528.0,11.59,4.9,87.4,110.9,89.4,,17,,5.46
173,Charles Clay,BUF,TE,26.0,13,13,0.0,0.0,0.0,0.0,0.0,0.0,0.0,,0.0,94.8,62.8,649.8,10.35,3.7,87.4,124.8,96.3,,18,,5.46
174,Robert Woods,BUF,WR,23.0,14,9,0.0,0.0,0.0,0.0,0.0,1.1,0.0,0.0,0.0,91.4,53.7,630.9,11.74,3.4,81.1,122.2,94.7,,69,,5.07
175,Ryan Mallett,2TM,QB,27.0,8,6,272.0,488.0,2672.0,10.0,12.0,10.0,30.0,3.0,2.0,0.0,0.0,0.0,,0.0,142.0,79.9,76.9,,35,,8.88
176,Owen Daniels,DEN,TE,33.0,16,16,0.0,0.0,0.0,0.0,0.0,0.0,0.0,,0.0,77.0,46.0,517.0,11.24,3.0,70.0,118.7,92.7,,19,,4.38
177,Carlos Hyde,SFO,RB,24.0,7,7,0.0,0.0,0.0,0.0,0.0,262.9,1074.3,4.09,6.9,34.3,25.1,121.1,4.82,0.0,160.0,84.3,75.8,,54,,10.0
178,Marshawn Lynch,SEA,RB,29.0,7,6,0.0,0.0,0.0,0.0,0.0,253.7,953.1,3.76,6.9,48.0,29.7,182.9,6.15,0.0,160.0,85.7,76.2,,55,,10.0
179,DeVante Parker,MIA,WR,22.0,15,4,0.0,0.0,0.0,0.0,0.0,0.0,0.0,,0.0,53.3,27.7,526.9,19.0,3.2,73.6,96.4,80.4,,70,,4.6
180,Coby Fleener,IND,WR,27.0,16,11,0.0,0.0,0.0,0.0,0.0,0.0,0.0,,0.0,84.0,54.0,491.0,9.09,3.0,69.0,126.1,96.1,,71,,4.31
181,Heath Miller,PIT,TE,33.0,15,15,0.0,0.0,0.0,0.0,0.0,1.1,2.1,2.0,0.0,86.4,64.0,570.7,8.92,2.1,72.5,130.7,97.7,,20,,4.53
182,Jerricho Cotchery,CAR,WR,33.0,14,3,0.0,0.0,0.0,0.0,0.0,1.1,18.3,16.0,0.0,61.7,44.6,554.3,12.44,3.4,77.7,110.1,87.6,,72,,4.86
183,Cecil Shorts,HOU,WR,28.0,11,4,1.5,1.5,30.5,1.5,0.0,14.5,68.4,4.7,0.0,109.1,61.1,704.0,11.52,2.9,98.9,113.9,88.9,,73,,6.18
184,Steve Johnson,SDG,WR,29.0,10,8,0.0,0.0,0.0,0.0,0.0,0.0,0.0,,0.0,104.0,72.0,795.2,11.04,4.8,108.8,115.7,90.2,,74,,6.8
185,Mike Tolbert,CAR,RB,30.0,16,3,0.0,0.0,0.0,0.0,0.0,62.0,256.0,4.13,1.0,23.0,18.0,154.0,8.56,3.0,67.0,89.0,74.0,,56,,4.19
186,Matt Cassel,2TM,QB,33.0,10,8,190.4,326.4,2041.6,8.0,11.2,24.0,124.8,5.2,0.0,0.0,0.0,0.0,,0.0,107.2,76.8,73.8,,36,,6.7
187,Brandon Weeden,2TM,QB,32.0,6,4,258.7,373.3,2781.3,13.3,5.3,42.7,125.3,2.94,2.7,0.0,0.0,0.0,,0.0,176.0,72.4,68.4,,37,,11.0
188,Crockett Gillmore,BAL,TE,24.0,10,10,0.0,0.0,0.0,0.0,0.0,0.0,0.0,,0.0,75.2,52.8,659.2,12.48,6.4,104.0,101.2,81.7,,21,,6.5
189,Dwayne Harris,NYG,WR,28.0,15,6,0.0,0.0,0.0,0.0,0.0,2.1,12.8,6.0,0.0,60.8,38.4,422.4,11.0,4.3,69.3,115.8,94.8,,75,,4.33
190,Dontrelle Inman,SDG,WR,26.0,14,7,0.0,0.0,0.0,0.0,0.0,0.0,0.0,,0.0,72.0,40.0,555.4,13.89,3.4,74.3,103.6,82.1,,76,,4.64
191,Joseph Randle,DAL,RB,24.0,6,6,0.0,0.0,0.0,0.0,0.0,202.7,840.0,4.14,10.7,26.7,26.7,229.3,8.6,0.0,170.7,77.1,69.1,,57,,10.67
192,Brian Hartline,CLE,WR,29.0,12,4,0.0,0.0,0.0,0.0,0.0,0.0,0.0,,0.0,102.7,61.3,697.3,11.37,2.7,85.3,113.3,87.3,,77,,5.33
193,Martellus Bennett,CHI,TE,28.0,11,11,0.0,0.0,0.0,0.0,0.0,0.0,0.0,,0.0,116.4,77.1,638.5,8.28,4.4,90.2,117.9,88.4,,22,,5.64
194,Jerick McKinnon,MIN,RB,23.0,16,0,0.0,0.0,0.0,0.0,0.0,52.0,271.0,5.21,2.0,29.0,21.0,173.0,8.24,1.0,62.0,89.4,72.9,,58,,3.88
195,Jonathan Grimes,HOU,RB,26.0,14,0,0.0,1.1,0.0,0.0,0.0,64.0,322.3,5.04,1.1,35.4,29.7,197.7,6.65,1.1,70.9,91.5,72.5,,59,,4.43
196,Will Tye,NYG,WR,24.0,13,7,0.0,0.0,0.0,0.0,0.0,0.0,0.0,,0.0,76.3,51.7,571.1,11.05,3.7,76.3,108.4,83.4,,78,,4.77
197,Kenny Stills,MIA,WR,23.0,16,8,0.0,0.0,0.0,0.0,0.0,0.0,0.0,,0.0,63.0,27.0,440.0,16.3,3.0,62.0,92.0,75.5,,79,,3.88
198,Dexter McCluster,TEN,WR,27.0,11,2,0.0,0.0,0.0,0.0,0.0,80.0,359.3,4.49,1.5,59.6,45.1,378.2,8.39,1.5,88.7,99.7,76.2,,80,,5.55
199,Kendall Wright,TEN,WR,26.0,10,9,0.0,0.0,0.0,0.0,0.0,8.0,27.2,3.4,0.0,96.0,57.6,652.8,11.33,4.8,97.6,99.5,78.5,,81,,6.1
200,Andre Ellington,ARI,RB,26.0,10,3,0.0,0.0,0.0,0.0,0.0,72.0,462.4,6.42,4.8,38.4,24.0,236.8,9.87,0.0,96.0,81.7,67.2,,60,,6.0
201,Mike Wallace,MIN,WR,29.0,16,12,0.0,0.0,0.0,0.0,0.0,1.0,6.0,6.0,0.0,72.0,39.0,473.0,12.13,2.0,60.0,101.9,79.4,,82,,3.75
202,Albert Wilson,KAN,WR,23.0,14,12,0.0,0.0,0.0,0.0,0.0,5.7,29.7,5.2,0.0,65.1,40.0,515.4,12.89,2.3,68.6,97.7,77.2,,83,,4.29
203,Mohamed Sanu,CIN,WR,26.0,16,4,0.0,0.0,0.0,0.0,0.0,10.0,71.0,7.1,2.0,49.0,33.0,394.0,11.94,0.0,59.0,94.5,75.0,,84,,3.69
204,Austin Seferian-Jenkins,TAM,TE,23.0,7,3,0.0,0.0,0.0,0.0,0.0,0.0,0.0,,0.0,89.1,48.0,772.6,16.1,9.1,132.6,81.8,68.3,,24,,8.29
205,Brent Celek,PHI,TE,30.0,16,13,0.0,0.0,0.0,0.0,0.0,0.0,0.0,,0.0,35.0,27.0,398.0,14.74,3.0,58.0,87.8,71.3,,23,,3.62
206,Chris Thompson,WAS,RB,25.0,13,0,0.0,0.0,0.0,0.0,0.0,43.1,265.8,6.17,0.0,59.1,43.1,295.4,6.86,2.5,71.4,98.6,75.1,,61,,4.46
207,Davante Adams,GNB,WR,23.0,13,12,0.0,0.0,0.0,0.0,0.0,0.0,0.0,,0.0,115.7,61.5,594.5,9.66,1.2,71.4,109.3,81.3,,85,,4.46
208,Dez Bryant,DAL,WR,27.0,9,9,0.0,0.0,0.0,0.0,0.0,0.0,0.0,,0.0,128.0,55.1,712.9,12.94,5.3,103.1,92.1,73.6,,86,,6.44
209,Chris Hogan,BUF,WR,27.0,16,4,1.0,1.0,4.0,0.0,0.0,1.0,4.0,4.0,0.0,59.0,36.0,450.0,12.5,2.0,58.0,96.6,75.6,,87,,3.62
210,Jordan Cameron,MIA,TE,27.0,16,16,0.0,0.0,0.0,0.0,0.0,0.0,0.0,,0.0,70.0,35.0,386.0,11.03,3.0,57.0,94.6,74.1,,25,,3.56
211,Brandon Coleman,NOR,WR,23.0,16,3,0.0,0.0,0.0,0.0,0.0,0.0,0.0,,0.0,49.0,30.0,454.0,15.13,2.0,57.0,90.4,72.4,,88,,3.56
212,Roddy White,ATL,WR,34.0,16,16,0.0,0.0,0.0,0.0,0.0,0.0,0.0,,0.0,70.0,43.0,506.0,11.77,1.0,57.0,102.6,78.1,,89,,3.56
213,Kyle Juszczyk,BAL,RB,24.0,16,11,0.0,0.0,0.0,0.0,0.0,2.0,3.0,1.5,0.0,56.0,41.0,321.0,7.83,4.0,56.0,100.4,76.9,,62,,3.5
214,Chris Polk,HOU,RB,26.0,15,2,0.0,0.0,0.0,0.0,0.0,105.6,356.3,3.37,1.1,29.9,17.1,116.3,6.81,1.1,59.7,78.3,64.3,,63,,3.73
215,Lance Moore,DET,WR,32.0,14,8,0.0,0.0,0.0,0.0,0.0,0.0,0.0,,0.0,49.1,33.1,385.1,11.62,4.6,64.0,88.7,70.2,,90,,4.0
216,Arian Foster,HOU,RB,29.0,4,4,0.0,0.0,0.0,0.0,0.0,252.0,652.0,2.59,4.0,112.0,88.0,908.0,10.32,8.0,220.0,84.0,66.0,,64,,13.75
217,A.J. McCarron,CIN,QB,25.0,7,3,180.6,272.0,1952.0,13.7,4.6,32.0,70.9,2.21,0.0,0.0,0.0,0.0,,0.0,125.7,61.3,57.3,,38,,7.86
218,Khiry Robinson,NOR,RB,26.0,8,0,0.0,0.0,0.0,0.0,0.0,112.0,360.0,3.21,8.0,40.0,34.0,230.0,6.76,0.0,108.0,76.5,62.0,,65,,6.75
219,Clive Walford,OAK,TE,24.0,16,2,0.0,0.0,0.0,0.0,0.0,0.0,0.0,,0.0,50.0,28.0,329.0,11.75,3.0,53.0,81.9,64.9,,26,,3.31
220,Marquess Wilson,CHI,WR,23.0,11,6,0.0,0.0,0.0,0.0,0.0,0.0,0.0,,0.0,74.2,40.7,674.9,16.57,1.5,75.6,83.4,66.4,,92,,4.73
221,Brandon LaFell,NWE,WR,29.0,11,7,0.0,0.0,0.0,0.0,0.0,2.9,13.1,4.5,0.0,107.6,53.8,749.1,13.92,0.0,75.6,92.4,70.9,,91,,4.73
222,Shaun Draughn,2TM,RB,28.0,11,6,0.0,0.0,0.0,0.0,0.0,113.5,397.1,3.5,1.5,50.9,39.3,256.0,6.52,0.0,74.2,83.9,64.4,,66,,4.64
223,Brandon Bolden,NWE,RB,25.0,15,2,0.0,0.0,0.0,0.0,0.0,67.2,220.8,3.29,0.0,32.0,20.3,192.0,9.47,2.1,54.4,75.7,60.2,,67,,3.4
224,Leonard Hankerson,3TM,WR,26.0,10,0,0.0,0.0,0.0,0.0,0.0,0.0,0.0,,0.0,73.6,41.6,523.2,12.58,4.8,81.6,79.7,63.7,,93,,5.1
225,Vance McDonald,SFO,WR,25.0,14,11,0.0,0.0,0.0,0.0,0.0,0.0,0.0,,0.0,52.6,34.3,372.6,10.87,3.4,58.3,83.6,65.6,,94,,3.64
226,Harry Douglas,TEN,WR,31.0,14,12,0.0,0.0,0.0,0.0,0.0,1.1,-6.9,-6.0,0.0,82.3,41.1,469.7,11.42,2.3,58.3,90.5,68.5,,95,,3.64
227,Scott Chandler,NWE,TE,30.0,15,4,0.0,0.0,0.0,0.0,0.0,0.0,0.0,,0.0,44.8,24.5,276.3,11.26,4.3,53.3,75.9,61.4,,27,,3.33
228,Darren Fells,ARI,TE,29.0,14,12,0.0,0.0,0.0,0.0,0.0,0.0,0.0,,0.0,32.0,24.0,355.4,14.81,3.4,56.0,73.1,59.6,,28,,3.5
229,Marcel Reece,OAK,TE,30.0,15,7,0.0,0.0,0.0,0.0,0.0,10.7,38.4,3.6,0.0,39.5,32.0,286.9,8.97,3.2,52.3,81.5,63.5,,29,,3.27
230,Josh Huff,PHI,WR,24.0,15,4,0.0,0.0,0.0,0.0,0.0,0.0,0.0,,0.0,44.8,28.8,332.8,11.56,3.2,52.3,79.2,62.7,,96,,3.27
231,Jared Cook,STL,TE,28.0,16,12,0.0,0.0,0.0,0.0,0.0,0.0,0.0,,0.0,75.0,39.0,481.0,12.33,0.0,48.0,91.1,67.6,,30,,3.0
232,Cameron Brate,TAM,TE,24.0,14,4,0.0,0.0,0.0,0.0,0.0,0.0,0.0,,0.0,34.3,26.3,329.1,12.52,3.4,53.7,72.8,58.3,,31,,3.36
233,C.J. Spiller,NOR,RB,28.0,13,2,0.0,0.0,0.0,0.0,0.0,44.3,137.8,3.11,0.0,54.2,41.8,294.2,7.03,2.5,57.8,87.1,64.1,,68,,3.62
234,Denard Robinson,JAX,WR,25.0,13,3,0.0,0.0,0.0,0.0,0.0,82.5,327.4,3.97,1.2,36.9,25.8,201.8,7.81,0.0,57.8,75.0,57.5,,97,,3.62
235,Fred Jackson,SEA,RB,34.0,16,0,0.0,0.0,0.0,0.0,0.0,26.0,100.0,3.85,0.0,41.0,32.0,257.0,8.03,2.0,46.0,84.7,61.7,,69,,2.88
236,Mike Gillislee,BUF,RB,25.0,5,1,0.0,0.0,0.0,0.0,0.0,150.4,854.4,5.68,9.6,22.4,19.2,92.8,4.83,0.0,147.2,55.6,48.6,,70,,9.2
237,Quinton Patton,SFO,WR,25.0,16,4,0.0,0.0,0.0,0.0,0.0,1.0,5.0,5.0,0.0,57.0,30.0,394.0,13.13,1.0,46.0,78.9,60.9,,98,,2.88
238,Darrius Heyward-Bey,PIT,WR,28.0,16,4,0.0,0.0,0.0,0.0,0.0,0.0,0.0,,0.0,39.0,21.0,314.0,14.95,2.0,45.0,67.4,53.9,,99,,2.81
239,Jarius Wright,MIN,WR,26.0,16,3,0.0,0.0,0.0,0.0,0.0,1.0,29.0,29.0,0.0,50.0,34.0,442.0,13.0,0.0,45.0,83.1,62.1,,100,,2.81
240,Riley Cooper,PHI,WR,28.0,16,13,0.0,0.0,0.0,0.0,0.0,0.0,0.0,,0.0,41.0,21.0,327.0,15.57,2.0,45.0,68.7,55.2,,101,,2.81
241,Andre Holmes,OAK,WR,27.0,16,1,0.0,0.0,0.0,0.0,0.0,0.0,0.0,,0.0,33.0,14.0,201.0,14.36,4.0,44.0,61.1,51.1,,102,,2.75
242,Zach Mettenberger,TEN,QB,24.0,7,4,230.9,379.4,2137.1,9.1,16.0,20.6,18.3,0.89,2.3,0.0,0.0,0.0,,0.0,100.6,54.2,49.2,,39,,6.29
243,Case Keenum,STL,QB,27.0,6,5,202.7,333.3,2208.0,10.7,2.7,32.0,13.3,0.42,0.0,0.0,0.0,0.0,,0.0,117.3,49.6,44.6,,40,,7.33
244,Anthony Fasano,TEN,TE,31.0,16,11,0.0,0.0,0.0,0.0,0.0,0.0,0.0,,0.0,42.0,26.0,289.0,11.12,2.0,43.0,69.9,53.9,,32,,2.69
245,Bishop Sankey,TEN,RB,23.0,13,3,0.0,0.0,0.0,0.0,0.0,57.8,237.5,4.11,1.2,27.1,17.2,171.1,9.93,1.2,52.9,64.2,50.2,,71,,3.31
246,Chris Givens,2TM,WR,26.0,15,6,0.0,0.0,0.0,0.0,0.0,4.3,19.2,4.5,0.0,57.6,21.3,376.5,17.65,1.1,45.9,66.1,53.1,,103,,2.87
247,Bryan Walters,JAX,WR,28.0,11,1,0.0,1.5,0.0,0.0,0.0,0.0,0.0,,0.0,65.5,46.5,535.3,11.5,1.5,62.5,77.8,58.8,,104,,3.91
248,JJ Nelson,ARI,WR,23.0,11,2,0.0,0.0,0.0,0.0,0.0,1.5,0.0,0.0,0.0,39.3,16.0,434.9,27.18,2.9,61.1,54.9,45.4,,105,,3.82
249,Tevin Coleman,ATL,RB,22.0,12,3,0.0,0.0,0.0,0.0,0.0,116.0,522.7,4.51,1.3,14.7,2.7,18.7,7.0,0.0,54.7,48.6,41.6,,72,,3.42
250,Tony Romo,DAL,QB,35.0,4,4,332.0,484.0,3536.0,20.0,28.0,16.0,52.0,3.25,0.0,0.0,0.0,0.0,,0.0,164.0,51.7,47.7,,41,,10.25
251,Vernon Davis,2TM,TE,31.0,15,9,0.0,0.0,0.0,0.0,0.0,0.0,0.0,,0.0,61.9,40.5,421.3,10.39,0.0,42.7,80.5,58.5,,33,,2.67
252,Benny Cunningham,STL,RB,25.0,16,1,0.0,0.0,0.0,0.0,0.0,37.0,140.0,3.78,0.0,36.0,26.0,250.0,9.62,0.0,39.0,71.0,52.0,,73,,2.44
253,Ryan Grant,WAS,WR,25.0,16,5,0.0,0.0,0.0,0.0,0.0,0.0,0.0,,0.0,42.0,23.0,268.0,11.65,2.0,39.0,64.8,50.3,,106,,2.44
254,EJ Manuel,BUF,QB,25.0,7,2,118.9,192.0,1282.3,6.9,6.9,38.9,146.3,3.76,2.3,0.0,0.0,0.0,,0.0,89.1,45.8,41.8,,42,,5.57
255,Donald Brown,SDG,RB,28.0,9,2,0.0,0.0,0.0,0.0,0.0,104.9,407.1,3.88,1.8,23.1,14.2,156.4,11.0,0.0,67.6,48.7,41.7,,74,,4.22
256,Keshawn Martin,NWE,WR,25.0,9,8,0.0,0.0,0.0,0.0,0.0,1.8,10.7,6.0,0.0,65.8,42.7,478.2,11.21,3.6,67.6,65.5,49.5,,107,,4.22
257,Ryan Griffin,HOU,TE,25.0,9,4,0.0,0.0,0.0,0.0,0.0,0.0,0.0,,0.0,60.4,35.6,446.2,12.55,3.6,65.8,60.1,47.1,,34,,4.11
258,Garrett Celek,SFO,TE,27.0,11,8,0.0,0.0,0.0,0.0,0.0,0.0,0.0,,0.0,40.7,27.6,270.5,9.79,4.4,53.8,58.6,46.1,,35,,3.36
259,Lance Kendricks,STL,WR,27.0,15,12,0.0,0.0,0.0,0.0,0.0,0.0,0.0,,0.0,38.4,26.7,261.3,9.8,2.1,39.5,64.5,49.0,,108,,2.47
260,Jay Ajayi,MIA,RB,22.0,9,0,0.0,0.0,0.0,0.0,0.0,87.1,332.4,3.82,1.8,19.6,12.4,160.0,12.86,0.0,64.0,45.7,39.2,,75,,4.0
261,Jeremy Butler,BAL,WR,24.0,8,0,0.0,0.0,0.0,0.0,0.0,0.0,0.0,,0.0,88.0,62.0,726.0,11.71,0.0,72.0,70.3,51.8,,109,,4.5
262,Percy Harvin,BUF,WR,27.0,5,5,0.0,0.0,0.0,0.0,0.0,16.0,99.2,6.2,0.0,96.0,60.8,697.6,11.47,3.2,112.0,52.9,40.4,,110,,7.0
263,Larry Donnell,NYG,TE,27.0,8,8,0.0,0.0,0.0,0.0,0.0,0.0,0.0,,0.0,82.0,58.0,446.0,7.69,4.0,68.0,66.3,48.8,,36,,4.25
264,Mychal Rivera,OAK,TE,25.0,16,0,0.0,0.0,0.0,0.0,0.0,0.0,0.0,,0.0,46.0,32.0,280.0,8.75,1.0,34.0,69.0,50.0,,37,,2.12
265,Andre Williams,NYG,RB,23.0,16,0,0.0,0.0,0.0,0.0,0.0,88.0,257.0,2.92,1.0,3.0,1.0,7.0,7.0,0.0,34.0,38.4,34.9,,76,,2.12
266,Ka'Deem Carey,CHI,RB,23.0,10,1,0.0,0.0,0.0,0.0,0.0,68.8,254.4,3.7,3.2,4.8,4.8,30.4,6.33,1.6,54.4,40.8,35.3,,77,,3.4
267,Tre Mason,STL,RB,22.0,13,3,0.0,0.0,0.0,0.0,0.0,92.3,254.8,2.76,1.2,30.8,22.2,108.3,4.89,0.0,41.8,55.5,42.5,,78,,2.62
268,Josh Bellamy,CHI,WR,26.0,16,3,0.0,0.0,0.0,0.0,0.0,0.0,0.0,,0.0,34.0,19.0,224.0,11.79,2.0,34.0,56.4,43.9,,111,,2.12
269,Jaelen Strong,HOU,WR,21.0,10,1,0.0,0.0,0.0,0.0,0.0,0.0,0.0,,0.0,38.4,22.4,257.6,11.5,4.8,54.4,51.1,41.1,,112,,3.4
270,Adam Humphries,TAM,WR,22.0,13,0,0.0,0.0,0.0,0.0,0.0,0.0,0.0,,0.0,49.2,33.2,320.0,9.63,1.2,41.8,62.0,45.5,,113,,2.62
271,Maxx Williams,BAL,TE,21.0,14,7,0.0,0.0,0.0,0.0,0.0,0.0,0.0,,0.0,54.9,36.6,306.3,8.38,1.1,37.7,67.8,48.8,,38,,2.36
272,Ahmad Bradshaw,IND,RB,29.0,6,0,0.0,0.0,0.0,0.0,0.0,82.7,226.7,2.74,0.0,37.3,26.7,170.7,6.4,8.0,88.0,42.9,37.9,,79,,5.5
273,Jimmy Clausen,2TM,QB,28.0,5,3,230.4,400.0,2364.8,6.4,12.8,35.2,115.2,3.27,0.0,0.0,0.0,0.0,,0.0,105.6,40.2,37.2,,43,,6.6
274,Kellen Moore,DAL,QB,26.0,3,2,325.3,554.7,4154.7,21.3,32.0,10.7,-5.3,-0.5,0.0,0.0,0.0,0.0,,0.0,176.0,43.1,39.1,,44,,11.0
275,Mark Sanchez,PHI,QB,29.0,4,2,236.0,364.0,2464.0,16.0,16.0,24.0,88.0,3.67,0.0,0.0,0.0,0.0,,0.0,132.0,40.8,36.8,,45,,8.25
276,Justin Hunter,TEN,WR,24.0,9,5,0.0,0.0,0.0,0.0,0.0,0.0,0.0,,0.0,55.1,39.1,469.3,12.0,1.8,56.9,57.4,43.4,,114,,3.56
277,Nelson Agholor,PHI,WR,22.0,13,12,0.0,0.0,0.0,0.0,0.0,0.0,0.0,,0.0,54.2,28.3,348.3,12.3,1.2,39.4,59.3,43.8,,115,,2.46
278,Quincy Enunwa,NYJ,WR,23.0,12,6,0.0,0.0,0.0,0.0,0.0,0.0,0.0,,0.0,61.3,29.3,420.0,14.32,0.0,42.7,56.5,42.5,,116,,2.67
279,Michael Vick,PIT,QB,35.0,5,3,128.0,211.2,1187.2,6.4,3.2,64.0,316.8,4.95,0.0,0.0,0.0,0.0,,0.0,99.2,34.7,31.7,,46,,6.2
280,Cameron Artis-Payne,CAR,RB,25.0,7,0,0.0,0.0,0.0,0.0,0.0,102.9,418.3,4.07,2.3,11.4,11.4,132.6,11.6,0.0,68.6,38.1,32.6,,80,,4.29
281,Marc Mariani,CHI,WR,28.0,16,5,0.0,0.0,0.0,0.0,0.0,0.0,0.0,,0.0,33.0,22.0,300.0,13.64,0.0,30.0,54.0,39.0,,117,,1.88
282,Eddie Royal,CHI,WR,29.0,9,9,0.0,0.0,0.0,0.0,0.0,1.8,-1.8,-1.0,0.0,88.9,65.8,423.1,6.43,1.8,53.3,69.7,48.2,,118,,3.33
283,Zach Line,MIN,TE,25.0,16,5,0.0,0.0,0.0,0.0,0.0,6.0,10.0,1.67,2.0,9.0,6.0,95.0,15.83,1.0,29.0,34.5,31.5,,39,,1.81
284,Marqise Lee,JAX,WR,24.0,10,1,0.0,0.0,0.0,0.0,0.0,8.0,60.8,7.6,0.0,51.2,24.0,305.6,12.73,1.6,46.4,46.9,36.4,,119,,2.9
285,Matt Schaub,BAL,QB,34.0,2,2,416.0,640.0,4320.0,24.0,32.0,32.0,80.0,2.5,0.0,0.0,0.0,0.0,,0.0,232.0,33.6,30.6,,47,,14.5
286,Robert Turbin,2TM,RB,26.0,10,0,0.0,0.0,0.0,0.0,0.0,80.0,318.4,3.98,1.6,16.0,11.2,36.8,3.29,0.0,44.8,38.2,31.7,,82,,2.8
287,Lance Dunbar,DAL,RB,25.0,4,0,0.0,0.0,0.0,0.0,0.0,20.0,268.0,13.4,0.0,92.0,84.0,860.0,10.24,0.0,112.0,52.2,38.7,,83,,7.0
288,Travaris Cadet,3TM,RB,26.0,7,1,0.0,2.3,0.0,0.0,0.0,25.1,64.0,2.55,0.0,50.3,38.9,489.1,12.59,2.3,64.0,49.2,36.7,,81,,4.0
289,Miles Austin,PHI,WR,31.0,11,1,0.0,0.0,0.0,0.0,0.0,0.0,0.0,,0.0,45.1,18.9,325.8,17.23,1.5,40.7,44.4,34.9,,120,,2.55
290,Jermaine Gresham,ARI,WR,27.0,15,12,0.0,0.0,0.0,0.0,0.0,0.0,0.0,,0.0,34.1,19.2,237.9,12.39,1.1,29.9,49.3,37.3,,121,,1.87
291,Phillip Dorsett,IND,WR,22.0,11,0,0.0,0.0,0.0,0.0,0.0,4.4,24.7,5.67,0.0,56.7,26.2,327.3,12.5,1.5,40.7,50.2,37.2,,122,,2.55
292,Nick Williams,ATL,WR,25.0,14,0,0.0,0.0,0.0,0.0,0.0,0.0,0.0,,0.0,28.6,19.4,181.7,9.35,2.3,32.0,47.9,36.4,,123,,2.0
293,Andrew Hawkins,CLE,WR,29.0,8,8,0.0,0.0,0.0,0.0,0.0,0.0,0.0,,0.0,86.0,54.0,552.0,10.22,0.0,56.0,58.6,41.1,,124,,3.5
294,Luke Willson,SEA,TE,25.0,14,7,0.0,0.0,0.0,0.0,0.0,0.0,0.0,,0.0,29.7,19.4,243.4,12.53,1.1,30.9,47.3,35.8,,40,,1.93
295,DuJuan Harris,2TM,RB,27.0,4,1,0.0,0.0,0.0,0.0,0.0,192.0,756.0,3.94,0.0,56.0,36.0,388.0,10.78,0.0,108.0,39.6,31.1,,84,,6.75
296,De'Anthony Thomas,KAN,WR,22.0,10,1,0.0,0.0,0.0,0.0,0.0,14.4,54.4,3.78,1.6,40.0,27.2,224.0,8.24,1.6,43.2,48.4,35.9,,125,,2.7
297,Jeremy Kerley,NYJ,WR,27.0,16,1,0.0,0.0,0.0,0.0,0.0,0.0,0.0,,0.0,26.0,16.0,152.0,9.5,2.0,27.0,46.2,35.2,,126,,1.69
298,Ty Montgomery,GNB,WR,22.0,6,3,0.0,0.0,0.0,0.0,0.0,8.0,37.3,4.67,0.0,50.7,40.0,362.7,9.07,5.3,72.0,45.0,34.5,,127,,4.5
299,Greg Jennings,MIA,WR,32.0,16,5,0.0,0.0,0.0,0.0,0.0,0.0,0.0,,0.0,36.0,19.0,208.0,10.95,1.0,27.0,48.8,36.3,,128,,1.69
300,Christine Michael,2TM,RB,25.0,8,2,0.0,0.0,0.0,0.0,0.0,108.0,486.0,4.5,0.0,12.0,6.0,32.0,5.33,0.0,52.0,31.9,27.4,,85,,3.25
301,Chris Conley,KAN,WR,23.0,16,5,0.0,0.0,0.0,0.0,0.0,0.0,0.0,,0.0,31.0,17.0,199.0,11.71,1.0,26.0,45.9,34.4,,129,,1.62
302,Brice Butler,DAL,WR,25.0,7,2,0.0,0.0,0.0,0.0,0.0,0.0,0.0,,0.0,59.4,27.4,589.7,21.5,0.0,59.4,40.8,31.8,,130,,3.71
303,Jamize Olawale,OAK,RB,26.0,14,3,0.0,0.0,0.0,0.0,0.0,27.4,125.7,4.58,1.1,12.6,10.3,96.0,9.33,0.0,28.6,37.4,29.9,,86,,1.79
304,Jonas Gray,2TM,RB,25.0,8,0,0.0,0.0,0.0,0.0,0.0,90.0,352.0,3.91,0.0,16.0,14.0,152.0,10.86,0.0,50.0,35.2,28.7,,87,,3.12
305,Ed Dickson,CAR,TE,28.0,16,11,0.0,0.0,0.0,0.0,0.0,0.0,0.0,,0.0,26.0,17.0,121.0,7.12,2.0,24.0,50.1,38.6,,42,,1.5
306,Craig Stevens,TEN,TE,31.0,16,11,0.0,0.0,0.0,0.0,0.0,0.0,0.0,,0.0,16.0,12.0,121.0,10.08,2.0,24.0,39.1,30.1,,41,,1.5
307,Josh Hill,NOR,TE,25.0,16,7,0.0,0.0,0.0,0.0,0.0,0.0,0.0,,0.0,30.0,16.0,120.0,7.5,2.0,24.0,43.0,32.0,,43,,1.5
308,Michael Hoomanawanui,2TM,TE,27.0,14,8,0.0,0.0,0.0,0.0,0.0,1.1,0.0,0.0,0.0,18.3,12.6,86.9,6.91,3.4,27.4,35.6,29.1,,44,,1.71
309,Matt Asiata,MIN,RB,28.0,16,0,0.0,0.0,0.0,0.0,0.0,29.0,112.0,3.86,0.0,22.0,19.0,132.0,6.95,0.0,24.0,49.4,33.9,,89,,1.5
310,Orleans Darkwa,NYG,RB,23.0,16,0,0.0,0.0,0.0,0.0,0.0,36.0,153.0,4.25,1.0,5.0,3.0,31.0,10.33,0.0,24.0,30.4,25.9,,88,,1.5
311,Damien Williams,MIA,RB,23.0,16,0,0.0,0.0,0.0,0.0,0.0,16.0,59.0,3.69,0.0,28.0,21.0,142.0,6.76,1.0,24.0,49.1,34.6,,90,,1.5
312,Rashad Ross,WAS,WR,25.0,13,0,0.0,0.0,0.0,0.0,0.0,0.0,0.0,,0.0,16.0,9.8,226.5,23.0,1.2,29.5,41.4,34.4,,131,,1.85
313,Stedman Bailey,STL,WR,25.0,8,3,0.0,0.0,0.0,0.0,0.0,0.0,0.0,,0.0,50.0,24.0,364.0,15.17,2.0,48.0,39.2,30.2,,132,,3.0
314,Taylor Gabriel,CLE,WR,24.0,13,4,0.0,0.0,0.0,0.0,0.0,0.0,0.0,,0.0,59.1,34.5,296.6,8.61,0.0,29.5,56.1,38.1,,133,,1.85
315,Landry Jones,PIT,QB,26.0,7,2,73.1,125.7,1172.6,6.9,9.1,11.4,-11.4,-1.0,0.0,0.0,0.0,0.0,,0.0,54.9,30.0,26.0,,48,,3.43
316,Virgil Green,DEN,TE,27.0,16,5,0.0,0.0,0.0,0.0,0.0,0.0,0.0,,0.0,15.0,12.0,173.0,14.42,1.0,23.0,38.3,29.3,,45,,1.44
317,Clay Harbor,JAX,TE,28.0,15,2,0.0,0.0,0.0,0.0,0.0,0.0,0.0,,0.0,21.3,14.9,158.9,10.64,1.1,24.5,39.9,29.9,,46,,1.53
318,Marcedes Lewis,JAX,TE,31.0,16,16,0.0,0.0,0.0,0.0,0.0,0.0,0.0,,0.0,37.0,16.0,226.0,14.13,0.0,23.0,41.6,30.6,,47,,1.44
319,Fozzy Whittaker,CAR,RB,26.0,15,1,0.0,0.0,0.0,0.0,0.0,26.7,115.2,4.32,1.1,16.0,12.8,68.3,5.33,0.0,24.5,38.2,29.2,,91,,1.53
320,Patrick DiMarco,ATL,RB,26.0,16,8,0.0,0.0,0.0,0.0,0.0,1.0,0.0,0.0,0.0,17.0,13.0,110.0,8.46,2.0,23.0,39.0,29.5,,92,,1.44
321,Terron Ward,ATL,RB,23.0,13,0,0.0,0.0,0.0,0.0,0.0,35.7,116.9,3.28,1.2,16.0,11.1,89.8,8.11,0.0,28.3,31.8,27.3,,93,,1.77
322,Adam Thielen,MIN,WR,25.0,16,2,0.0,0.0,0.0,0.0,0.0,4.0,89.0,22.25,0.0,18.0,12.0,144.0,12.0,0.0,23.0,38.3,29.3,,135,,1.44
323,Rashad Greene,JAX,WR,23.0,9,0,0.0,0.0,0.0,0.0,0.0,0.0,0.0,,0.0,62.2,33.8,165.3,4.89,3.6,40.9,46.3,36.8,,134,,2.56
324,Griff Whalen,IND,WR,25.0,14,0,0.0,0.0,0.0,0.0,0.0,0.0,0.0,,0.0,29.7,21.7,234.3,10.79,1.1,26.3,46.5,32.0,,136,,1.64
325,T.J. Yates,HOU,QB,28.0,4,2,112.0,228.0,1480.0,12.0,4.0,24.0,0.0,0.0,0.0,0.0,0.0,0.0,,0.0,92.0,27.8,23.8,,49,,5.75
326,Taiwan Jones,OAK,RB,27.0,12,0,0.0,0.0,0.0,0.0,0.0,21.3,98.7,4.63,0.0,12.0,9.3,141.3,15.14,1.3,29.3,33.0,25.5,,94,,1.83
327,Branden Oliver,SDG,RB,24.0,8,1,0.0,0.0,0.0,0.0,0.0,62.0,216.0,3.48,0.0,30.0,26.0,224.0,8.62,0.0,44.0,41.0,28.5,,95,,2.75
328,Bennie Fowler,DEN,WR,24.0,16,1,0.0,0.0,0.0,0.0,0.0,0.0,0.0,,0.0,25.0,16.0,203.0,12.69,0.0,22.0,39.3,28.3,,137,,1.38
329,C.J. Fiedorowicz,HOU,TE,24.0,16,14,0.0,0.0,0.0,0.0,0.0,0.0,0.0,,0.0,24.0,17.0,167.0,9.82,1.0,21.0,41.7,29.2,,48,,1.31
330,Zac Stacy,NYJ,RB,24.0,8,0,0.0,0.0,0.0,0.0,0.0,62.0,178.0,2.87,2.0,24.0,18.0,130.0,7.22,0.0,42.0,30.4,25.9,,96,,2.62
331,Terrance West,2TM,RB,24.0,8,0,0.0,0.0,0.0,0.0,0.0,124.0,462.0,3.73,0.0,10.0,8.0,42.0,5.25,0.0,42.0,30.2,23.2,,97,,2.62
332,Bruce Miller,SFO,RB,28.0,16,5,0.0,0.0,0.0,0.0,0.0,6.0,14.0,2.33,1.0,14.0,10.0,135.0,13.5,0.0,21.0,33.9,25.9,,98,,1.31
333,Chris Matthews,2TM,WR,26.0,13,0,0.0,0.0,0.0,0.0,0.0,0.0,0.0,,0.0,30.8,16.0,185.8,11.62,1.2,25.8,37.1,27.6,,138,,1.62
334,Jordan Norwood,DEN,WR,29.0,11,5,0.0,0.0,0.0,0.0,0.0,0.0,0.0,,0.0,46.5,32.0,301.1,9.41,0.0,30.5,45.7,31.7,,139,,1.91
335,Tim Wright,DET,TE,25.0,9,1,0.0,0.0,0.0,0.0,0.0,0.0,0.0,,0.0,28.4,16.0,136.9,8.56,3.6,35.6,28.7,24.2,,49,,2.22
336,John Kuhn,GNB,RB,33.0,16,6,0.0,0.0,0.0,0.0,0.0,9.0,28.0,3.11,2.0,10.0,6.0,56.0,9.33,0.0,20.0,26.4,23.4,,100,,1.25
337,David Cobb,TEN,RB,22.0,7,1,0.0,0.0,0.0,0.0,0.0,118.9,333.7,2.81,2.3,4.6,2.3,-4.6,-2.0,0.0,45.7,24.4,20.9,,99,,2.86
338,Kerwynn Williams,ARI,RB,24.0,6,0,0.0,0.0,0.0,0.0,0.0,72.0,378.7,5.26,2.7,5.3,5.3,42.7,8.0,0.0,53.3,25.8,20.8,,101,,3.33
339,Jalston Fowler,TEN,RB,25.0,16,0,0.0,0.0,0.0,0.0,0.0,7.0,13.0,1.86,1.0,6.0,5.0,44.0,8.8,1.0,20.0,22.7,20.2,,102,,1.25
340,Jaron Brown,ARI,WR,25.0,16,0,0.0,0.0,0.0,0.0,0.0,0.0,0.0,,0.0,23.0,11.0,144.0,13.09,1.0,20.0,34.4,25.9,,140,,1.25
341,Derek Carrier,WAS,WR,25.0,12,11,0.0,0.0,0.0,0.0,0.0,0.0,0.0,,0.0,29.3,22.7,188.0,8.29,1.3,26.7,40.1,28.6,,141,,1.67
342,Louis Murphy,TAM,WR,28.0,6,1,0.0,0.0,0.0,0.0,0.0,0.0,0.0,,0.0,48.0,26.7,528.0,19.8,0.0,53.3,32.8,24.8,,142,,3.33
343,Andre Caldwell,DEN,WR,30.0,14,0,0.0,0.0,0.0,0.0,0.0,1.1,3.4,3.0,0.0,25.1,11.4,82.3,7.2,2.3,22.9,29.5,24.5,,143,,1.43
344,Geno Smith,NYJ,QB,25.0,1,0,432.0,672.0,4240.0,32.0,16.0,32.0,544.0,17.0,0.0,0.0,0.0,0.0,,0.0,320.0,21.0,21.0,,50,,20.0
345,Tyler Kroft,CIN,TE,23.0,16,6,0.0,0.0,0.0,0.0,0.0,0.0,0.0,,0.0,15.0,11.0,129.0,11.73,1.0,19.0,32.9,24.4,,50,,1.19
346,Blake Bell,SFO,TE,24.0,14,5,0.0,0.0,0.0,0.0,0.0,0.0,0.0,,0.0,28.6,17.1,212.6,12.4,0.0,21.7,36.6,26.1,,51,,1.36
347,Justin Hardy,ATL,WR,24.0,9,1,0.0,0.0,0.0,0.0,0.0,0.0,0.0,,0.0,64.0,37.3,344.9,9.24,0.0,33.8,43.4,29.9,,144,,2.11
348,Donteea Dye,TAM,WR,22.0,10,6,0.0,0.0,0.0,0.0,0.0,0.0,0.0,,0.0,48.0,17.6,211.2,12.0,1.6,30.4,33.2,24.7,,145,,1.9
349,Javontee Herndon,SDG,WR,24.0,8,2,0.0,0.0,0.0,0.0,0.0,2.0,26.0,13.0,0.0,66.0,48.0,390.0,8.13,0.0,38.0,46.8,30.8,,146,,2.38
350,Austin Davis,CLE,QB,26.0,3,2,298.7,501.3,2917.3,5.3,16.0,37.3,176.0,4.71,0.0,0.0,0.0,0.0,,0.0,101.3,27.2,22.2,,51,,6.33
351,Rhett Ellison,MIN,TE,27.0,15,9,0.0,0.0,0.0,0.0,0.0,0.0,0.0,,0.0,20.3,11.7,132.3,11.27,1.1,19.2,32.4,23.9,,52,,1.2
352,Nick Boyle,BAL,TE,22.0,11,2,0.0,0.0,0.0,0.0,0.0,0.0,0.0,,0.0,33.5,26.2,222.5,8.5,0.0,24.7,38.3,26.3,,53,,1.55
353,Dwayne Allen,IND,TE,25.0,13,12,0.0,0.0,0.0,0.0,0.0,1.2,1.2,1.0,0.0,35.7,19.7,134.2,6.81,1.2,20.9,36.0,25.0,,54,,1.31
354,Jake Stoneburner,MIA,TE,26.0,11,1,0.0,0.0,0.0,0.0,0.0,0.0,0.0,,0.0,7.3,7.3,68.4,9.4,2.9,24.7,21.7,19.2,,55,,1.55
355,Dion Sims,MIA,TE,24.0,13,4,0.0,0.0,0.0,0.0,0.0,0.0,0.0,,0.0,30.8,22.2,156.3,7.06,1.2,20.9,38.7,25.7,,56,,1.31
356,Roy Helu,OAK,RB,27.0,9,0,0.0,0.0,0.0,0.0,0.0,30.2,69.3,2.29,0.0,28.4,16.0,133.3,8.33,1.8,30.2,26.4,21.9,,103,,1.89
357,T.J. Jones,DET,WR,23.0,10,0,0.0,0.0,0.0,0.0,0.0,1.6,-4.8,-3.0,0.0,28.8,16.0,211.2,13.2,1.6,27.2,30.9,21.9,,147,,1.7
358,Kenbrell Thompkins,NYJ,WR,27.0,7,2,0.0,0.0,0.0,0.0,0.0,0.0,0.0,,0.0,75.4,38.9,377.1,9.71,0.0,38.9,36.5,25.0,,148,,2.43
359,Knile Davis,KAN,RB,24.0,14,0,0.0,0.0,0.0,0.0,0.0,32.0,82.3,2.57,1.1,3.4,2.3,27.4,12.0,0.0,18.3,17.6,16.6,,104,,1.14
360,Justin Perillo,GNB,WR,24.0,9,0,0.0,0.0,0.0,0.0,0.0,0.0,0.0,,0.0,23.1,19.6,181.3,9.27,1.8,28.4,30.2,21.7,,149,,1.78
361,Devin Smith,NYJ,WR,23.0,10,3,0.0,0.0,0.0,0.0,0.0,0.0,0.0,,0.0,44.8,14.4,184.0,12.78,1.6,25.6,28.5,20.0,,150,,1.6
362,Troy Niklas,ARI,TE,23.0,16,3,0.0,0.0,0.0,0.0,0.0,0.0,0.0,,0.0,4.0,4.0,33.0,8.25,2.0,15.0,19.3,17.3,,57,,0.94
363,Chris Gragg,BUF,TE,25.0,13,4,0.0,0.0,0.0,0.0,0.0,0.0,0.0,,0.0,24.6,14.8,184.6,12.5,0.0,18.5,30.0,21.0,,58,,1.15
364,Anthony Dixon,BUF,RB,28.0,16,1,0.0,0.0,0.0,0.0,0.0,21.0,44.0,2.1,1.0,7.0,6.0,44.0,7.33,0.0,15.0,20.8,17.8,,106,,0.94
365,Pierre Thomas,2TM,RB,31.0,5,0,0.0,0.0,0.0,0.0,0.0,48.0,204.8,4.27,0.0,35.2,28.8,268.8,9.33,0.0,48.0,23.8,19.3,,105,,3.0
366,Devin Street,DAL,WR,24.0,14,2,0.0,0.0,0.0,0.0,0.0,0.0,0.0,,0.0,14.9,8.0,130.3,16.29,1.1,17.1,26.4,18.9,,151,,1.07
367,Tyrell Williams,SDG,WR,23.0,4,0,0.0,0.0,0.0,0.0,0.0,0.0,0.0,,0.0,20.0,8.0,360.0,45.0,4.0,60.0,17.0,16.0,,152,,3.75
368,Myles White,NYG,WR,25.0,12,0,0.0,0.0,0.0,0.0,0.0,0.0,0.0,,0.0,26.7,9.3,117.3,12.57,1.3,20.0,21.8,18.3,,153,,1.25
369,Jesse James,PIT,TE,21.0,8,2,0.0,0.0,0.0,0.0,0.0,0.0,0.0,,0.0,22.0,16.0,112.0,7.0,2.0,28.0,21.6,17.6,,59,,1.75
370,Rex Burkhead,CIN,RB,25.0,16,0,0.0,0.0,0.0,0.0,0.0,4.0,4.0,1.0,0.0,15.0,10.0,94.0,9.4,1.0,14.0,24.8,18.8,,107,,0.88
371,Lorenzo Taliaferro,BAL,RB,24.0,3,0,0.0,0.0,0.0,0.0,0.0,69.3,250.7,3.62,5.3,26.7,26.7,154.7,5.8,0.0,74.7,18.6,16.1,,108,,4.67
372,Akeem Hunt,HOU,RB,22.0,7,1,0.0,0.0,0.0,0.0,0.0,38.9,219.4,5.65,0.0,22.9,13.7,89.1,6.5,0.0,32.0,19.5,16.5,,109,,2.0
373,Marlon Moore,CLE,WR,28.0,14,2,0.0,0.0,0.0,0.0,0.0,0.0,0.0,,0.0,11.4,8.0,92.6,11.57,1.1,16.0,21.1,17.6,,154,,1.0
374,Aaron Dobson,NWE,WR,24.0,8,3,0.0,0.0,0.0,0.0,0.0,0.0,0.0,,0.0,42.0,26.0,282.0,10.85,0.0,28.0,30.1,20.6,,155,,1.75
375,Bruce Ellington,SFO,WR,24.0,13,0,0.0,0.0,0.0,0.0,0.0,1.2,8.6,7.0,0.0,23.4,16.0,188.3,11.77,0.0,17.2,31.0,20.5,,156,,1.08
376,Jason Avant,KAN,WR,32.0,16,1,0.0,0.0,0.0,0.0,0.0,0.0,0.0,,0.0,24.0,15.0,119.0,7.93,0.0,14.0,29.9,19.4,,157,,0.88
377,Andre Roberts,WAS,WR,27.0,9,0,0.0,0.0,0.0,0.0,0.0,0.0,0.0,,0.0,37.3,19.6,240.0,12.27,0.0,24.9,33.5,25.0,,158,,1.56
378,Demetrius Harris,KAN,TE,24.0,16,9,0.0,0.0,0.0,0.0,0.0,0.0,0.0,,0.0,11.0,7.0,74.0,10.57,1.0,13.0,20.4,16.9,,60,,0.81
379,Jack Doyle,IND,TE,25.0,16,2,0.0,0.0,0.0,0.0,0.0,0.0,0.0,,0.0,14.0,12.0,72.0,6.0,1.0,13.0,25.2,19.2,,61,,0.81
380,Chase Coffman,2TM,TE,29.0,2,0,0.0,0.0,0.0,0.0,0.0,0.0,0.0,,0.0,88.0,64.0,568.0,8.88,8.0,104.0,21.1,17.1,,62,,6.5
381,Lee Smith,OAK,TE,28.0,15,15,0.0,0.0,0.0,0.0,0.0,0.0,0.0,,0.0,13.9,12.8,74.7,5.83,1.1,13.9,25.0,19.0,,64,,0.87
382,Cooper Helfet,SEA,TE,26.0,13,2,0.0,0.0,0.0,0.0,0.0,0.0,0.0,,0.0,27.1,16.0,160.0,10.0,0.0,16.0,29.0,19.5,,63,,1.0
383,John Phillips,SDG,TE,28.0,16,5,0.0,0.0,0.0,0.0,0.0,0.0,0.0,,0.0,11.0,10.0,69.0,6.9,1.0,13.0,22.9,17.9,,65,,0.81
384,Brandon Myers,TAM,TE,30.0,11,6,0.0,0.0,0.0,0.0,0.0,0.0,0.0,,0.0,24.7,17.5,184.7,10.58,0.0,18.9,27.7,18.7,,66,,1.18
385,Brandon Pettigrew,DET,TE,30.0,8,8,0.0,0.0,0.0,0.0,0.0,0.0,0.0,,0.0,30.0,14.0,134.0,9.57,2.0,26.0,19.7,16.2,,67,,1.62
386,Bryce Brown,SEA,RB,24.0,3,0,0.0,0.0,0.0,0.0,0.0,133.3,384.0,2.88,5.3,10.7,0.0,0.0,,0.0,69.3,13.2,13.2,,110,,4.33
387,Steven Jackson,NWE,RB,32.0,2,1,0.0,0.0,0.0,0.0,0.0,168.0,400.0,2.38,8.0,8.0,8.0,160.0,20.0,0.0,104.0,14.0,13.5,,111,,6.5
388,Kenjon Barner,PHI,RB,26.0,11,0,0.0,0.0,0.0,0.0,0.0,40.7,180.4,4.43,0.0,17.5,13.1,32.0,2.44,0.0,18.9,25.6,17.1,,113,,1.18
389,Dan Herron,2TM,RB,26.0,10,0,0.0,0.0,0.0,0.0,0.0,40.0,126.4,3.16,0.0,16.0,14.4,75.2,5.22,0.0,20.8,21.6,17.1,,112,,1.3
390,Jared Abbrederis,GNB,WR,25.0,9,0,0.0,0.0,0.0,0.0,0.0,0.0,0.0,,0.0,28.4,16.0,197.3,12.33,0.0,23.1,23.1,15.6,,159,,1.44
391,Ricardo Lockette,SEA,WR,29.0,8,0,0.0,0.0,0.0,0.0,0.0,0.0,0.0,,0.0,14.0,8.0,138.0,17.25,2.0,26.0,16.9,14.9,,161,,1.62
392,Keith Mumphery,HOU,WR,23.0,16,3,0.0,0.0,0.0,0.0,0.0,0.0,0.0,,0.0,32.0,14.0,129.0,9.21,0.0,13.0,29.9,19.9,,160,,0.81
393,Charles Johnson,MIN,WR,26.0,11,4,0.0,0.0,0.0,0.0,0.0,0.0,0.0,,0.0,18.9,13.1,184.7,14.11,0.0,18.9,24.7,17.2,,162,,1.18
394,Luke McCown,NOR,QB,34.0,8,1,64.0,78.0,670.0,0.0,2.0,0.0,0.0,,0.0,0.0,0.0,0.0,,0.0,26.0,15.4,12.4,,52,,1.62
395,Luke Stocker,TAM,TE,27.0,14,13,0.0,0.0,0.0,0.0,0.0,0.0,0.0,,0.0,14.9,10.3,69.7,6.78,1.1,13.7,21.1,16.6,,68,,0.86
396,Tony Moeaki,ATL,TE,28.0,10,0,0.0,0.0,0.0,0.0,0.0,0.0,0.0,,0.0,8.0,4.8,92.8,19.33,1.6,19.2,14.8,13.3,,69,,1.2
397,Cody Latimer,DEN,WR,23.0,14,1,0.0,0.0,0.0,0.0,0.0,2.3,1.1,0.5,0.0,12.6,6.9,67.4,9.83,1.1,13.7,18.0,15.0,,164,,0.86
398,Cameron Meredith,CHI,WR,23.0,11,0,0.0,0.0,0.0,0.0,0.0,0.0,0.0,,0.0,23.3,16.0,174.5,10.91,0.0,17.5,26.0,17.5,,163,,1.09
399,Brandon Tate,CIN,WR,28.0,16,0,0.0,0.0,0.0,0.0,0.0,0.0,0.0,,0.0,3.0,2.0,59.0,29.5,1.0,12.0,13.9,12.9,,165,,0.75
400,Marcus Easley,BUF,WR,28.0,13,0,0.0,0.0,0.0,0.0,0.0,0.0,0.0,,0.0,3.7,1.2,71.4,58.0,1.2,14.8,12.8,12.3,,166,,0.92
401,Darius Jennings,CLE,WR,23.0,4,1,0.0,0.0,0.0,0.0,0.0,0.0,0.0,,0.0,84.0,56.0,468.0,8.36,0.0,48.0,28.7,18.7,,167,,3.0
402,Matt McGloin,OAK,QB,26.0,2,0,184.0,256.0,1136.0,16.0,8.0,0.0,0.0,,0.0,0.0,0.0,0.0,,0.0,96.0,11.7,10.7,,53,,6.0
403,Will Tukuafu,SEA,RB,31.0,14,1,0.0,0.0,0.0,0.0,0.0,4.6,1.1,0.25,1.1,1.1,1.1,8.0,7.0,1.1,12.6,12.8,11.3,,114,,0.79
404,Kendall Gaskins,SFO,RB,25.0,9,0,0.0,0.0,0.0,0.0,0.0,28.4,67.6,2.38,0.0,17.8,14.2,122.7,8.63,0.0,19.6,18.7,14.7,,115,,1.22
405,Jerome Simpson,SFO,WR,29.0,5,1,0.0,0.0,0.0,0.0,0.0,0.0,0.0,,0.0,60.8,16.0,172.8,10.8,3.2,35.2,16.4,13.9,,168,,2.2
406,Michael Campanaro,BAL,WR,24.0,4,0,0.0,0.0,0.0,0.0,0.0,8.0,68.0,8.5,4.0,24.0,20.0,140.0,7.0,0.0,44.0,16.2,13.7,,170,,2.75
407,Marlon Brown,BAL,WR,24.0,10,2,0.0,0.0,0.0,0.0,0.0,0.0,0.0,,0.0,48.0,22.4,179.2,8.0,0.0,17.6,28.2,18.2,,169,,1.1
408,Russell Shepard,TAM,WR,25.0,13,1,0.0,0.0,0.0,0.0,0.0,0.0,0.0,,0.0,11.1,3.7,34.5,9.33,1.2,13.5,11.8,10.3,,171,,0.85
409,Gavin Escobar,DAL,TE,24.0,14,4,0.0,0.0,0.0,0.0,0.0,0.0,0.0,,0.0,14.9,9.1,73.1,8.0,1.1,11.4,19.4,14.4,,70,,0.71
410,Michael Burton,DET,TE,23.0,16,7,0.0,0.0,0.0,0.0,0.0,4.0,2.0,0.5,0.0,6.0,6.0,39.0,6.5,1.0,10.0,16.1,13.1,,71,,0.62
411,Ryan Hewitt,CIN,TE,24.0,15,12,0.0,0.0,0.0,0.0,0.0,0.0,0.0,,0.0,12.8,8.5,105.6,12.38,0.0,10.7,17.9,13.9,,72,,0.67
412,Will Johnson,PIT,RB,26.0,16,4,0.0,0.0,0.0,0.0,0.0,4.0,7.0,1.75,1.0,4.0,2.0,16.0,8.0,0.0,10.0,12.3,11.3,,116,,0.62
413,Juwan Thompson,DEN,RB,23.0,15,1,0.0,0.0,0.0,0.0,0.0,19.2,51.2,2.67,0.0,9.6,6.4,54.4,8.5,0.0,10.7,15.9,12.9,,118,,0.67
414,Austin Johnson,NOR,RB,26.0,10,1,0.0,0.0,0.0,0.0,0.0,6.4,14.4,2.25,1.6,12.8,8.0,48.0,6.0,0.0,16.0,14.9,12.4,,117,,1.0
415,Mike Davis,SFO,RB,22.0,6,0,0.0,0.0,0.0,0.0,0.0,93.3,154.7,1.66,0.0,34.7,18.7,101.3,5.43,0.0,26.7,16.6,13.1,,119,,1.67
416,Lucky Whitehead,DAL,WR,23.0,15,1,0.0,0.0,0.0,0.0,0.0,10.7,114.1,10.7,0.0,8.5,6.4,17.1,2.67,0.0,10.7,20.3,13.3,,172,,0.67
417,Wes Welker,STL,WR,34.0,8,0,0.0,0.0,0.0,0.0,0.0,0.0,0.0,,0.0,44.0,26.0,204.0,7.85,0.0,20.0,26.2,16.7,,173,,1.25
418,Brian Quick,STL,WR,26.0,13,3,0.0,0.0,0.0,0.0,0.0,0.0,0.0,,0.0,39.4,12.3,125.5,10.2,0.0,12.3,23.2,15.2,,174,,0.77
419,Brenton Bersin,CAR,WR,25.0,9,2,0.0,0.0,0.0,0.0,0.0,0.0,0.0,,0.0,19.6,16.0,211.6,13.22,0.0,17.8,22.9,14.4,,175,,1.11
420,Josh Freeman,IND,QB,27.0,1,1,240.0,448.0,2384.0,16.0,16.0,128.0,384.0,3.0,0.0,0.0,0.0,0.0,,0.0,160.0,11.4,11.4,,54,,10.0
421,Dan Orlovsky,DET,QB,32.0,3,0,117.3,213.3,1072.0,5.3,5.3,0.0,0.0,,0.0,0.0,0.0,0.0,,0.0,53.3,11.0,11.0,,55,,3.33
422,Garrett Graham,HOU,TE,29.0,8,2,0.0,0.0,0.0,0.0,0.0,0.0,0.0,,0.0,38.0,8.0,60.0,7.5,2.0,18.0,13.0,11.0,,73,,1.12
423,MyCole Pruitt,MIN,TE,23.0,16,3,0.0,0.0,0.0,0.0,0.0,0.0,0.0,,0.0,16.0,10.0,89.0,8.9,0.0,9.0,18.9,13.9,,74,,0.56
424,James O'Shaughnessy,KAN,TE,23.0,7,3,0.0,0.0,0.0,0.0,0.0,0.0,0.0,,0.0,20.6,13.7,198.9,14.5,0.0,20.6,14.7,11.7,,75,,1.29
425,Stevan Ridley,NYJ,RB,26.0,9,1,0.0,0.0,0.0,0.0,0.0,64.0,160.0,2.5,0.0,8.9,7.1,-3.6,-0.5,0.0,16.0,12.8,10.8,,120,,1.0
426,Colt McCoy,WAS,QB,29.0,1,0,112.0,176.0,2048.0,16.0,0.0,48.0,-48.0,-1.0,0.0,0.0,0.0,0.0,,0.0,144.0,8.8,8.8,,56,,9.0
427,James Hanna,DAL,TE,26.0,14,7,0.0,0.0,0.0,0.0,0.0,0.0,0.0,,0.0,16.0,10.3,90.3,8.78,0.0,9.1,16.9,12.4,,76,,0.57
428,Kellen Davis,NYJ,TE,30.0,16,9,0.0,0.0,0.0,0.0,0.0,0.0,0.0,,0.0,11.0,3.0,18.0,6.0,1.0,8.0,10.8,9.3,,77,,0.5
429,Jeff Cumberland,NYJ,TE,28.0,15,6,0.0,0.0,0.0,0.0,0.0,0.0,0.0,,0.0,14.9,5.3,82.1,15.4,0.0,8.5,12.7,10.2,,78,,0.53
430,Zurlon Tipton,IND,RB,25.0,10,0,0.0,0.0,0.0,0.0,0.0,8.0,32.0,4.0,0.0,12.8,8.0,91.2,11.4,0.0,12.8,12.7,10.2,,121,,0.8
431,Deonte Thompson,CHI,WR,26.0,7,0,0.0,0.0,0.0,0.0,0.0,0.0,0.0,,0.0,6.9,4.6,185.1,40.5,0.0,18.3,10.1,9.1,,176,,1.14
432,Chris Owusu,NYJ,WR,25.0,3,2,0.0,0.0,0.0,0.0,0.0,0.0,0.0,,0.0,69.3,32.0,426.7,13.33,0.0,42.7,14.0,11.0,,177,,2.67
433,Jeff Janis,GNB,WR,24.0,16,0,0.0,0.0,0.0,0.0,0.0,0.0,0.0,,0.0,12.0,2.0,79.0,39.5,0.0,8.0,9.9,8.9,,178,,0.5
434,Tre McBride,TEN,WR,23.0,7,0,0.0,0.0,0.0,0.0,0.0,2.3,18.3,8.0,0.0,9.1,4.6,18.3,4.0,2.3,18.3,9.6,8.6,,179,,1.14
435,Alex Tanney,TEN,QB,28.0,1,0,160.0,224.0,1584.0,16.0,0.0,0.0,0.0,,0.0,0.0,0.0,0.0,,0.0,128.0,8.0,8.0,,57,,8.0
436,Zach Zenner,DET,RB,24.0,6,1,0.0,0.0,0.0,0.0,0.0,45.3,160.0,3.53,0.0,8.0,5.3,29.3,5.5,0.0,18.7,9.1,8.1,,122,,1.17
437,Toby Gerhart,JAX,RB,28.0,7,1,0.0,0.0,0.0,0.0,0.0,45.7,100.6,2.2,0.0,11.4,6.9,52.6,7.67,0.0,16.0,9.7,8.2,,123,,1.0
438,Bradley Marquez,STL,WR,23.0,16,1,0.0,0.0,0.0,0.0,0.0,0.0,0.0,,0.0,22.0,13.0,88.0,6.77,0.0,7.0,20.8,13.3,,180,,0.44
439,Ryan Nassib,NYG,QB,25.0,1,0,80.0,80.0,1088.0,16.0,0.0,0.0,0.0,,0.0,0.0,0.0,0.0,,0.0,112.0,6.7,6.7,,58,,7.0
440,Levine Toilolo,ATL,TE,24.0,16,15,0.0,0.0,0.0,0.0,0.0,0.0,0.0,,0.0,12.0,7.0,44.0,6.29,0.0,6.0,13.4,9.9,,79,,0.38
441,Jim Dray,CLE,TE,29.0,16,10,0.0,0.0,0.0,0.0,0.0,0.0,0.0,,0.0,16.0,6.0,61.0,10.17,0.0,6.0,12.1,9.1,,80,,0.38
442,Daniel Fells,NYG,TE,32.0,2,1,0.0,0.0,0.0,0.0,0.0,0.0,0.0,,0.0,56.0,48.0,480.0,10.0,0.0,48.0,12.0,9.0,,81,,3.0
443,Jerome Cunningham,NYG,TE,24.0,9,3,0.0,0.0,0.0,0.0,0.0,0.0,0.0,,0.0,28.4,14.2,104.9,7.38,0.0,10.7,13.9,9.9,,82,,0.67
444,Fitzgerald Toussaint,PIT,RB,25.0,5,0,0.0,0.0,0.0,0.0,0.0,57.6,134.4,2.33,0.0,0.0,0.0,0.0,,0.0,19.2,6.2,6.2,,124,,1.2
445,Stepfan Taylor,ARI,RB,24.0,16,0,0.0,0.0,0.0,0.0,0.0,17.0,58.0,3.41,0.0,3.0,1.0,4.0,4.0,0.0,6.0,7.2,6.7,,125,,0.38
446,Jarryd Hayne,SFO,RB,27.0,8,1,0.0,0.0,0.0,0.0,0.0,34.0,104.0,3.06,0.0,14.0,12.0,54.0,4.5,0.0,12.0,12.9,8.9,,126,,0.75
447,Tommy Bohanon,NYJ,RB,25.0,16,4,0.0,0.0,0.0,0.0,0.0,2.0,2.0,1.0,0.0,8.0,4.0,56.0,14.0,0.0,6.0,9.8,7.8,,127,,0.38
448,Daniel Brown,BAL,WR,23.0,6,1,0.0,0.0,0.0,0.0,0.0,0.0,0.0,,0.0,29.3,16.0,170.7,10.67,0.0,16.0,12.4,9.4,,181,,1.0
449,Kevin Smith,SEA,WR,24.0,7,1,0.0,0.0,0.0,0.0,0.0,0.0,0.0,,0.0,11.4,6.9,98.3,14.33,0.0,13.7,7.3,5.8,,182,,0.86
450,Corey Fuller,DET,WR,25.0,12,0,0.0,0.0,0.0,0.0,0.0,0.0,0.0,,0.0,12.0,5.3,101.3,19.0,0.0,8.0,10.6,7.6,,183,,0.5
451,Kellen Clemens,SDG,QB,32.0,2,0,40.0,48.0,504.0,8.0,0.0,8.0,-8.0,-1.0,0.0,0.0,0.0,0.0,,0.0,48.0,6.4,6.4,,59,,3.0
452,Ryan Lindley,IND,QB,26.0,1,0,96.0,160.0,928.0,16.0,0.0,0.0,0.0,,0.0,0.0,0.0,0.0,,0.0,96.0,6.3,6.3,,60,,6.0
453,Trey Burton,PHI,TE,24.0,16,0,0.0,0.0,0.0,0.0,0.0,0.0,0.0,,0.0,4.0,3.0,54.0,18.0,0.0,5.0,8.4,6.9,,83,,0.31
454,Anthony Sherman,KAN,RB,27.0,16,2,0.0,0.0,0.0,0.0,0.0,1.0,0.0,0.0,0.0,5.0,4.0,34.0,8.5,0.0,5.0,7.4,5.4,,128,,0.31
455,Josh Robinson,IND,RB,23.0,5,0,0.0,0.0,0.0,0.0,0.0,54.4,124.8,2.29,0.0,19.2,19.2,105.6,5.5,0.0,16.0,12.2,8.2,,129,,1.0
456,Jacquizz Rodgers,CHI,RB,25.0,5,0,0.0,0.0,0.0,0.0,0.0,44.8,131.2,2.93,0.0,9.6,3.2,32.0,10.0,0.0,16.0,6.1,5.6,,131,,1.0
457,Joey Iosefa,NWE,RB,24.0,2,0,0.0,0.0,0.0,0.0,0.0,120.0,408.0,3.4,0.0,0.0,0.0,0.0,,0.0,40.0,5.1,5.1,,130,,2.5
458,Reggie Bush,SFO,RB,30.0,5,1,0.0,0.0,0.0,0.0,0.0,25.6,89.6,3.5,0.0,32.0,12.8,60.8,4.75,0.0,16.0,8.7,6.7,,132,,1.0
459,Hakeem Nicks,NYG,WR,27.0,6,2,0.0,0.0,0.0,0.0,0.0,0.0,0.0,,0.0,37.3,18.7,144.0,7.71,0.0,13.3,12.4,8.9,,184,,0.83
460,Dwayne Bowe,CLE,WR,31.0,7,0,0.0,0.0,0.0,0.0,0.0,0.0,0.0,,0.0,29.7,11.4,121.1,10.6,0.0,11.4,10.3,7.8,,185,,0.71
461,Nick O'Leary,BUF,TE,23.0,4,0,0.0,0.0,0.0,0.0,0.0,0.0,0.0,,0.0,12.0,4.0,148.0,37.0,0.0,16.0,4.7,4.2,,84,,1.0
462,Terrelle Pryor,CLE,WR,26.0,3,2,0.0,0.0,0.0,0.0,0.0,5.3,-5.3,-1.0,0.0,42.7,5.3,224.0,42.0,0.0,21.3,5.1,4.6,,186,,1.33
463,Greg Salas,BUF,WR,27.0,2,0,0.0,0.0,0.0,0.0,0.0,0.0,0.0,,0.0,40.0,24.0,328.0,13.67,0.0,32.0,7.1,5.6,,187,,2.0
464,Preston Parker,NYG,WR,28.0,2,1,0.0,0.0,0.0,0.0,0.0,0.0,0.0,,0.0,96.0,40.0,320.0,8.0,0.0,32.0,9.0,6.5,,188,,2.0
465,Paul Richardson,SEA,WR,23.0,1,0,0.0,0.0,0.0,0.0,0.0,0.0,0.0,,0.0,16.0,16.0,640.0,40.0,0.0,64.0,5.0,4.5,,189,,4.0
466,Charlie Whitehurst,2TM,QB,33.0,5,0,51.2,102.4,480.0,0.0,3.2,6.4,3.2,0.5,0.0,0.0,0.0,0.0,,0.0,12.8,5.1,5.1,,61,,0.8
467,Rob Housler,2TM,TE,27.0,10,0,0.0,0.0,0.0,0.0,0.0,0.0,0.0,,0.0,11.2,6.4,52.8,8.25,0.0,4.8,7.3,5.3,,85,,0.3
468,Jake Fisher,CIN,TE,22.0,14,1,0.0,0.0,0.0,0.0,0.0,0.0,0.0,,0.0,5.7,1.1,35.4,31.0,0.0,3.4,4.1,3.6,,86,,0.21
469,Andrew Quarless,GNB,TE,27.0,5,1,0.0,0.0,0.0,0.0,0.0,0.0,0.0,,0.0,16.0,12.8,99.2,7.75,0.0,9.6,7.1,5.1,,87,,0.6
470,Cory Harkey,STL,TE,25.0,16,6,0.0,0.0,0.0,0.0,0.0,0.0,0.0,,0.0,6.0,5.0,26.0,5.2,0.0,3.0,7.6,5.1,,88,,0.19
471,Jay Prosch,HOU,RB,23.0,16,2,0.0,0.0,0.0,0.0,0.0,6.0,33.0,5.5,0.0,1.0,0.0,0.0,,0.0,3.0,3.3,3.3,,133,,0.19
472,Darrel Young,WAS,RB,28.0,16,3,0.0,0.0,0.0,0.0,0.0,6.0,10.0,1.67,0.0,6.0,6.0,22.0,3.67,0.0,3.0,9.2,6.2,,134,,0.19
473,Derrick Coleman,SEA,RB,25.0,14,3,0.0,0.0,0.0,0.0,0.0,9.1,36.6,4.0,0.0,1.1,1.1,0.0,0.0,0.0,3.4,4.2,3.7,,135,,0.21
474,Jeremy Ross,2TM,WR,27.0,11,0,0.0,0.0,0.0,0.0,0.0,1.5,2.9,2.0,0.0,20.4,13.1,128.0,9.78,0.0,4.4,15.0,7.5,,190,,0.27
475,Rod Streater,OAK,WR,27.0,1,0,0.0,0.0,0.0,0.0,0.0,0.0,0.0,,0.0,16.0,16.0,128.0,8.0,0.0,48.0,1.8,1.3,,191,,3.0
476,B.J. Daniels,2TM,WR,26.0,8,0,2.0,4.0,14.0,0.0,0.0,12.0,12.0,1.0,0.0,4.0,4.0,36.0,9.0,0.0,6.0,4.7,3.7,,192,,0.38
477,Michael Williams,NWE,WR,25.0,15,9,0.0,0.0,0.0,0.0,0.0,0.0,0.0,,0.0,6.4,3.2,27.7,8.67,0.0,3.2,5.6,4.1,,193,,0.2
478,Andrew Turzilli,TEN,WR,,3,0,0.0,0.0,0.0,0.0,0.0,0.0,0.0,,0.0,10.7,10.7,133.3,12.5,0.0,16.0,4.5,3.5,,194,,1.0
479,Matt LaCosse,NYG,TE,23.0,2,0,0.0,0.0,0.0,0.0,0.0,0.0,0.0,,0.0,24.0,24.0,176.0,7.33,0.0,16.0,5.2,3.7,,89,,1.0
480,Jordan Todman,PIT,RB,25.0,11,0,0.0,0.0,0.0,0.0,0.0,5.8,32.0,5.5,0.0,2.9,0.0,0.0,,0.0,2.9,2.2,2.2,,136,,0.18
481,John Crockett,GNB,RB,23.0,2,0,0.0,0.0,0.0,0.0,0.0,72.0,168.0,2.33,0.0,0.0,0.0,0.0,,0.0,16.0,2.1,2.1,,137,,1.0
482,Tyler Varga,IND,RB,22.0,3,0,0.0,0.0,0.0,0.0,0.0,5.3,10.7,2.0,0.0,10.7,5.3,96.0,18.0,0.0,10.7,3.0,2.5,,138,,0.67
483,Alonzo Harris,GNB,RB,23.0,6,0,0.0,0.0,0.0,0.0,0.0,10.7,50.7,4.75,0.0,2.7,0.0,0.0,,0.0,5.3,1.9,1.9,,139,,0.33
484,Aaron Ripkowski,GNB,RB,23.0,15,0,0.0,0.0,0.0,0.0,0.0,0.0,0.0,,0.0,1.1,1.1,19.2,18.0,0.0,2.1,2.8,2.3,,141,,0.13
485,Bernard Pierce,JAX,RB,24.0,7,0,0.0,0.0,0.0,0.0,0.0,13.7,25.1,1.83,0.0,11.4,6.9,16.0,2.33,0.0,4.6,4.8,3.3,,140,,0.29
486,Roosevelt Nix,PIT,RB,23.0,15,3,0.0,0.0,0.0,0.0,0.0,0.0,0.0,,0.0,3.2,2.1,17.1,8.0,0.0,2.1,3.6,2.6,,142,,0.13
487,Malcolm Brown,STL,RB,,1,0,0.0,0.0,0.0,0.0,0.0,64.0,272.0,4.25,0.0,16.0,16.0,-32.0,-2.0,0.0,32.0,2.5,2.0,,143,,2.0
488,Malcolm Johnson,CLE,RB,23.0,12,5,0.0,0.0,0.0,0.0,0.0,0.0,0.0,,0.0,8.0,5.3,20.0,3.75,0.0,2.7,5.5,3.5,,144,,0.17
489,Marquise Goodwin,BUF,WR,25.0,2,0,0.0,0.0,0.0,0.0,0.0,0.0,0.0,,0.0,16.0,16.0,192.0,12.0,0.0,16.0,4.4,3.4,,196,,1.0
490,T.J. Graham,NOR,WR,26.0,4,0,0.0,0.0,0.0,0.0,0.0,0.0,0.0,,0.0,16.0,16.0,96.0,6.0,0.0,8.0,6.4,4.4,,195,,0.5
491,Vincent Brown,SDG,WR,26.0,1,0,0.0,0.0,0.0,0.0,0.0,0.0,0.0,,0.0,32.0,16.0,352.0,22.0,0.0,32.0,3.2,2.7,,197,,2.0
492,Geremy Davis,NYG,WR,23.0,10,0,0.0,0.0,0.0,0.0,0.0,0.0,0.0,,0.0,4.8,3.2,33.6,10.5,0.0,3.2,4.1,3.1,,198,,0.2
493,Darren Waller,BAL,WR,23.0,6,1,0.0,0.0,0.0,0.0,0.0,0.0,0.0,,0.0,16.0,5.3,48.0,9.0,0.0,5.3,3.8,2.8,,200,,0.33
494,DeAndrew White,SFO,WR,,4,0,0.0,0.0,0.0,0.0,0.0,0.0,0.0,,0.0,8.0,8.0,72.0,9.0,0.0,8.0,3.8,2.8,,199,,0.5
495,Tyler Murphy,PIT,WR,23.0,2,0,0.0,0.0,0.0,0.0,0.0,0.0,0.0,,0.0,8.0,8.0,128.0,16.0,0.0,16.0,2.6,2.1,,201,,1.0
496,Mario Alford,CIN,WR,23.0,1,0,0.0,0.0,0.0,0.0,0.0,0.0,0.0,,0.0,16.0,16.0,240.0,15.0,0.0,32.0,2.5,2.0,,202,,2.0
497,Eric Weems,ATL,WR,30.0,16,0,0.0,0.0,0.0,0.0,0.0,1.0,4.0,4.0,0.0,1.0,1.0,11.0,11.0,0.0,2.0,2.5,2.0,,203,,0.12
498,Phillip Supernaw,TEN,TE,25.0,16,1,0.0,0.0,0.0,0.0,0.0,0.0,0.0,,0.0,4.0,3.0,32.0,10.67,0.0,1.0,5.2,2.7,,90,,0.06
499,Scott Simonson,CAR,TE,23.0,9,0,0.0,0.0,0.0,0.0,0.0,0.0,0.0,,0.0,1.8,1.8,17.8,10.0,0.0,1.8,2.0,1.5,,91,,0.11
500,Matt Spaeth,PIT,TE,32.0,13,7,0.0,0.0,0.0,0.0,0.0,0.0,0.0,,0.0,3.7,2.5,12.3,5.0,0.0,1.2,3.0,2.0,,92,,0.08
501,Kendall Lamm,HOU,TE,23.0,15,4,0.0,0.0,0.0,0.0,0.0,0.0,0.0,,0.0,1.1,1.1,7.5,7.0,0.0,1.1,1.7,1.2,,95,,0.07
502,Khari Lee,CHI,TE,23.0,16,7,0.0,0.0,0.0,0.0,0.0,0.0,0.0,,0.0,3.0,1.0,7.0,7.0,0.0,1.0,1.7,1.2,,93,,0.06
503,E.J. Bibbs,CLE,TE,24.0,7,0,0.0,0.0,0.0,0.0,0.0,0.0,0.0,,0.0,4.6,2.3,16.0,7.0,0.0,2.3,1.7,1.2,,94,,0.14
504,Brian Parker,KAN,TE,23.0,9,0,0.0,0.0,0.0,0.0,0.0,0.0,0.0,,0.0,3.6,1.8,10.7,6.0,0.0,1.8,1.6,1.1,,97,,0.11
505,Nic Jacobs,JAX,TE,24.0,11,3,0.0,0.0,0.0,0.0,0.0,0.0,0.0,,0.0,4.4,1.5,8.7,6.0,0.0,1.5,1.6,1.1,,96,,0.09
506,Jerome Felton,BUF,RB,29.0,16,8,0.0,0.0,0.0,0.0,0.0,1.0,2.0,2.0,0.0,2.0,1.0,12.0,12.0,0.0,1.0,2.4,1.9,,146,,0.06
507,Bobby Rainey,TAM,RB,28.0,16,0,0.0,0.0,0.0,0.0,0.0,5.0,18.0,3.6,0.0,3.0,3.0,16.0,5.33,0.0,1.0,5.4,2.9,,145,,0.06
508,Jorvorskie Lane,TAM,RB,28.0,16,6,0.0,0.0,0.0,0.0,0.0,1.0,0.0,0.0,0.0,2.0,2.0,13.0,6.5,0.0,1.0,3.3,2.3,,147,,0.06
509,Trey Williams,IND,RB,23.0,2,0,0.0,0.0,0.0,0.0,0.0,16.0,96.0,6.0,0.0,0.0,0.0,0.0,,0.0,8.0,1.2,1.2,,148,,0.5
510,Antone Smith,CHI,RB,30.0,5,0,0.0,0.0,0.0,0.0,0.0,3.2,35.2,11.0,0.0,0.0,0.0,0.0,,0.0,3.2,1.1,1.1,,149,,0.2
511,Rod Smith,2TM,RB,23.0,11,0,0.0,0.0,0.0,0.0,0.0,2.9,7.3,2.5,0.0,2.9,1.5,8.7,6.0,0.0,1.5,2.1,1.6,,150,,0.09
512,Terrence Magee,BAL,RB,22.0,3,0,0.0,0.0,0.0,0.0,0.0,10.7,26.7,2.5,0.0,5.3,5.3,10.7,2.0,0.0,5.3,1.7,1.2,,151,,0.33
513,Chandler Worthy,HOU,WR,22.0,3,0,0.0,0.0,0.0,0.0,0.0,0.0,0.0,,0.0,21.3,16.0,74.7,4.67,0.0,5.3,4.4,2.9,,204,,0.33
514,Kasen Williams,SEA,WR,,2,0,0.0,0.0,0.0,0.0,0.0,8.0,40.0,5.0,0.0,8.0,8.0,64.0,8.0,0.0,8.0,2.3,1.8,,205,,0.5
515,Jonathan Krause,PHI,WR,23.0,2,0,0.0,0.0,0.0,0.0,0.0,0.0,0.0,,0.0,32.0,16.0,88.0,5.5,0.0,8.0,3.1,2.1,,206,,0.5
516,Sammie Coates,PIT,WR,22.0,7,0,0.0,0.0,0.0,0.0,0.0,0.0,0.0,,0.0,4.6,2.3,25.1,11.0,0.0,2.3,2.1,1.6,,207,,0.14
517,Ben Edwards,NYG,WR,23.0,2,0,0.0,0.0,0.0,0.0,0.0,0.0,0.0,,0.0,16.0,8.0,72.0,9.0,0.0,8.0,1.9,1.4,,208,,0.5
518,Tony Washington,JAX,WR,25.0,4,0,0.0,0.0,0.0,0.0,0.0,4.0,32.0,8.0,0.0,0.0,0.0,0.0,,0.0,4.0,0.8,0.8,,209,,0.25
519,Damaris Johnson,NWE,WR,26.0,1,0,0.0,0.0,0.0,0.0,0.0,16.0,96.0,6.0,0.0,0.0,0.0,0.0,,0.0,16.0,0.6,0.6,,210,,1.0
520,Cordarrelle Patterson,MIN,WR,24.0,16,1,0.0,0.0,0.0,0.0,0.0,2.0,15.0,7.5,0.0,2.0,2.0,10.0,5.0,0.0,1.0,15.5,13.5,,212,,0.06
521,Brittan Golden,ARI,WR,27.0,16,0,0.0,0.0,0.0,0.0,0.0,0.0,0.0,,0.0,1.0,1.0,5.0,5.0,0.0,1.0,1.5,1.0,,211,,0.06
522,Derek Anderson,CAR,QB,32.0,3,0,21.3,32.0,192.0,0.0,0.0,37.3,-10.7,-0.29,0.0,0.0,0.0,0.0,,0.0,5.3,1.2,1.2,,63,,0.33
523,Sean Mannion,STL,QB,23.0,1,0,96.0,112.0,496.0,0.0,0.0,0.0,0.0,,0.0,0.0,0.0,0.0,,0.0,16.0,1.2,1.2,,62,,1.0
524,Tarvaris Jackson,SEA,QB,32.0,4,0,16.0,24.0,148.0,0.0,0.0,32.0,-32.0,-1.0,0.0,0.0,0.0,0.0,,0.0,4.0,0.7,0.7,,64,,0.25
525,David Johnson,SDG,TE,28.0,16,4,0.0,0.0,0.0,0.0,0.0,2.0,4.0,2.0,0.0,2.0,1.0,4.0,4.0,0.0,-1.0,0.8,-0.7,,119,,-0.06
526,Corey Grant,JAX,RB,24.0,6,0,0.0,0.0,0.0,0.0,0.0,16.0,5.3,0.33,0.0,8.0,5.3,34.7,6.5,0.0,-2.7,2.5,0.5,,164,,-0.17
527,Chris Harper,NWE,WR,22.0,5,0,0.0,0.0,0.0,0.0,0.0,0.0,0.0,,0.0,9.6,3.2,19.2,6.0,0.0,-3.2,0.6,-0.9,,230,,-0.2
528,Drew Stanton,ARI,QB,31.0,7,0,25.1,57.1,237.7,0.0,4.6,29.7,-29.7,-1.0,0.0,0.0,0.0,0.0,,0.0,-2.3,0.9,0.9,,73,,-0.14
529,Isaiah Pead,STL,RB,26.0,2,0,0.0,0.0,0.0,0.0,0.0,16.0,24.0,1.5,0.0,0.0,0.0,0.0,,0.0,-16.0,-0.7,-1.7,,165,,-1.0
530,Marcus Murphy,NOR,RB,24.0,13,0,0.0,0.0,0.0,0.0,0.0,1.2,0.0,0.0,0.0,0.0,0.0,0.0,,0.0,-2.5,5.0,4.0,,166,,-0.15
531,Raheem Mostert,3TM,,23.0,11,0,0.0,0.0,0.0,0.0,0.0,0.0,0.0,,0.0,0.0,0.0,0.0,,0.0,-2.9,-1.0,-2.0,,167,,-0.18
532,Frankie Hammond,KAN,,25.0,10,0,0.0,0.0,0.0,0.0,0.0,0.0,0.0,,0.0,0.0,0.0,0.0,,0.0,-3.2,-1.0,-2.0,,231,,-0.2
533,Glenn Winston,CLE,RB,26.0,3,0,0.0,0.0,0.0,0.0,0.0,5.3,-42.7,-8.0,0.0,0.0,0.0,0.0,,0.0,-16.0,-1.8,-2.8,,168,,-1.0
534,Marcus Thigpen,2TM,WR,29.0,9,0,0.0,0.0,0.0,0.0,0.0,1.8,-1.8,-1.0,0.0,0.0,0.0,0.0,,0.0,-7.1,-2.1,-4.1,,232,,-0.44
535,Richie Brockel,CAR,,29.0,2,0,0.0,0.0,0.0,0.0,0.0,0.0,0.0,,0.0,0.0,0.0,0.0,,0.0,,,,,3,77.0,
536,Toben Opurum,NOR,,25.0,2,0,0.0,0.0,0.0,0.0,0.0,0.0,0.0,,0.0,0.0,0.0,0.0,,0.0,,,,,2,,
537,Nikita Whitlock,NYG,,24.0,14,5,0.0,0.0,0.0,0.0,0.0,0.0,0.0,,0.0,0.0,0.0,0.0,,0.0,,,,,1,,
538,C.J. Uzomah,CIN,TE,22.0,5,0,0.0,0.0,0.0,0.0,0.0,0.0,0.0,,0.0,3.2,3.2,12.8,4.0,0.0,,1.4,0.9,,99,,
539,Brian Leonhardt,SFO,TE,25.0,4,0,0.0,0.0,0.0,0.0,0.0,0.0,0.0,,0.0,4.0,4.0,16.0,4.0,0.0,,1.4,0.9,,98,,
540,Matthew Mulligan,BUF,TE,30.0,12,5,0.0,0.0,0.0,0.0,0.0,0.0,0.0,,0.0,1.3,1.3,2.7,2.0,0.0,,1.2,0.7,,100,,
541,MarQueis Gray,BUF,TE,26.0,4,0,0.0,0.0,0.0,0.0,0.0,0.0,0.0,,0.0,4.0,4.0,8.0,2.0,0.0,,1.2,0.7,,101,,
542,Asante Cleveland,NWE,TE,23.0,4,1,0.0,0.0,0.0,0.0,0.0,0.0,0.0,,0.0,4.0,4.0,4.0,1.0,0.0,,1.1,0.6,,102,,
543,Anthony McCoy,2TM,,28.0,8,3,0.0,0.0,0.0,0.0,0.0,0.0,0.0,,0.0,0.0,0.0,0.0,,0.0,,,,,116,,
544,Mike Leach,ARI,,39.0,16,0,0.0,0.0,0.0,0.0,0.0,0.0,0.0,,0.0,0.0,0.0,0.0,,0.0,,,,,115,,
545,Marcel Jensen,WAS,,25.0,1,0,0.0,0.0,0.0,0.0,0.0,0.0,0.0,,0.0,0.0,0.0,0.0,,0.0,,,,,111,,
546,Mickey Shuler,ATL,,29.0,1,0,0.0,0.0,0.0,0.0,0.0,0.0,0.0,,0.0,0.0,0.0,0.0,,0.0,,,,,109,,
547,Clark Harris,CIN,,31.0,16,0,0.0,0.0,0.0,0.0,0.0,0.0,0.0,,0.0,0.0,0.0,0.0,,0.0,,,,,105,,
548,Wes Saxton,NYJ,,22.0,1,0,0.0,0.0,0.0,0.0,0.0,0.0,0.0,,0.0,0.0,0.0,0.0,,0.0,,,,,106,,
549,Anthony Denham,HOU,,24.0,1,0,0.0,0.0,0.0,0.0,0.0,0.0,0.0,,0.0,0.0,0.0,0.0,,0.0,,,,,104,,
550,Brandon Williams,2TM,,28.0,6,0,0.0,0.0,0.0,0.0,0.0,0.0,0.0,,0.0,0.0,0.0,0.0,,0.0,,,,,113,,
